id,nombre,latitud,longitud,direccion,tipo_plaza,plaza_numero,plaza_longitud
PLAZ-BICI-65998,APARCABICIS_217,36.725663637634234,-4.4021306000177125,Carril de Castell,bicicleta,8,
PLAZ-BICI-66088,APARCABICIS_298,36.73118603764117,-4.421604000018227,Calle Eduardo Domínguez Ávila,bicicleta,10,
PLAZ-BICI-65996,APARCABICIS_186,36.719506037626466,-4.3593090000166566,Plaza Niño de las Moras,bicicleta,6,
PLAZ-BICI-66061,APARCABICIS_268,36.721509037629,-4.358914000016654,Calle Real,bicicleta,6,
PLAZ-BICI-65999,APARCABICIS_229,36.72120303762866,-4.362181000016733,Avenida de Juan Sebastián Elcano,bicicleta,6,
PLAZ-BICI-66123,APARCABICIS_325,36.729218337392126,-4.4137735782546565,Calle Fernando el Católico,bicicleta,4,
PLAZ-BICI-65974,APARCABICIS_051,36.72862003763808,-4.371040000016962,Calle Eucaliptus,bicicleta,4,
PLAZ-BICI-66005,APARCABICIS_233,36.749926037665055,-4.424559000018357,Avenida de Jacinto Benavente,bicicleta,4,
PLAZ-BICI-65885,APARCABICIS_338,36.7157982076216,-4.42277191001822,Calle Barroso,bicicleta,6,
PLAZ-BICI-78125,APARCABICIS_345,36.74951609539198,-4.416805414202457,Calle Alcalde Joaquín Quiles,bicicleta,6,
PLAZ-BICI-65988,APARCABICIS_206,36.71747503762376,-4.420364000018164,Plaza de la Marina,bicicleta,16,
PLAZ-BICI-66049,APARCABICIS_257,36.71355903761881,-4.414342000017987,Paseo de la Farola,bicicleta,10,
PLAZ-BICI-66019,APARCABICIS_203,36.72640803763508,-4.447960000018945,Calle Encarnación Fontiveros,bicicleta,8,
PLAZ-BICI-66037,APARCABICIS_216,36.700153037601666,-4.4358220000185336,Glorieta Antonio Molina,bicicleta,8,
PLAZ-BICI-66036,APARCABICIS_215,36.70028403760188,-4.435701000018523,Glorieta Antonio Molina,bicicleta,4,
PLAZ-BICI-65911,APARCABICIS_135,36.69995220842055,-4.435955286044537,Glorieta Antonio Molina,bicicleta,4,
PLAZ-BICI-66023,APARCABICIS_220,36.72360590762418,-4.4456498504959585,Calle la Argentinita,bicicleta,4,
PLAZ-BICI-65907,APARCABICIS_112,36.720345140337315,-4.435107707995867,Calle Honduras,bicicleta,4,
PLAZ-BICI-66041,APARCABICIS_221,36.71563803762134,-4.460662000019276,Calle Fiscal Luis Portero García,bicicleta,8,
PLAZ-BICI-66074,APARCABICIS_284,36.72357003763137,-4.468355000019529,Calle Miguel Carrera,bicicleta,8,
PLAZ-BICI-66021,APARCABICIS_213,36.72215003762969,-4.438764000018676,Calle Juan Fernández Súria,bicicleta,8,
PLAZ-BICI-66000,APARCABICIS_072,36.74632003766043,-4.416113000018128,Calle Lágrima,bicicleta,4,
PLAZ-BICI-65939,APARCABICIS_034,36.715339869142696,-4.434388875979829,Calle del Voluntariado Malagueño,bicicleta,10,
PLAZ-BICI-66085,APARCABICIS_295,36.721972037629456,-4.434362000018547,Calle Diego de Vergara,bicicleta,6,
PLAZ-BICI-65920,APARCABICIS_038,36.72917452072093,-4.418459236640003,Plaza del Maestro Artola,bicicleta,8,
PLAZ-BICI-65954,APARCABICIS_131,36.69303578894998,-4.445101618785563,Calle Luis Barahona de Soto,bicicleta,12,
PLAZ-BICI-65924,APARCABICIS_160,36.718053248214346,-4.429265856761262,Calle Armengual de la Mota,bicicleta,8,
PLAZ-BICI-66092,APARCABICIS_302,36.71806203762447,-4.4291720000183945,Calle Armengual de la Mota,bicicleta,8,
PLAZ-BICI-65976,APARCABICIS_174,36.72867203763802,-4.424337000018298,Calle Duque de Rivas,bicicleta,4,
PLAZ-BICI-65876,APARCABICIS_328,36.72309383763085,-4.433017840018513,Calle Cataluña,bicicleta,4,
PLAZ-BICI-65975,APARCABICIS_163,36.718508037625085,-4.422108000018209,Calle Antonio Baena Gómez,bicicleta,20,
PLAZ-BICI-65967,APARCABICIS_092,36.724662037632825,-4.4391330000186855,Calle Félix Corrales,bicicleta,6,
PLAZ-BICI-66008,APARCABICIS_185,36.724742037633014,-4.431579000018476,Calle Calzada de la Trinidad,bicicleta,6,
PLAZ-BICI-65929,APARCABICIS_064,36.71669442059572,-4.3476408720180375,Calle Playa del Chanquete,bicicleta,8,
PLAZ-BICI-66020,APARCABICIS_212,36.726501037635174,-4.438784000018688,Calle Morales Villarrubia,bicicleta,6,
PLAZ-BICI-74268,APARCABICIS_889,36.7135056521214,-4.428341883089292,Calle Cuarteles,bicicleta,4,
PLAZ-BICI-65986,APARCABICIS_200,36.7122850376171,-4.429621000018399,Calle Cuarteles,bicicleta,10,
PLAZ-BICI-65953,APARCABICIS_130,36.691199048130585,-4.446769952792857,Calle Luis Barahona de Soto,bicicleta,8,
PLAZ-BICI-65949,APARCABICIS_125,36.69054103758937,-4.446625000018809,Avenida de los Guindos,bicicleta,8,
PLAZ-BICI-65985,APARCABICIS_199,36.72639403763515,-4.420206000018176,Calle Refino,bicicleta,8,
PLAZ-BICI-65951,APARCABICIS_128,36.69895865658434,-4.453040957469881,Calle Conejito de Málaga,bicicleta,10,
PLAZ-BICI-66103,APARCABICIS_240,36.742456037655536,-4.423381000018305,Avenida de Santiago Ramón y Cajal,bicicleta,6,
PLAZ-BICI-66068,APARCABICIS_275,36.71479803762033,-4.429331000018393,Calle Malpica,bicicleta,8,
PLAZ-BICI-66063,APARCABICIS_270,36.7179400376243,-4.440451000018707,Calle Palestina,bicicleta,8,
PLAZ-BICI-66053,APARCABICIS_263,36.73874403765078,-4.423583000018303,Avenida de Santiago Ramón y Cajal,bicicleta,8,
PLAZ-BICI-66009,APARCABICIS_188,36.71849312012764,-4.3507613636438425,Calle Playa Virginia,bicicleta,8,
PLAZ-BICI-66102,APARCABICIS_239,36.73996703765242,-4.4237600000183095,Avenida de Santiago Ramón y Cajal,bicicleta,12,
PLAZ-BICI-78124,APARCABICIS_344,36.74008030449639,-4.423753120770425,Avenida de Santiago Ramón y Cajal,bicicleta,12,
PLAZ-BICI-66104,APARCABICIS_309,36.73944703765167,-4.423867000018308,Avenida de Santiago Ramón y Cajal,bicicleta,6,
PLAZ-BICI-65905,APARCABICIS_148,36.66783376992723,-4.501124918481237,Calle de la Vega,bicicleta,8,
PLAZ-BICI-66007,APARCABICIS_237,36.74571703765968,-4.422896000018304,Avenida de Santiago Ramón y Cajal,bicicleta,6,
PLAZ-BICI-66066,APARCABICIS_272,36.719497037626454,-4.358220000016638,Calle Dánvila y Collado,bicicleta,8,
PLAZ-BICI-66006,APARCABICIS_234,36.743404037656745,-4.423230000018304,Avenida de Santiago Ramón y Cajal,bicicleta,6,
PLAZ-BICI-65973,APARCABICIS_047,36.718996037625786,-4.366689000016828,Paseo Marítimo el Pedregal,bicicleta,8,
PLAZ-BICI-65994,APARCABICIS_165,36.71930603762626,-4.355027000016565,Calle Practicante Fernández Alcolea,bicicleta,8,
PLAZ-BICI-65901,APARCABICIS_059,36.71937765200322,-4.355864524857887,Calle Practicante Fernández Alcolea,bicicleta,4,
PLAZ-BICI-80630,APARCABICIS_892,36.71611156259437,-4.441122042889125,Avenida de Andalucía,bicicleta,4,
PLAZ-BICI-65995,APARCABICIS_176,36.72000703762719,-4.359082000016657,Calle Mar,bicicleta,4,
PLAZ-BICI-65919,APARCABICIS_032,36.723355026113055,-4.421117305773816,Plaza del Teatro,bicicleta,10,
PLAZ-BICI-65972,APARCABICIS_045,36.72215003762989,-4.347615000016403,Carretera de Olías,bicicleta,8,
PLAZ-BICI-65926,APARCABICIS_054,36.72188019682102,-4.353402256982169,Calle Idumea,bicicleta,4,
PLAZ-BICI-66040,APARCABICIS_204,36.73233003764224,-4.571261000023073,Calle del Romero,bicicleta,8,
PLAZ-BICI-66001,APARCABICIS_080,36.749912037665,-4.423872000018338,Glorieta José Gaspar Anaya Muñoz,bicicleta,4,
PLAZ-BICI-65971,APARCABICIS_044,36.72346403763147,-4.383776000017255,Camino de la Desviación,bicicleta,6,
PLAZ-BICI-65878,APARCABICIS_330,36.76438611768327,-4.444272370018947,Camino del Corcel,bicicleta,5,
PLAZ-BICI-65970,APARCABICIS_037,36.72797303763713,-4.41942100001816,Plaza Ejido,bicicleta,8,
PLAZ-BICI-65942,APARCABICIS_104,36.72137711446207,-4.448840618152499,Avenida de Santa Rosa de Lima,bicicleta,4,
PLAZ-BICI-78128,APARCABICIS_348,36.719275316234146,-4.453477070799514,Calle Cómpeta,bicicleta,8,
PLAZ-BICI-66050,APARCABICIS_256,36.711259037615854,-4.427311000018328,Calle Canales,bicicleta,8,
PLAZ-BICI-65950,APARCABICIS_126,36.699724251775095,-4.448545575160794,Calle Niño del Museo,bicicleta,8,
PLAZ-BICI-66076,APARCABICIS_278,36.696106037596415,-4.453104000019007,Plaza de la Luz,bicicleta,6,
PLAZ-BICI-65937,APARCABICIS_015,36.712213559224516,-4.431202411670045,Calle Explanada de la Estación,bicicleta,12,
PLAZ-BICI-79054,APARCABICIS_890,36.700793101748474,-4.4624441724646235,Calle Paquiro,bicicleta,10,
PLAZ-BICI-66065,APARCABICIS_273,36.729533037639065,-4.436457000018625,Calle José Canalejas,bicicleta,8,
PLAZ-BICI-66119,APARCABICIS_321,36.729999699194934,-4.436900594793945,Calle Moreno Nieto,bicicleta,8,
PLAZ-BICI-65969,APARCABICIS_173,36.66571243126755,-4.501755237599754,Calle Árbol Blanco,bicicleta,8,
PLAZ-BICI-66078,APARCABICIS_280,36.70034703760186,-4.448898000018899,Calle Niño del Museo,bicicleta,8,
PLAZ-BICI-65891,APARCABICIS_010,36.72019894288173,-4.4145512581051785,Calle Roma,bicicleta,10,
PLAZ-BICI-66084,APARCABICIS_294,36.72591703763451,-4.422965000018255,Calle Ollerías,bicicleta,8,
PLAZ-BICI-66054,APARCABICIS_261,36.744306037657864,-4.417693000018164,Calle las Moreras,bicicleta,6,
PLAZ-BICI-66015,APARCABICIS_056,36.72099603762842,-4.356082000016589,Calle Martínez Falero,bicicleta,4,
PLAZ-BICI-65900,APARCABICIS_022,36.723419522374556,-4.427141547221421,Calle Malasaña,bicicleta,4,
PLAZ-BICI-66090,APARCABICIS_301,36.72982703763957,-4.4112880000179535,Calle Amargura,bicicleta,8,
PLAZ-BICI-66080,APARCABICIS_282,36.723042037630535,-4.536638000021752,Calle Cristobalina Fernández,bicicleta,8,
PLAZ-BICI-65889,APARCABICIS_341,36.704329337607014,-4.43578147001854,Calle Tomás Echeverría,bicicleta,8,
PLAZ-BICI-66097,APARCABICIS_307,36.71125603761578,-4.440430000018685,Calle Santa Marta,bicicleta,8,
PLAZ-BICI-66096,APARCABICIS_306,36.71033403761456,-4.454707000019091,Calle de Cristóbal de Villalón,bicicleta,6,
PLAZ-BICI-66059,APARCABICIS_267,36.69913203760027,-4.46713100001942,Calle Paquiro,bicicleta,8,
PLAZ-BICI-65894,APARCABICIS_136,36.70377506760628,-4.434651690018505,Calle Tomás Echeverría,bicicleta,8,
PLAZ-BICI-66024,APARCABICIS_110,36.71416003761953,-4.442642000018755,Calle Conde de Guadalhorce,bicicleta,8,
PLAZ-BICI-66012,APARCABICIS_168,36.72078603762783,-4.477697000019799,Calle de Teseo,bicicleta,14,
PLAZ-BICI-65898,APARCABICIS_121,36.68253903757918,-4.458033000019103,Avenida Alicia de Larrocha,bicicleta,8,
PLAZ-BICI-66087,APARCABICIS_297,36.72556603763403,-4.4425850000187825,Calle Sondalezas,bicicleta,10,
PLAZ-BICI-66060,APARCABICIS_266,36.69957403760085,-4.4646770000193445,Calle Paquiro,bicicleta,8,
PLAZ-BICI-66071,APARCABICIS_287,36.73722203764877,-4.481441000019965,Calle Víctor Hugo,bicicleta,6,
PLAZ-BICI-65880,APARCABICIS_332,36.718057197624546,-4.42155954001819,Alameda Principal,bicicleta,5,
PLAZ-BICI-65879,APARCABICIS_331,36.71805786762454,-4.4215035700181975,Alameda Principal,bicicleta,5,
PLAZ-BICI-66042,APARCABICIS_241,36.71708803762315,-4.457246000019183,Calle de Saint-exupéry,bicicleta,12,
PLAZ-BICI-79687,APARCABICIS_891,36.714520216939114,-4.448242398240892,Plaza de Manuel Azaña,bicicleta,10,
PLAZ-BICI-80754,APARCABICIS_893,36.714619754750835,-4.4489138661744265,Plaza de Manuel Azaña,bicicleta,10,
PLAZ-BICI-65945,APARCABICIS_107,36.71461743193542,-4.448250532169187,Plaza de Manuel Azaña,bicicleta,8,
PLAZ-BICI-66056,APARCABICIS_262,36.722231037629754,-4.441369000018743,Pasaje Sondalezas,bicicleta,10,
PLAZ-BICI-78126,APARCABICIS_346,36.70381885757548,-4.4403367848264335,Calle Carpio,bicicleta,8,
PLAZ-BICI-66069,APARCABICIS_276,36.71091603761535,-4.435386000018548,Calle Poeta Muñoz Rojas,bicicleta,8,
PLAZ-BICI-66095,APARCABICIS_305,36.72689203763576,-4.4191740000181525,Plazuela Cristo de la Crucifixión,bicicleta,6,
PLAZ-BICI-74290,APARCABICIS_1876,36.69831447722425,-4.439917169552852,Calle Concejal Muñoz Cerván,bicicleta,8,
PLAZ-BICI-66099,APARCABICIS_314,36.72227803762984,-4.440725000018728,Pasaje Sondalezas,bicicleta,10,
PLAZ-BICI-65881,APARCABICIS_333,36.71684452762295,-4.424974550018284,Alameda Principal,bicicleta,5,
PLAZ-BICI-66048,APARCABICIS_255,36.742261037655126,-4.496755000020465,Calle Zarzamora,bicicleta,6,
PLAZ-BICI-78859,APARCABICIS_349,36.719889069179715,-4.410448739260049,Calle Maestranza,bicicleta,10,
PLAZ-BICI-66108,APARCABICIS_245,36.71816103762464,-4.433362000018514,Plaza de San Juan de la Cruz,bicicleta,8,
PLAZ-BICI-65992,APARCABICIS_230,36.726809037635626,-4.423449000018263,Calle Cruz del Molinillo,bicicleta,8,
PLAZ-BICI-66116,APARCABICIS_317,36.668896846003285,-4.5130192992041085,Calle Decano Eduardo Palanca,bicicleta,8,
PLAZ-BICI-65955,APARCABICIS_133,36.68043150939093,-4.454956054706517,Calle Marilyn Monroe,bicicleta,12,
PLAZ-BICI-66057,APARCABICIS_254,36.72090103762816,-4.408363000017858,Paseo de Reding,bicicleta,8,
PLAZ-BICI-65925,APARCABICIS_043,36.72061173498125,-4.361416697518849,Avenida de la Estación de el Palo,bicicleta,6,
PLAZ-BICI-65936,APARCABICIS_083,36.72957651606977,-4.433611035365542,Avenida del Arroyo de los Ángeles,bicicleta,6,
PLAZ-BICI-66058,APARCABICIS_265,36.72063103762792,-4.356129000016592,Calle Almería,bicicleta,8,
PLAZ-BICI-65883,APARCABICIS_550,36.73519209764628,-4.424641680018319,Avenida de Jorge Silvela,bicicleta,3,
PLAZ-BICI-66086,APARCABICIS_296,36.72647203763518,-4.415330000018048,Calle San Cayetano,bicicleta,12,
PLAZ-BICI-66109,APARCABICIS_127,36.69796603759887,-4.4390880000186135,Calle Concejal Muñoz Cerván,bicicleta,32,
PLAZ-BICI-65961,APARCABICIS_146,36.67331541688607,-4.506781697293836,Camino Huertecilla,bicicleta,12,
PLAZ-BICI-78127,APARCABICIS_347,36.70170657726697,-4.454700904635556,Bulevar Adolfo Suárez,bicicleta,8,
PLAZ-BICI-66091,APARCABICIS_300,36.70640203760932,-4.544685000021993,Calle Portales de la Victoria,bicicleta,6,
PLAZ-BICI-65964,APARCABICIS_157,36.72676035465196,-4.47455227377003,Calle Rosa García Ascot,bicicleta,16,
PLAZ-BICI-65886,APARCABICIS_337,36.68208422757854,-4.452737080018956,Avenida Imperio Argentina,bicicleta,5,
PLAZ-BICI-65934,APARCABICIS_090,36.72215403762965,-4.439821000018706,Calle Doctor Escassi,bicicleta,6,
PLAZ-BICI-66110,APARCABICIS_246,36.70376503760631,-4.432983000018461,Paseo de Antonio Machado,bicicleta,8,
PLAZ-BICI-65931,APARCABICIS_082,36.7293400484724,-4.433712959308103,Avenida del Arroyo de los Ángeles,bicicleta,4,
PLAZ-BICI-65930,APARCABICIS_081,36.728462962297044,-4.431390166301138,Avenida del Arroyo de los Ángeles,bicicleta,8,
PLAZ-BICI-65892,APARCABICIS_013,36.714464037619955,-4.425772000018295,Avenida del Comandante Benítez,bicicleta,10,
PLAZ-BICI-65914,APARCABICIS_014,36.727814037636875,-4.417969000018122,Calle Ejido,bicicleta,8,
PLAZ-BICI-66083,APARCABICIS_293,36.701498037603415,-4.437662000018582,Calle Guadalete,bicicleta,6,
PLAZ-BICI-66079,APARCABICIS_281,36.69529103759545,-4.456443000019103,Avenida de Isaac Peral,bicicleta,8,
PLAZ-BICI-65874,APARCABICIS_326,36.71355803761877,-4.423917390018241,Avenida de Manuel Agustín Heredia,bicicleta,5,
PLAZ-BICI-66055,APARCABICIS_264,36.72871003763799,-4.437486000018649,Calle Marqués de Ovieco,bicicleta,8,
PLAZ-BICI-65981,APARCABICIS_194,36.72552503763398,-4.420527000018179,Plaza de Montaño,bicicleta,8,
PLAZ-BICI-66010,APARCABICIS_190,36.72070003762804,-4.3609390000167005,Calle Alonso Carrillo de Albornoz,bicicleta,8,
PLAZ-BICI-65928,APARCABICIS_055,36.72515230165852,-4.370616674440163,Calle Manuel de Palacio,bicicleta,6,
PLAZ-BICI-65997,APARCABICIS_201,36.72152103762904,-4.364537000016786,Calle Escultor Marín Higuero,bicicleta,8,
PLAZ-BICI-65935,APARCABICIS_091,36.725096406162635,-4.439136385936351,Calle José María Coopello,bicicleta,6,
PLAZ-BICI-66035,APARCABICIS_211,36.705867037608954,-4.435344000018533,Plaza de Murillo Carrera,bicicleta,10,
PLAZ-BICI-66064,APARCABICIS_271,36.71150903761611,-4.452611000019036,Calle Corregidor Pedro Zapata,bicicleta,8,
PLAZ-BICI-65923,APARCABICIS_142,36.70992572500567,-4.427506327647424,Paseo de Antonio Machado,bicicleta,20,
PLAZ-BICI-66033,APARCABICIS_195,36.70827303761207,-4.429167000018374,Paseo de Antonio Machado,bicicleta,8,
PLAZ-BICI-66026,APARCABICIS_205,36.713684037618926,-4.447904000018907,Calle Corregidor Francisco de Molina,bicicleta,10,
PLAZ-BICI-65912,APARCABICIS_004,36.7158480376217,-4.424977000018284,Alameda de Colón,bicicleta,10,
PLAZ-BICI-66122,APARCABICIS_247,36.71175103761642,-4.430753000018421,Calle Héroe de Sostoa,bicicleta,34,
PLAZ-BICI-66107,APARCABICIS_244,36.72254803763015,-4.450333000018999,Calle Pedro Espinosa,bicicleta,4,
PLAZ-BICI-65933,APARCABICIS_089,36.73164020237252,-4.436985254306371,Avenida del Arroyo de los Ángeles,bicicleta,6,
PLAZ-BICI-65932,APARCABICIS_087,36.729748492046824,-4.434227943438978,Avenida del Arroyo de los Ángeles,bicicleta,6,
PLAZ-BICI-66111,APARCABICIS_277,36.6944490375944,-4.445712000018788,Calle Francisco Jiménez Lomas,bicicleta,8,
PLAZ-BICI-66011,APARCABICIS_166,36.70294403760514,-4.444828000018786,Avenida de Europa,bicicleta,12,
PLAZ-BICI-65947,APARCABICIS_115,36.71844455171031,-4.4432562589833235,Calle Virgen de Flores,bicicleta,6,
PLAZ-BICI-66043,APARCABICIS_253,36.719450037626444,-4.3596770000166645,Avenida de Salvador Allende,bicicleta,6,
PLAZ-BICI-65875,APARCABICIS_327,36.73175965742507,-4.430608865810765,Calle Poeta Bernardo de la Torre,bicicleta,4,
PLAZ-BICI-65943,APARCABICIS_105,36.71985924771931,-4.438734054584095,Calle Ingeniero de la Torre Acosta,bicicleta,4,
PLAZ-BICI-65987,APARCABICIS_202,36.72347203763136,-4.425332000018312,Calle San Rafael,bicicleta,8,
PLAZ-BICI-66094,APARCABICIS_304,36.71706103762327,-4.427958000018358,Calle Nazareno del Paso,bicicleta,12,
PLAZ-BICI-66082,APARCABICIS_292,36.662338037553205,-4.503760000020458,Calle Maestro Usandizaga,bicicleta,6,
PLAZ-BICI-65893,APARCABICIS_002,36.71675892244996,-4.437704086322339,Calle Escultor Palma Burgos,bicicleta,8,
PLAZ-BICI-65960,APARCABICIS_145,36.66917625018559,-4.460309743900358,Calle Wilkinson,bicicleta,8,
PLAZ-BICI-65968,APARCABICIS_119,36.720469037627545,-4.443112000018785,Calle Virgen de Flores,bicicleta,6,
PLAZ-BICI-79859,APARCABICIS_3044,36.7164286671827,-4.42880759051091,Plaza de Enrique Navarro,bicicleta,3,
PLAZ-BICI-65890,APARCABICIS_342,36.70924383761326,-4.44308280001875,Calle la Unión,bicicleta,8,
PLAZ-BICI-65956,APARCABICIS_137,36.695547794345906,-4.460663795490407,Avenida de Europa,bicicleta,8,
PLAZ-BICI-65882,APARCABICIS_336,36.714914327620406,-4.4533998800190595,Calle Corregidor Nicolás Isidro,bicicleta,5,
PLAZ-BICI-65906,APARCABICIS_140,36.686394037584066,-4.455305000019037,Calle Villanueva de Algaidas,bicicleta,10,
PLAZ-BICI-65983,APARCABICIS_197,36.7281060376373,-4.411973000017967,Calle Hurtado de Mendoza,bicicleta,6,
PLAZ-BICI-65944,APARCABICIS_106,36.71836715117691,-4.437114000339058,Calle Ingeniero de la Torre Acosta,bicicleta,4,
PLAZ-BICI-66013,APARCABICIS_170,36.72272803763027,-4.486795000020085,Calle Alicia Alonso,bicicleta,6,
PLAZ-BICI-65940,APARCABICIS_096,36.72098152601971,-4.439570903796766,Calle Ingeniero de la Torre Acosta,bicicleta,4,
PLAZ-BICI-65991,APARCABICIS_222,36.72135903762867,-4.430954000018454,Calle Peso de la Harina,bicicleta,8,
PLAZ-BICI-66120,APARCABICIS_322,36.71870003762538,-4.410000000017894,Calle Cervantes,bicicleta,10,
PLAZ-BICI-65984,APARCABICIS_198,36.71493585762052,-4.422520880018212,Calle Tomás Heredia,bicicleta,6,
PLAZ-BICI-66002,APARCABICIS_169,36.75017903766538,-4.415095000018112,Calle del Marqués de Mantua,bicicleta,4,
PLAZ-BICI-74269,APARCABICIS_590,36.72765513623721,-4.429234077497017,Calle Alonso Cano,bicicleta,3,
PLAZ-BICI-66052,APARCABICIS_260,36.71975303762667,-4.416167000018057,Avenida de Cervantes,bicicleta,8,
PLAZ-BICI-65979,APARCABICIS_191,36.720041037627006,-4.414844000018018,Avenida de Cervantes,bicicleta,8,
PLAZ-BICI-65899,APARCABICIS_035,36.71773003762413,-4.410763000017904,Paseo Marítimo Ciudad de Melilla,bicicleta,6,
PLAZ-BICI-65990,APARCABICIS_210,36.724565037632814,-4.42553300001832,Avenida de la Rosaleda,bicicleta,8,
PLAZ-BICI-66067,APARCABICIS_274,36.73928603765152,-4.428037000018428,Calle Doctor Gálvez Moll,bicicleta,6,
PLAZ-BICI-66101,APARCABICIS_258,36.721639037629124,-4.377829000017101,Calle Bolivia,bicicleta,8,
PLAZ-BICI-66014,APARCABICIS_235,36.724005037632026,-4.43160500001848,Plaza Bailén,bicicleta,4,
PLAZ-BICI-65887,APARCABICIS_339,36.722412877630035,-4.424416780018279,Calle Carretería,bicicleta,12,
PLAZ-BICI-65903,APARCABICIS_111,36.7135963816129,-4.440922737140287,Calle Fernández Fermina,bicicleta,4,
PLAZ-BICI-66031,APARCABICIS_236,36.718474613496674,-4.435150654045437,Calle Compositor Lehmberg Ruiz,bicicleta,8,
PLAZ-BICI-65909,APARCABICIS_114,36.70716861671212,-4.464783668537449,Calle Max Estrella,bicicleta,10,
PLAZ-BICI-66081,APARCABICIS_289,36.7235170376313,-4.465126000019433,Calle del Doctor Miguel Díaz Recio,bicicleta,6,
PLAZ-BICI-66028,APARCABICIS_224,36.72141003762871,-4.438559000018667,Calle Martínez Maldonado,bicicleta,4,
PLAZ-BICI-65908,APARCABICIS_159,36.72132551608518,-4.437028169650586,Calle Martínez Maldonado,bicicleta,4,
PLAZ-BICI-66114,APARCABICIS_290,36.72542403763372,-4.468084000019522,Calle Manuel Rivadeneyra,bicicleta,8,
PLAZ-BICI-65888,APARCABICIS_340,36.72369572763168,-4.42267125001824,Calle Carretería,bicicleta,12,
PLAZ-BICI-66029,APARCABICIS_225,36.72142103762872,-4.43549300001858,Calle Martínez Maldonado,bicicleta,8,
PLAZ-BICI-65913,APARCABICIS_009,36.71998603762696,-4.426427000018324,Calle Cerrojo,bicicleta,10,
PLAZ-BICI-65957,APARCABICIS_138,36.68377851270053,-4.4545269012641295,Calle Concha Lagos,bicicleta,12,
PLAZ-BICI-66072,APARCABICIS_286,36.73337403764384,-4.483426000020009,Calle Ruiseñores,bicicleta,6,
PLAZ-BICI-66030,APARCABICIS_226,36.721411037628734,-4.435000000018562,Calle Martínez Maldonado,bicicleta,4,
PLAZ-BICI-65982,APARCABICIS_196,36.72340403763131,-4.4189630000181435,Calle Álamos,bicicleta,8,
PLAZ-BICI-65980,APARCABICIS_192,36.71696103762309,-4.423492000018248,Calle Tomás Heredia,bicicleta,8,
PLAZ-BICI-65896,APARCABICIS_139,36.6874006837944,-4.450106620807469,Calle Nuestra Señora de las Candelas,bicicleta,8,
PLAZ-BICI-66106,APARCABICIS_243,36.718511037625035,-4.432875000018495,Calle Huéscar,bicicleta,8,
PLAZ-BICI-66027,APARCABICIS_218,36.715067037620656,-4.439794000018686,Avenida de la Aurora,bicicleta,10,
PLAZ-BICI-65884,APARCABICIS_334,36.6619229675527,-4.5033107200204405,Calle Maestro Tomás Bretón,bicicleta,10,
PLAZ-BICI-66047,APARCABICIS_250,36.72003503762697,-4.4241980000182695,Plaza Enrique García-herrera,bicicleta,10,
PLAZ-BICI-66046,APARCABICIS_249,36.71951603762638,-4.42443500001827,Plaza Enrique García-herrera,bicicleta,10,
PLAZ-BICI-66045,APARCABICIS_251,36.71951803762638,-4.424826000018283,Plaza Enrique García-herrera,bicicleta,10,
PLAZ-BICI-65977,APARCABICIS_162,36.717868345868816,-4.464547634144158,Bulevar Louis Pasteur,bicicleta,4,
PLAZ-BICI-66025,APARCABICIS_179,36.71481703762029,-4.441189000018721,Avenida de la Aurora,bicicleta,10,
PLAZ-BICI-66089,APARCABICIS_299,36.66939903756233,-4.4615380000191704,Calle Conde Lucanor,bicicleta,10,
PLAZ-BICI-66075,APARCABICIS_285,36.73821603764995,-4.482346000019994,Calle Escritora Matilde del Nido,bicicleta,8,
PLAZ-BICI-65904,APARCABICIS_144,36.66398691795782,-4.4564259052466655,Calle Acacias de Guadalmar,bicicleta,8,
PLAZ-BICI-66073,APARCABICIS_283,36.73226203764211,-4.567985000022945,Calle Pilar,bicicleta,6,
PLAZ-BICI-66039,APARCABICIS_189,36.727817037636605,-4.545418000022081,Calle Ignacio Sánchez Mejías,bicicleta,10,
PLAZ-BICI-66121,APARCABICIS_323,36.69165317759074,-4.4545400800190365,Avenida de Gregorio Diego,bicicleta,4,
PLAZ-BICI-66077,APARCABICIS_279,36.690481037589336,-4.445262000018767,Avenida de Sor Teresa Prat,bicicleta,6,
PLAZ-BICI-65941,APARCABICIS_101,36.71719323352624,-4.437650442142032,Calle Manuel España Lobo,bicicleta,8,
PLAZ-BICI-66113,APARCABICIS_311,36.689079037587504,-4.449998000018898,Avenida de Gregorio Diego,bicicleta,8,
PLAZ-BICI-65938,APARCABICIS_025,36.71409280065805,-4.434775114077987,Calle Mauricio Moro Pareto,bicicleta,6,
PLAZ-BICI-66117,APARCABICIS_319,36.69345003759308,-4.449040000018885,Calle Realenga de San Luis,bicicleta,8,
PLAZ-BICI-65902,APARCABICIS_147,36.66380618863979,-4.504952430745602,Calle Torremolinos,bicicleta,8,
PLAZ-BICI-66100,APARCABICIS_313,36.7158040376215,-4.461793000019308,Calle Pirandello,bicicleta,8,
PLAZ-BICI-65948,APARCABICIS_120,36.711650207872076,-4.441748857516899,Camino de San Rafael,bicicleta,4,
PLAZ-BICI-66017,APARCABICIS_097,36.7337920376445,-4.4275890000183935,Avenida de la Palmilla,bicicleta,8,
PLAZ-BICI-74288,APARCABICIS_2119,36.75154711852285,-4.433208569705133,Camino de las Erizas,bicicleta,5,
PLAZ-BICI-65922,APARCABICIS_063,36.72158603762901,-4.404055000017744,Paseo de Sancha,bicicleta,10,
PLAZ-BICI-66016,APARCABICIS_231,36.74859203766335,-4.423713000018338,Calle Hermanos Álvarez Quintero,bicicleta,6,
PLAZ-BICI-66003,APARCABICIS_219,36.73948193765176,-4.426076100018379,Avenida de la Palmilla,bicicleta,6,
PLAZ-BICI-65962,APARCABICIS_149,36.669675371488786,-4.503053426763001,Plaza de la Inmaculada,bicicleta,4,
PLAZ-BICI-66034,APARCABICIS_207,36.69974503760116,-4.439582000018637,Avenida de Sor Teresa Prat,bicicleta,16,
PLAZ-BICI-66032,APARCABICIS_187,36.701845037603825,-4.4391200000186295,Avenida de Sor Teresa Prat,bicicleta,10,
PLAZ-BICI-66038,APARCABICIS_223,36.69717703759783,-4.441744000018688,Avenida de Sor Teresa Prat,bicicleta,4,
PLAZ-BICI-65895,APARCABICIS_124,36.69683603759746,-4.44169600001868,Avenida de Sor Teresa Prat,bicicleta,8,
PLAZ-MOTO-65780,APARCAMOTOS_325,36.73373063764447,-4.415677830018084,Camino Colmenar,moto,,8.5
PLAZ-MOTO-65623,APARCAMOTOS_033,36.731155037641145,-4.421669000018234,Calle Eduardo Domínguez Ávila,moto,,20
PLAZ-MOTO-65841,APARCAMOTOS_030,36.732542037642936,-4.4155510000180715,Calle Cristo de la Epidemia,moto,,6
PLAZ-MOTO-75533,APARCAMOTOS_307,36.722144943180034,-4.43876244986269,Calle Juan Fernández Súria,moto,,10
PLAZ-MOTO-65795,APARCAMOTOS_274,36.72047503762772,-4.356448000016599,Calle Padre Coloma,moto,,20
PLAZ-MOTO-65761,APARCAMOTOS_299,36.732870397643396,-4.419032910018168,Calle Doña,moto,,10
PLAZ-MOTO-65786,APARCAMOTOS_255,36.7154270376212,-4.423323000018228,Calle Martínez Campos,moto,,12
PLAZ-MOTO-65729,APARCAMOTOS_228,36.724667037632905,-4.417518000018105,Calle Frailes,moto,,10
PLAZ-MOTO-65625,APARCAMOTOS_064,36.728173037637454,-4.411833000017966,Plaza Francisco Silvela,moto,,6
PLAZ-MOTO-65684,APARCAMOTOS_159,36.75081503766614,-4.424431000018363,Avenida de Jacinto Benavente,moto,,20
PLAZ-MOTO-65842,APARCAMOTOS_087,36.720143043781,-4.412138611096215,Plaza del General Torrijos,moto,,78
PLAZ-MOTO-78115,APARCAMOTOS_356,36.75282238001731,-4.4255540640492494,Avenida de Jacinto Benavente,moto,,10
PLAZ-MOTO-81102,APARCAMOTOS_391,36.710447258563796,-4.456171650036373,Calle Arenisca,moto,,15
PLAZ-MOTO-65773,APARCAMOTOS_296,36.70999353761421,-4.442212370018729,Calle Almanzor,moto,,12
PLAZ-MOTO-65836,APARCAMOTOS_119,36.72012392668964,-4.471755198228931,Avenida de José Ribera,moto,,13
PLAZ-MOTO-65846,APARCAMOTOS_117,36.72673503763516,-4.551011000022279,Calle Fausto,moto,,15
PLAZ-MOTO-65707,APARCAMOTOS_183,36.716302037622185,-4.460441000019269,Calle Fiscal Luis Portero García,moto,,22
PLAZ-MOTO-65849,APARCAMOTOS_120,36.71440886993035,-4.462521225233331,Calle Fiscal Luis Portero García,moto,,19
PLAZ-MOTO-65848,APARCAMOTOS_122,36.7147459015485,-4.4615482539131515,Calle Fiscal Luis Portero García,moto,,33
PLAZ-MOTO-65618,APARCAMOTOS_036,36.71867514033708,-4.431691914815292,Calle Esperanto,moto,,13
PLAZ-MOTO-65774,APARCAMOTOS_314,36.7091656776132,-4.432389670018456,Calle Ayala,moto,,6
PLAZ-MOTO-65771,APARCAMOTOS_310,36.743974707657415,-4.426652120018403,Avenida de Jane Bowles,moto,,22
PLAZ-MOTO-65859,APARCAMOTOS_061,36.72926603763878,-4.418339000018136,Plaza del Maestro Artola,moto,,11
PLAZ-MOTO-65863,APARCAMOTOS_015,36.72683003763564,-4.427877000018385,Avenida del Doctor Gálvez Ginachero,moto,,25
PLAZ-MOTO-65603,APARCAMOTOS_212,36.70979703761391,-4.441559000018714,Calle Gregorio de Frías,moto,,8
PLAZ-MOTO-65615,APARCAMOTOS_006,36.71506903762073,-4.424567000018266,Calle Martínez Campos,moto,,13
PLAZ-MOTO-80808,APARCAMOTOS_390,36.718138314254524,-4.428781297725484,Calle Don Cristián,moto,,12
PLAZ-MOTO-65594,APARCAMOTOS_203,36.72612803763476,-4.430104000018446,Calle la Regente,moto,,15
PLAZ-MOTO-78117,APARCAMOTOS_359,36.745761559720464,-4.420910050931233,Calle Jerez Perchet,moto,,10
PLAZ-MOTO-65814,APARCAMOTOS_049,36.7134460376186,-4.428633000018367,Calle Cuarteles,moto,,13
PLAZ-MOTO-65790,APARCAMOTOS_320,36.695232967595324,-4.455178390019062,Avenida de Bonaire,moto,,10
PLAZ-MOTO-65730,APARCAMOTOS_230,36.718247037624714,-4.428448000018376,Calle Calvo,moto,,36
PLAZ-MOTO-65797,APARCAMOTOS_271,36.68685803758463,-4.449524000018868,Calle Líbar,moto,,5
PLAZ-MOTO-65619,APARCAMOTOS_020,36.71881435318223,-4.429491162318514,Calle Don Cristián,moto,,19
PLAZ-MOTO-65608,APARCAMOTOS_022,36.72140703762872,-4.4290990000184,Calle Armengual de la Mota,moto,,22
PLAZ-MOTO-80147,APARCAMOTOS_386,36.696420053836675,-4.445735507605929,Calle Eduardo de Palacio,moto,,12
PLAZ-MOTO-65701,APARCAMOTOS_177,36.71611303762202,-4.4224590000182085,Calle Blasco de Garay,moto,,30
PLAZ-MOTO-65812,APARCAMOTOS_295,36.71119903761572,-4.436446700018573,Pasaje Eguiluz,moto,,16
PLAZ-MOTO-65815,APARCAMOTOS_021,36.72042303762747,-4.429163000018403,Calle Armengual de la Mota,moto,,15
PLAZ-MOTO-65734,APARCAMOTOS_236,36.716349037622315,-4.413145000017968,Paseo de la Farola,moto,,29
PLAZ-MOTO-65688,APARCAMOTOS_164,36.74648503766068,-4.417531000018163,Calle Jerez Perchet,moto,,8
PLAZ-MOTO-78120,APARCAMOTOS_362,36.72602575447435,-4.438862858792488,Calle Morales Villarrubia,moto,,10
PLAZ-MOTO-65659,APARCAMOTOS_124,36.711507219180774,-4.428899735230707,Calle Jacinto Verdaguer,moto,,11
PLAZ-MOTO-65765,APARCAMOTOS_302,36.72264216763003,-4.537111230021767,Calle José Calderón,moto,,22
PLAZ-MOTO-65742,APARCAMOTOS_245,36.67893503757462,-4.4475800000187915,Paseo Ibérico,moto,,10
PLAZ-MOTO-75304,APARCAMOTOS_338,36.72033494556805,-4.463181485924571,Calle Joaquín Turina,moto,,
PLAZ-MOTO-65702,APARCAMOTOS_178,36.721838037629404,-4.364192000016781,Avenida de Juan Sebastián Elcano,moto,,24
PLAZ-MOTO-65733,APARCAMOTOS_233,36.74280103765581,-4.49625500002045,Calle Cerraja,moto,,11
PLAZ-MOTO-65800,APARCAMOTOS_256,36.715563037621344,-4.423703000018238,Calle Barroso,moto,,13
PLAZ-MOTO-65695,APARCAMOTOS_170,36.72251103763015,-4.416769000018079,Plaza de Jesús 'el Rico',moto,,105
PLAZ-MOTO-65750,APARCAMOTOS_253,36.71513003762073,-4.424412000018265,Calle Martínez Campos,moto,,6
PLAZ-MOTO-65681,APARCAMOTOS_156,36.72298309661495,-4.479967653771248,Avenida de Parménides,moto,,20
PLAZ-MOTO-65796,APARCAMOTOS_226,36.69167803759076,-4.453326000018994,Calle Palma del Río,moto,,10
PLAZ-MOTO-65748,APARCAMOTOS_247,36.71323903761837,-4.424401000018251,Calle Concejal Rodríguez Soria,moto,,10
PLAZ-MOTO-65754,APARCAMOTOS_254,36.715224037620835,-4.424057000018251,Calle Martínez Campos,moto,,11
PLAZ-MOTO-65768,APARCAMOTOS_305,36.70603139760916,-4.435913890018553,Calle Ayala,moto,,8
PLAZ-MOTO-65746,APARCAMOTOS_234,36.712241037617105,-4.434987000018539,Calle Eguiluz,moto,,16
PLAZ-MOTO-65792,APARCAMOTOS_235,36.726434037635194,-4.42030400001818,Calle Refino,moto,,6
PLAZ-MOTO-65671,APARCAMOTOS_136,36.713447757292016,-4.427490234393343,Calle Salitre,moto,,14
PLAZ-MOTO-65731,APARCAMOTOS_231,36.727017037635875,-4.420162000018178,Calle San Millán,moto,,8
PLAZ-MOTO-65629,APARCAMOTOS_053,36.728965037638396,-4.419749000018181,Calle San Millán,moto,,24
PLAZ-MOTO-65617,APARCAMOTOS_003,36.71563203762142,-4.424760000018271,Calle Casas de Campos,moto,,20
PLAZ-MOTO-65805,APARCAMOTOS_289,36.7150290376206,-4.429689000018404,Calle Malpica,moto,,14
PLAZ-MOTO-78442,APARCAMOTOS_372,36.66836925839527,-4.50178926777043,Calle de la Vega,moto,,9
PLAZ-MOTO-65607,APARCAMOTOS_217,36.69500203759508,-4.449969000018912,Calle Juan Sebastián Bach,moto,,6
PLAZ-MOTO-65588,APARCAMOTOS_193,36.731590037641716,-4.417117000018116,Calle Santa María Micaela,moto,,12
PLAZ-MOTO-65732,APARCAMOTOS_232,36.71755503762381,-4.4392300000186715,Calle Diego Vázquez Otero,moto,,12
PLAZ-MOTO-65723,APARCAMOTOS_154,36.72108103762836,-4.40677500001782,Avenida de Príes,moto,,7
PLAZ-MOTO-65638,APARCAMOTOS_081,36.71994203762707,-4.355420000016572,Calle Padre Lerchundi,moto,,8
PLAZ-MOTO-65632,APARCAMOTOS_074,36.72132903762884,-4.362996000016747,Calle Arquitecto Eduardo Esteve,moto,,16
PLAZ-MOTO-65740,APARCAMOTOS_240,36.723318037631216,-4.427199000018365,Calle Malasaña,moto,,15
PLAZ-MOTO-65801,APARCAMOTOS_280,36.719827037626885,-4.359052000016652,Calle Mar,moto,,10
PLAZ-MOTO-65601,APARCAMOTOS_210,36.73566603764691,-4.419871000018196,Calle Obispo José de Gómez,moto,,9
PLAZ-MOTO-65872,APARCAMOTOS_333,36.71997654762709,-4.363056500016747,Calle Arquitecto Eduardo Esteve,moto,,32
PLAZ-MOTO-65767,APARCAMOTOS_304,36.70304781760534,-4.433664240018482,Calle Tomás Echeverría,moto,,10
PLAZ-MOTO-65830,APARCAMOTOS_112,36.70567803760874,-4.434843000018516,Calle Muñoz Degrain,moto,,16
PLAZ-MOTO-65870,APARCAMOTOS_330,36.734920407645966,-4.418712270018167,Calle Bocana,moto,,18
PLAZ-MOTO-65720,APARCAMOTOS_149,36.72335003763133,-4.383887000017254,Camino de la Desviación,moto,,5
PLAZ-MOTO-65655,APARCAMOTOS_063,36.72785603763699,-4.41938100001816,Plaza Ejido,moto,,19
PLAZ-MOTO-65656,APARCAMOTOS_070,36.7103640376147,-4.428511000018361,Calle Canales,moto,,30
PLAZ-MOTO-65587,APARCAMOTOS_190,36.713148037618254,-4.43691400001859,Paseo de los Tilos,moto,,16
PLAZ-MOTO-65862,APARCAMOTOS_062,36.72783103763693,-4.418618000018145,Plaza Ejido,moto,,12
PLAZ-MOTO-65763,APARCAMOTOS_300,36.68350506758037,-4.464783700019314,Calle Benahavís,moto,,10
PLAZ-MOTO-65850,APARCAMOTOS_123,36.71475803762023,-4.470363000019564,Calle de León Tolstoi,moto,,15
PLAZ-MOTO-65828,APARCAMOTOS_094,36.72739238765318,-4.434834122676362,Calle Blas de Lezo,moto,,11
PLAZ-MOTO-65678,APARCAMOTOS_137,36.717407037623666,-4.4254300000182925,Calle Panaderos,moto,,25
PLAZ-MOTO-79309,APARCAMOTOS_380,36.72950447663267,-4.436477696938288,Calle José Canalejas,moto,,10
PLAZ-MOTO-65808,APARCAMOTOS_292,36.70408165492796,-4.434506756453879,Calle de Antonio Soler,moto,,28
PLAZ-MOTO-75545,APARCAMOTOS_060_B,36.718718651988574,-4.42488480402314,Plaza de Arriola,moto,,26
PLAZ-MOTO-65858,APARCAMOTOS_047,36.71756903762387,-4.424734000018273,Calle Panaderos,moto,,48
PLAZ-MOTO-75536,APARCAMOTOS_311,36.72373926078411,-4.443502179409332,Calle Magistrado Salvador Barberá,moto,,10
PLAZ-MOTO-65643,APARCAMOTOS_095,36.724448037632534,-4.448087000018939,Calle del Ciprés,moto,,8
PLAZ-MOTO-79219,APARCAMOTOS_377A,36.697462486229334,-4.449185031841008,Calle Alcalde José María de Llanos,moto,,
PLAZ-MOTO-65722,APARCAMOTOS_143,36.71842603762499,-4.42450800001827,Plaza de Arriola,moto,,16
PLAZ-MOTO-65679,APARCAMOTOS_133,36.71735126194727,-4.425325021166021,Calle Panaderos,moto,,20
PLAZ-MOTO-78444,APARCAMOTOS_373,36.70941580611808,-4.4507258519232336,Calle Alozaina,moto,,10
PLAZ-MOTO-65694,APARCAMOTOS_169,36.71811203762458,-4.4229880000182344,Calle Panaderos,moto,,9
PLAZ-MOTO-65726,APARCAMOTOS_221,36.72591103763452,-4.430714000018461,Avenida de Barcelona,moto,,12
PLAZ-MOTO-65856,APARCAMOTOS_098,36.72170903762916,-4.4326570000185,Calle Pelayo,moto,,15
PLAZ-MOTO-65675,APARCAMOTOS_129,36.720848229455406,-4.355517178790453,Calle Martínez Falero,moto,,3
PLAZ-MOTO-65753,APARCAMOTOS_257,36.715068037620654,-4.423308000018228,Calle Somera,moto,,11
PLAZ-MOTO-65798,APARCAMOTOS_278,36.72160203762914,-4.359406000016665,Pasaje Mora,moto,,15
PLAZ-MOTO-78122,APARCAMOTOS_364,36.72946168556937,-4.434175779989201,Calle Blas de Lezo,moto,,10
PLAZ-MOTO-65725,APARCAMOTOS_198,36.72677583763561,-4.423396000018262,Calle Cruz del Molinillo,moto,,10
PLAZ-MOTO-65697,APARCAMOTOS_172,36.71403203761933,-4.431080000018433,Plaza de la Solidaridad,moto,,10
PLAZ-MOTO-65747,APARCAMOTOS_260,36.714630037620154,-4.422984000018218,Calle Somera,moto,,16
PLAZ-MOTO-65809,APARCAMOTOS_293,36.7120833527078,-4.43999848052023,Paseo de los Tilos,moto,,15
PLAZ-MOTO-65760,APARCAMOTOS_298,36.71132844294872,-4.440404513186214,Calle Santa Marta,moto,,10
PLAZ-MOTO-65597,APARCAMOTOS_205,36.72450903763275,-4.420263000018179,Calle Mariblanca,moto,,74
PLAZ-MOTO-65736,APARCAMOTOS_237,36.689149037587605,-4.44791600001884,Camino de la Térmica,moto,,10
PLAZ-MOTO-65772,APARCAMOTOS_313,36.690914747589815,-4.451526500018946,Plaza de César Álvarez Dumont,moto,,6
PLAZ-MOTO-65670,APARCAMOTOS_125,36.720527200692175,-4.477726478492357,Calle de Teseo,moto,,6
PLAZ-MOTO-65869,APARCAMOTOS_331,36.72447741763266,-4.418352160018125,Calle Gómez Pallete,moto,,
PLAZ-MOTO-78445,APARCAMOTOS_374,36.708619034228015,-4.449492815965948,Calle Casarabonela,moto,,10
PLAZ-MOTO-79299,APARCAMOTOS_2909,36.6924300315113,-4.451553410584287,Calle Calañas,moto,,8
PLAZ-MOTO-65642,APARCAMOTOS_096,36.725503259946805,-4.442548155803401,Calle Sondalezas,moto,,10
PLAZ-MOTO-65692,APARCAMOTOS_139,36.70218442739541,-4.450036883373122,Calle Cortés el Viejo,moto,,10
PLAZ-MOTO-65709,APARCAMOTOS_186,36.692174037591414,-4.455024000019046,Avenida de Velázquez,moto,,10
PLAZ-MOTO-78118,APARCAMOTOS_360,36.69191904091871,-4.456017373845957,Avenida de Velázquez,moto,,10
PLAZ-MOTO-65738,APARCAMOTOS_243,36.7257980376343,-4.429516000018424,Calle Sevilla,moto,,10
PLAZ-MOTO-65644,APARCAMOTOS_097,36.729340048472416,-4.439978599567065,Calle Nuestra Señora de los Clarines,moto,,15
PLAZ-MOTO-65843,APARCAMOTOS_016,36.72450003763265,-4.425495000018318,Calle Purificación,moto,,27
PLAZ-MOTO-65835,APARCAMOTOS_113,36.701508037603354,-4.440204000018651,Calle Sargento Crooke López,moto,,14
PLAZ-MOTO-65666,APARCAMOTOS_127,36.70146178047973,-4.440303146857797,Calle Sargento Crooke López,moto,,8
PLAZ-MOTO-65770,APARCAMOTOS_309,36.70057737760219,-4.444152110018759,Calle Pujerra,moto,,7
PLAZ-MOTO-65793,APARCAMOTOS_242,36.72382603763183,-4.429614000018431,Calle Sevilla,moto,,5
PLAZ-MOTO-65645,APARCAMOTOS_091,36.723054580314404,-4.43590633573007,Avenida de San Sebastián,moto,,14
PLAZ-MOTO-75531,APARCAMOTOS_287,36.722967681189644,-4.4368835758349805,Avenida de San Sebastián,moto,,10
PLAZ-MOTO-65829,APARCAMOTOS_093,36.7242260376323,-4.432325000018502,Calle Bailén,moto,,14
PLAZ-MOTO-65775,APARCAMOTOS_315,36.72920253763866,-4.443691430018827,Calle Rotonda de Suárez,moto,,14
PLAZ-MOTO-65639,APARCAMOTOS_080,36.719624362685785,-4.40824806692001,Calle Maestranza,moto,,34
PLAZ-MOTO-65756,APARCAMOTOS_265,36.71966203762661,-4.409001000017873,Calle Maestranza,moto,,10
PLAZ-MOTO-65660,APARCAMOTOS_099,36.72223003762976,-4.441171000018741,Pasaje Sondalezas,moto,,34
PLAZ-MOTO-65737,APARCAMOTOS_239,36.68338703758027,-4.456147000019053,Calle Villanueva de Tapia,moto,,10
PLAZ-MOTO-65766,APARCAMOTOS_303,36.716762717622885,-4.422017140018205,Calle Vendeja,moto,,20
PLAZ-MOTO-65713,APARCAMOTOS_224,36.718557037625125,-4.42461100001827,Plaza de Arriola,moto,,30
PLAZ-MOTO-65717,APARCAMOTOS_130,36.718149037624656,-4.424263000018264,Plaza de Arriola,moto,,14
PLAZ-MOTO-65715,APARCAMOTOS_060,36.71817534245362,-4.42446864413403,Plaza de Arriola,moto,,22
PLAZ-MOTO-75489,APARCAMOTOS_341,36.70262890164345,-4.441073439648711,Calle Spiteri,moto,,5
PLAZ-MOTO-65683,APARCAMOTOS_158,36.69601203759622,-4.491316000020153,Calle César Vallejo,moto,,22
PLAZ-MOTO-65593,APARCAMOTOS_202,36.72274103763035,-4.448291000018944,Calle Doctor Gutiérrez Calzada,moto,,39
PLAZ-MOTO-65871,APARCAMOTOS_329,36.73513003764625,-4.4154907400180825,Calle Olletas,moto,,
PLAZ-MOTO-65832,APARCAMOTOS_110,36.68110049149235,-4.454446434993667,Calle Marilyn Monroe,moto,,19
PLAZ-MOTO-65807,APARCAMOTOS_291,36.72365703763168,-4.4209960000181985,Plaza del Teatro,moto,,30
PLAZ-MOTO-65845,APARCAMOTOS_301_,36.7298587531604,-4.4268898507287275,Paseo Martiricos,moto,,20
PLAZ-MOTO-65783,APARCAMOTOS_322,36.69236690759173,-4.453669280019008,Calle Menorca,moto,,5
PLAZ-MOTO-74965,APARCAMOTOS_337,36.71343038250266,-4.425724129569651,Avenida del Comandante Benítez,moto,,9
PLAZ-MOTO-65788,APARCAMOTOS_268,36.71328603761846,-4.425629000018288,Avenida del Comandante Benítez,moto,,10
PLAZ-MOTO-65787,APARCAMOTOS_246,36.71329403761841,-4.42569300001829,Avenida del Comandante Benítez,moto,,10
PLAZ-MOTO-65784,APARCAMOTOS_328,36.73339616764406,-4.39438233001754,Calle de la Minilla,moto,,12
PLAZ-MOTO-78082,APARCAMOTOS_346,36.72045355139835,-4.4046255911732946,Paseo Marítimo Pablo Ruiz Picasso,moto,,30
PLAZ-MOTO-65703,APARCAMOTOS_179,36.720452037627695,-4.361962000016725,Plaza Miramar del Palo,moto,,44
PLAZ-MOTO-78114,APARCAMOTOS_355,36.723156128215045,-4.393245063130973,Paseo Marítimo Pablo Ruiz Picasso,moto,,15
PLAZ-MOTO-65721,APARCAMOTOS_142,36.71821003762463,-4.440853000018714,Calle Pedro Gómez Chaix,moto,,12
PLAZ-MOTO-65743,APARCAMOTOS_248,36.72080503762808,-4.4145680000180185,Jardines Alcalde Pedro Luis Alonso,moto,,10
PLAZ-MOTO-65794,APARCAMOTOS_270,36.72079003762798,-4.414422000018014,Jardines Alcalde Pedro Luis Alonso,moto,,48
PLAZ-MOTO-65664,APARCAMOTOS_114,36.6975370375983,-4.438274000018587,Calle Pacífico,moto,,24
PLAZ-MOTO-65621,APARCAMOTOS_001,36.71397615571718,-4.42418240012563,Alameda de Colón,moto,,57
PLAZ-MOTO-78101,APARCAMOTOS_347,36.69746204662874,-4.437846551411115,Calle Pacífico,moto,,15
PLAZ-MOTO-65710,APARCAMOTOS_223,36.69718203759784,-4.455919000019083,Avenida de Isaac Peral,moto,,19
PLAZ-MOTO-65810,APARCAMOTOS_294,36.7118450829683,-4.442639853480846,Avenida de José Ortega y Gasset,moto,,10
PLAZ-MOTO-75541,APARCAMOTOS_312,36.71305276188899,-4.430374655245106,Calle Jovellanos,moto,,10
PLAZ-MOTO-65861,APARCAMOTOS_034,36.728025037637195,-4.417920000018121,Calle Ejido,moto,,11
PLAZ-MOTO-65711,APARCAMOTOS_219,36.71847903762507,-4.422061000018206,Calle Martínez,moto,,34
PLAZ-MOTO-65591,APARCAMOTOS_200,36.701315037603145,-4.434993000018511,Paseo de Antonio Machado,moto,,13
PLAZ-MOTO-65821,APARCAMOTOS_002,36.71355580243343,-4.42398592831529,Avenida de Manuel Agustín Heredia,moto,,21
PLAZ-MOTO-75540,APARCAMOTOS_295_,36.70107078309489,-4.44427836192539,Calle Héroe de Sostoa,moto,,10
PLAZ-MOTO-65705,APARCAMOTOS_181,36.720805037628196,-4.35784200001663,Calle Almería,moto,,12
PLAZ-MOTO-65657,APARCAMOTOS_073,36.719113037625895,-4.410595000017908,Calle Arenal,moto,,30
PLAZ-MOTO-65712,APARCAMOTOS_220,36.718496037625044,-4.422335000018213,Calle Martínez,moto,,34
PLAZ-MOTO-65778,APARCAMOTOS_316,36.719433527626286,-4.418774460018126,Calle Cortina del Muelle,moto,,29
PLAZ-MOTO-79308,APARCAMOTOS_379,36.73854771723133,-4.418779445764022,Calle David Santiago,moto,,6.5
PLAZ-MOTO-80144,APARCAMOTOS_384,36.67445157596867,-4.508268353185198,Calle Linares,moto,,11
PLAZ-MOTO-65727,APARCAMOTOS_225,36.725220037633775,-4.37030500001693,Calle Manuel de Palacio,moto,,10
PLAZ-MOTO-65779,APARCAMOTOS_317,36.71972711762667,-4.418343180018115,Calle Cortina del Muelle,moto,,48
PLAZ-MOTO-65654,APARCAMOTOS_050,36.719544037626406,-4.4184990000181115,Calle Cortina del Muelle,moto,,32
PLAZ-MOTO-65613,APARCAMOTOS_019,36.718459037625024,-4.423012000018231,Calle Atarazanas,moto,,30
PLAZ-MOTO-65749,APARCAMOTOS_249,36.720049037627014,-4.415844000018047,Calle Alcalde Pedro Luis Alonso,moto,,17
PLAZ-MOTO-65782,APARCAMOTOS_323,36.66482823755637,-4.498802150020295,Calle Enrique Van Dulken,moto,,10
PLAZ-MOTO-65724,APARCAMOTOS_155,36.71984303762679,-4.406544000017802,Paseo Marítimo Pablo Ruiz Picasso,moto,,22
PLAZ-MOTO-65852,APARCAMOTOS_058,36.72464403763288,-4.415489000018052,Calle Victoria,moto,,10
PLAZ-MOTO-65758,APARCAMOTOS_263,36.71905203762583,-4.409357000017881,Calle Arenal,moto,,10
PLAZ-MOTO-65868,APARCAMOTOS_332,36.72411672763223,-4.4176064800181045,Calle la Merced,moto,,19
PLAZ-MOTO-65628,APARCAMOTOS_072,36.720462037627726,-4.364353000016783,Avenida de Pío Baroja,moto,,6
PLAZ-MOTO-65636,APARCAMOTOS_071,36.72041903762759,-4.3614780000167155,Avenida de la Estación de el Palo,moto,,26
PLAZ-MOTO-65585,APARCAMOTOS_188,36.72628103763503,-4.410005000017915,Calle Pinosol,moto,,10
PLAZ-MOTO-65744,APARCAMOTOS_261,36.71469503762026,-4.423302000018229,Calle Duquesa de Parcent,moto,,10
PLAZ-MOTO-65622,APARCAMOTOS_032,36.71554603762132,-4.422518000018206,Calle Duquesa de Parcent,moto,,17
PLAZ-MOTO-75544,APARCAMOTOS_318,36.71959129570693,-4.417718107318194,Calle Cortina del Muelle,moto,,43
PLAZ-MOTO-65598,APARCAMOTOS_206,36.71958703762643,-4.4174930000180925,Calle Cortina del Muelle,moto,,44
PLAZ-MOTO-65827,APARCAMOTOS_089,36.73906256548356,-4.420619756001578,Avenida de la Cibeles,moto,,10
PLAZ-MOTO-78103,APARCAMOTOS_349,36.72101969841511,-4.474257422585746,Avenida de Plutarco,moto,,10
PLAZ-MOTO-65752,APARCAMOTOS_258,36.71476403762032,-4.423886000018245,Calle de Pinzón,moto,,6
PLAZ-MOTO-65706,APARCAMOTOS_182,36.715639037621436,-4.441617000018731,Calle Eduardo Carvajal,moto,,11
PLAZ-MOTO-65663,APARCAMOTOS_106,36.715460037621185,-4.440189000018698,Calle Monseñor Óscar Romero,moto,,23
PLAZ-MOTO-65831,APARCAMOTOS_109,36.70328115863312,-4.438626766223452,Calle Lasso de la Vega,moto,,15
PLAZ-MOTO-75527,APARCAMOTOS_334,36.73776100730269,-4.480582295780834,Calle Escritora Ana María Matute,moto,,10
PLAZ-MOTO-65616,APARCAMOTOS_004,36.71468892342034,-4.424475431460522,Alameda de Colón,moto,,36
PLAZ-MOTO-65833,APARCAMOTOS_111,36.70435852055253,-4.440020844358976,Calle Héroe de Sostoa,moto,,13
PLAZ-MOTO-65853,APARCAMOTOS_057,36.72650303763525,-4.414084000018016,Calle Victoria,moto,,31
PLAZ-MOTO-65687,APARCAMOTOS_163,36.723710037631754,-4.416258000018073,Calle Victoria,moto,,21
PLAZ-MOTO-80475,APARCAMOTOS_387,36.72622362114309,-4.450043635415401,Calle Núñez Vela,moto,,16
PLAZ-MOTO-65682,APARCAMOTOS_157,36.72180994345432,-4.448367837761975,Calle Argéntea,moto,,20
PLAZ-MOTO-65686,APARCAMOTOS_162,36.713788037619,-4.448044000018905,Calle Corregidor Francisco de Molina,moto,,55
PLAZ-MOTO-65592,APARCAMOTOS_201,36.7292660376387,-4.450468000019026,Calle Padre Martín,moto,,7
PLAZ-MOTO-65866,APARCAMOTOS_326,36.72186332762928,-4.448290490018934,Calle Argéntea,moto,,30
PLAZ-MOTO-65822,APARCAMOTOS_040,36.71143103761602,-4.430803000018419,Calle Héroe de Sostoa,moto,,55
PLAZ-MOTO-80033,APARCAMOTOS_383,36.716371235926054,-4.463404467882063,Avenida de Gregorio Prieto,moto,,10
PLAZ-MOTO-78102,APARCAMOTOS_348,36.71765798744495,-4.4639197128738495,Avenida de Gregorio Prieto,moto,,10
PLAZ-MOTO-78441,APARCAMOTOS_371,36.71722253100631,-4.449128920197333,Calle Corregidor José Viciana,moto,,10
PLAZ-MOTO-65690,APARCAMOTOS_166,36.72275003763055,-4.396638000017565,Calle Idris,moto,,20
PLAZ-MOTO-78110,APARCAMOTOS_352,36.719317344317524,-4.359320134616767,Avenida de Salvador Allende,moto,,20
PLAZ-MOTO-65650,APARCAMOTOS_107,36.70266398043062,-4.445343017596934,Avenida de Europa,moto,,16
PLAZ-MOTO-65806,APARCAMOTOS_290,36.71428403761967,-4.428333000018359,Calle Peregrino,moto,,22
PLAZ-MOTO-78108,APARCAMOTOS_351,36.719114088714385,-4.35794174003861,Avenida de Salvador Allende,moto,,7
PLAZ-MOTO-78293,APARCAMOTOS_367,36.73640379533185,-4.417675657983046,Calle Marmolista,moto,,9
PLAZ-MOTO-65698,APARCAMOTOS_174,36.71740503762382,-4.349162000016421,Avenida de Salvador Allende,moto,,13
PLAZ-MOTO-65718,APARCAMOTOS_147,36.71777003762426,-4.351199000016472,Avenida de Salvador Allende,moto,,10
PLAZ-MOTO-65799,APARCAMOTOS_281,36.72983303763962,-4.375016000017054,Calle Miguel Sel Gómez de la Cruz,moto,,9
PLAZ-MOTO-65699,APARCAMOTOS_175,36.717647037623976,-4.427387000018346,Calle Hilera,moto,,23
PLAZ-MOTO-65676,APARCAMOTOS_135,36.71245868027905,-4.42743390800403,Calle Plaza de Toros Vieja,moto,,10
PLAZ-MOTO-65759,APARCAMOTOS_297,36.71077047761523,-4.440581120018686,Pasaje Santo Tomás,moto,,21
PLAZ-MOTO-65689,APARCAMOTOS_165,36.720465037627555,-4.443108000018786,Calle Virgen de Flores,moto,,15
PLAZ-MOTO-65648,APARCAMOTOS_103,36.708923700974225,-4.443380311150246,Calle la Unión,moto,,11
PLAZ-MOTO-65781,APARCAMOTOS_324,36.7162651676222,-4.428938610018389,Plaza de Enrique Navarro,moto,,20
PLAZ-MOTO-65813,APARCAMOTOS_048,36.71226703761709,-4.42711400001832,Calle Plaza de Toros Vieja,moto,,24
PLAZ-MOTO-65741,APARCAMOTOS_244,36.709392037613405,-4.442727000018749,Calle la Unión,moto,,7
PLAZ-MOTO-65633,APARCAMOTOS_082,36.7177178436313,-4.411187768000395,Calle Reding,moto,,10
PLAZ-MOTO-65802,APARCAMOTOS_286,36.74784603766236,-4.419947000018233,Calle Sancho Miranda,moto,,6
PLAZ-MOTO-65757,APARCAMOTOS_264,36.719579037626524,-4.409115000017878,Calle Fernando Camino,moto,,10
PLAZ-MOTO-78119,APARCAMOTOS_361,36.68472408400485,-4.457843821287387,Calle Miguel de Mérida Nicolich,moto,,10
PLAZ-MOTO-65803,APARCAMOTOS_285,36.722997037630776,-4.446979000018903,Calle Rodrigo Narváez,moto,,10
PLAZ-MOTO-65685,APARCAMOTOS_160,36.71293403761801,-4.42806400001836,Calle Plaza de Toros Vieja,moto,,23
PLAZ-MOTO-65817,APARCAMOTOS_288,36.720629037627766,-4.4314010000184645,Calle Peso de la Harina,moto,,11
PLAZ-MOTO-65595,APARCAMOTOS_204,36.72401503763205,-4.421678000018216,Calle Carretería,moto,,13
PLAZ-MOTO-65696,APARCAMOTOS_171,36.71979303762674,-4.410849000017921,Calle Periodista Leovigildo Caballero Gutiérrez,moto,,4
PLAZ-MOTO-76694,APARCAMOTOS_342,36.725549826417556,-4.428005699067489,Calle Juan de Herrera,moto,,10
PLAZ-MOTO-78554,APARCAMOTOS_375,36.72567829736694,-4.428862573629474,Calle Don Juan de Austria,moto,,12
PLAZ-MOTO-65739,APARCAMOTOS_241,36.72598703763461,-4.428802000018403,Calle Don Juan de Austria,moto,,10
PLAZ-MOTO-78116,APARCAMOTOS_357,36.74994834646723,-4.423610407062384,Plaza de John F. Kennedy,moto,,6
PLAZ-MOTO-80689,APARCAMOTOS_389,36.71954233366271,-4.413140477822558,Paseo de los Curas,moto,,85
PLAZ-MOTO-65791,APARCAMOTOS_275,36.718002037624416,-4.418849000018117,Paseo de los Curas,moto,,64
PLAZ-MOTO-79310,APARCAMOTOS_381,36.71787908260901,-4.419324102044423,Paseo de los Curas,moto,,40
PLAZ-MOTO-65838,APARCAMOTOS_018,36.71495403762052,-4.428395000018363,Calle Angosta del Carmen,moto,,14
PLAZ-MOTO-65662,APARCAMOTOS_059,36.71620103762214,-4.4319120000184675,Avenida de la Aurora,moto,,26
PLAZ-MOTO-65826,APARCAMOTOS_086,36.715920394118456,-4.412367269414721,Paseo Marítimo Ciudad de Melilla,moto,,14
PLAZ-MOTO-65599,APARCAMOTOS_207,36.71982303762681,-4.415992000018053,Avenida de Cervantes,moto,,11
PLAZ-MOTO-79141,APARCAMOTOS_378,36.719725982857135,-4.416389021699958,Avenida de Cervantes,moto,,20
PLAZ-MOTO-79311,APARCAMOTOS_382,36.71970621542543,-4.416369528314361,Avenida de Cervantes,moto,,20
PLAZ-MOTO-65824,APARCAMOTOS_075,36.72106268631479,-4.371865242736606,Calle Bolivia,moto,,27
PLAZ-MOTO-65640,APARCAMOTOS_090,36.7478124227695,-4.4235728681270725,Calle Dolores Cortés,moto,,14
PLAZ-MOTO-65637,APARCAMOTOS_085,36.71784503762425,-4.410066000017891,Plaza de la Malagueta,moto,,25
PLAZ-MOTO-65745,APARCAMOTOS_259,36.71406003761944,-4.4234880000182315,Calle San Lorenzo,moto,,10
PLAZ-MOTO-65635,APARCAMOTOS_077,36.72026203762747,-4.369024000016888,Calle Bolivia,moto,,25
PLAZ-MOTO-65609,APARCAMOTOS_069,36.730696037640605,-4.419007000018159,Alameda de Capuchinos,moto,,15
PLAZ-MOTO-75305,APARCAMOTOS_339,36.736264521429746,-4.417968163266431,Calle Obispo Fernández de Córdova,moto,,
PLAZ-MOTO-65728,APARCAMOTOS_229,36.734282037645194,-4.414051000018043,Calle Guillén Robles,moto,,10
PLAZ-MOTO-65844,APARCAMOTOS_078,36.72154503762905,-4.374503000017019,Calle Bolivia,moto,,20
PLAZ-MOTO-65634,APARCAMOTOS_076,36.72157867029008,-4.37733493747036,Calle Bolivia,moto,,23
PLAZ-MOTO-78130,APARCAMOTOS_366,36.72146327417222,-4.378795069456116,Calle Bolivia,moto,,10
PLAZ-MOTO-65840,APARCAMOTOS_029,36.71790503762432,-4.4344920000185395,Calle Compositor Lehmberg Ruiz,moto,,22
PLAZ-MOTO-65769,APARCAMOTOS_308,36.70245758760463,-4.439250520018635,Calle Abogado Federico Orellana Toledano,moto,,8
PLAZ-MOTO-80500,APARCAMOTOS_388,36.730101202034504,-4.428761575220552,Calle Godino,moto,,15
PLAZ-MOTO-65596,APARCAMOTOS_187,36.72278603763054,-4.425377000018306,Avenida de la Rosaleda,moto,,30
PLAZ-MOTO-65604,APARCAMOTOS_213,36.70239303760458,-4.437474000018583,Calle Altamira,moto,,8
PLAZ-MOTO-65646,APARCAMOTOS_102,36.70859703761235,-4.462097000019302,Calle Max Estrella,moto,,33
PLAZ-MOTO-65669,APARCAMOTOS_118,36.714791591526485,-4.466535151024236,Avenida del Doctor Manuel Domínguez,moto,,17
PLAZ-MOTO-65647,APARCAMOTOS_105,36.707035731782604,-4.464813843388858,Calle Max Estrella,moto,,31
PLAZ-MOTO-65700,APARCAMOTOS_176,36.71102603761547,-4.463553000019346,Robinson Crusoe,moto,,3
PLAZ-MOTO-65867,APARCAMOTOS_340,36.723723967631734,-4.42257100001823,Calle Carretería,moto,,
PLAZ-MOTO-75543,APARCAMOTOS_336,36.7111150817993,-4.450817701674907,Calle Corregidor Francisco de Luján,moto,,10
PLAZ-MOTO-78392,APARCAMOTOS_344,36.70456104267907,-4.455401146679442,Avenida de Nehemías,moto,,12
PLAZ-MOTO-65602,APARCAMOTOS_211,36.71131625812081,-4.449764700627578,Calle Corregidor Francisco de Luján,moto,,5
PLAZ-MOTO-65820,APARCAMOTOS_012,36.71639103762235,-4.432184000018476,Avenida de la Aurora,moto,,9
PLAZ-MOTO-80146,APARCAMOTOS_385,36.69726334193377,-4.441972742401847,Calle Emilio Prados,moto,,10
PLAZ-MOTO-65735,APARCAMOTOS_238,36.69669503759726,-4.443025000018725,Calle Manuel Altolaguirre,moto,,11
PLAZ-MOTO-65819,APARCAMOTOS_011,36.71633903762229,-4.431227000018452,Avenida de la Aurora,moto,,11
PLAZ-MOTO-65665,APARCAMOTOS_115,36.69763175023079,-4.447716772575166,Calle Frigiliana,moto,,11
PLAZ-MOTO-65641,APARCAMOTOS_092,36.729641037639226,-4.439305000018709,Calle Arquímedes,moto,,8
PLAZ-MOTO-65818,APARCAMOTOS_028,36.71816504941662,-4.430594220775915,Calle Compositor Lehmberg Ruiz,moto,,25
PLAZ-MOTO-65606,APARCAMOTOS_216,36.69436903759428,-4.450239000018919,Calle Beethoven,moto,,17
PLAZ-MOTO-65762,APARCAMOTOS_269,36.696557037597024,-4.452793000018997,Calle Travesía de la Luz,moto,,7
PLAZ-MOTO-65816,APARCAMOTOS_068,36.718163037624606,-4.4307510000184385,Calle Compositor Lehmberg Ruiz,moto,,26
PLAZ-MOTO-65777,APARCAMOTOS_319,36.6619229675527,-4.5033107200204405,Calle Maestro Tomás Bretón,moto,,10
PLAZ-MOTO-65691,APARCAMOTOS_167,36.720061037627126,-4.4164290000180655,Calle Guillén Sotelo,moto,,31
PLAZ-MOTO-65600,APARCAMOTOS_208,36.720061037627076,-4.416507000018068,Calle Guillén Sotelo,moto,,25
PLAZ-MOTO-65661,APARCAMOTOS_027,36.717903037624275,-4.432637000018495,Calle Compositor Lehmberg Ruiz,moto,,45
PLAZ-MOTO-78123,APARCAMOTOS_365,36.719294211010265,-4.477242003058946,Calle de Demóstenes,moto,,10
PLAZ-MOTO-78113,APARCAMOTOS_354,36.71568106361928,-4.4244215922779775,Calle San Lorenzo,moto,,10
PLAZ-MOTO-78121,APARCAMOTOS_363,36.7179630230378,-4.438046234129135,Calle Manuel España Lobo,moto,,10
PLAZ-MOTO-65586,APARCAMOTOS_306,36.69005151758872,-4.452092290018954,Avenida de Gregorio Diego,moto,,15
PLAZ-MOTO-65785,APARCAMOTOS_327,36.707542207611034,-4.448111210018888,Camino de San Rafael,moto,,12.5
PLAZ-MOTO-65680,APARCAMOTOS_151,36.70423503760679,-4.453956000019052,Camino de San Rafael,moto,,23
PLAZ-MOTO-65804,APARCAMOTOS_282,36.708680037612545,-4.44874100001891,Calle Valle de Abdalajís,moto,,10
PLAZ-MOTO-65776,APARCAMOTOS_321,36.70769829761126,-4.448617930018903,Calle Valle de Abdalajís,moto,,10
PLAZ-MOTO-65860,APARCAMOTOS_042,36.71415003761951,-4.434837000018544,Calle Mauricio Moro Pareto,moto,,10
PLAZ-MOTO-65620,APARCAMOTOS_005,36.716260037622234,-4.425007000018276,Calle Trinidad Grund,moto,,18
PLAZ-MOTO-78081,APARCAMOTOS_345,36.7213919123821,-4.405412566591712,Paseo de Sancha,moto,,10
PLAZ-MOTO-65751,APARCAMOTOS_252,36.716436037622394,-4.424636000018268,Calle Trinidad Grund,moto,,10
PLAZ-MOTO-65873,APARCAMOTOS_335,36.72168315762912,-4.4016055700176855,Paseo de Sancha,moto,,10
PLAZ-MOTO-65834,APARCAMOTOS_108,36.69956103760091,-4.439758000018638,Avenida de Sor Teresa Prat,moto,,28
PLAZ-MOTO-78294,APARCAMOTOS_368,36.719980376529875,-4.36026372291136,Calle Ortega Munilla,moto,,17
PLAZ-MOTO-78112,APARCAMOTOS_353,36.714405304182286,-4.433379921936595,Avenida de las Américas,moto,,10
PLAZ-MOTO-65851,APARCAMOTOS_013,36.71592003762179,-4.433674000018512,Calle de Walt Whitman,moto,,25
PLAZ-MOTO-78555,APARCAMOTOS_376,36.728699494178144,-4.424692621407149,Calle San Jorge,moto,,10
PLAZ-TAXI-1134,PT-63 CERRADO DE CALDERON,36.72615397050076,-4.381563893805638,Paseo Cerrado de Calderón,taxi,8,
PLAZ-TAXI-1089,PT-21 JARDIN DE MALAGA,36.74965551607596,-4.421668164944769,Calle Alcalde Joaquín Quiles,taxi,11,
PLAZ-TAXI-1090,PT-22 ANGEL GUIMERA,36.722188374582814,-4.371674059832136,Calle Ángel Guimerá,taxi,5,
PLAZ-TAXI-1137,PT-66 MUELLE DE LEVANTE-2,36.70608575595894,-4.414216035064999,Paseo de la Farola,taxi,21,
PLAZ-TAXI-1154,PT-82 MUELLE DE LEVANTE PMR,36.70815529202162,-4.414001197535883,Paseo de la Farola,taxi,6,
PLAZ-TAXI-1149,PT-78 CIUDAD DE LA JUSTICIA,36.7148273607903,-4.46128842072511,Calle Fiscal Luis Portero García,taxi,14,
PLAZ-TAXI-1166,PT-96 MUSEO ARTE POPULARES,36.72056318063232,-4.4250295123753425,Pasillo de Santa Isabel,taxi,4,
PLAZ-TAXI-1151,PT-8 GERENCIA URBANISMO,36.71032737533676,-4.427504207338515,Calle Jacinto Verdaguer,taxi,4,
PLAZ-TAXI-14699,PT-123 JANE BOWLES,36.74355367668889,-4.426677267252929,Avenida de Jane Bowles,taxi,3,
PLAZ-TAXI-1164,PT-93 MELILLERO,36.71606789470812,-4.419440409067092,Plaza de la Marina,taxi,10,
PLAZ-TAXI-1131,PT-60 PLAZA DE LA MARINA,36.71836027828999,-4.421070492486785,Plaza de la Marina,taxi,29,
PLAZ-TAXI-1104,PT-36 PLAZA DE LA MARINA,36.71829302605419,-4.420022828414005,Plaza de la Marina,taxi,14,
PLAZ-TAXI-1098,PT-30 LA PALMA,36.737749150652085,-4.431952802145337,Calle Deva,taxi,4,
PLAZ-TAXI-1144,PT-73 ARMENGUAL DE LA MOTA,36.72147539398055,-4.428926167995603,Calle Armengual de la Mota,taxi,5,
PLAZ-TAXI-1073,PT-107 ESCANDALO,36.69107145732609,-4.467431708282011,Calle Herman Hesse,taxi,6,
PLAZ-TAXI-1112,PT-43 SANTA PAULA,36.691103820807484,-4.446805420530696,Calle Luis Barahona de Soto,taxi,6,
PLAZ-TAXI-1075,PT-109 PARQUE TECNOLOGICO,36.73845701123962,-4.553748332104648,Calle Severo Ochoa,taxi,3,
PLAZ-TAXI-1142,PT-70 RASTRO,36.702128645821816,-4.459145369933747,Avenida de las Malagueñas,taxi,7,
PLAZ-TAXI-1135,PT-64 ESTACION DE AUTOBUSES,36.71337019575791,-4.433511766405721,Paseo de los Tilos,taxi,27,
PLAZ-TAXI-1094,PT-26 CORDOBA,36.71733924956019,-4.422349348711103,Calle Córdoba,taxi,10,
PLAZ-TAXI-1084,PT-17 PARQUE SAN ANTONIO,36.723128894152,-4.397217571449723,Avenida del Pintor Joaquín Sorolla,taxi,11,
PLAZ-TAXI-1122,PT-52 SAN ANDRES,36.70063124421944,-4.451850557551092,Calle Puerto Oncala,taxi,4,
PLAZ-TAXI-1145,PT-74 CARLOS HAYA,36.72310315113198,-4.448273880188065,Calle del Ciprés,taxi,21,
PLAZ-TAXI-1097,PT-3 CORTE INGLES,36.7172281814117,-4.4288823174369405,Avenida de Andalucía,taxi,15,
PLAZ-TAXI-1086,PT-19 LA PAZ,36.695113249839515,-4.451391808604011,Avenida de Velázquez,taxi,11,
PLAZ-TAXI-1099,PT-31 EXPLANADA DE LA ESTACIÓN-VIALIA,36.71188993969319,-4.431269985398461,Calle Explanada de la Estación,taxi,75,
PLAZ-TAXI-1132,PT-61 PLAZA DE LA MERCED,36.72285262734342,-4.417663890523191,Plaza de la Merced,taxi,15,
PLAZ-TAXI-1096,PT-28 CRUZ DEL MOLINILLO,36.72671831257129,-4.4236195851108056,Calle Cruz del Molinillo,taxi,8,
PLAZ-TAXI-1162,PT-91 AEROPUERTO MALAGA T3 LLEGADAS,36.67134989561985,-4.480542684276928,Avenida del Comandante García Morato,taxi,40,
PLAZ-TAXI-1165,PT-94 AEROPUERTO MALAGA T3 LLEGADAS P.M.R.,36.672225361632464,-4.4826936910058475,Avenida del Comandante García Morato,taxi,4,
PLAZ-TAXI-1102,PT-34 GUADALMAR,36.66291431821649,-4.46027787161975,Calle Hespérides,taxi,3,
PLAZ-TAXI-1143,PT-72 TOMAS ECHEVERRIA,36.70487644427755,-4.436062934705223,Calle Tomás Echeverría,taxi,12,
PLAZ-TAXI-1124,PT-54 PLAZA MAYOR,36.6560148441528,-4.4786137922523,Calle Alfonso Ponce de León,taxi,7,
PLAZ-TAXI-1101,PT-33 LOS PRADOS,36.699039661126506,-4.474333098926974,Camino de los Prados,taxi,3,
PLAZ-TAXI-1072,PT-106 HOTEL IBIS VELAZQUEZ,36.690919977748806,-4.460914344189092,Calle Horacio Quiroga,taxi,4,
PLAZ-TAXI-1139,PT-68 HOTEL HILTON,36.689128353181694,-4.459794884736686,Avenida de Velázquez,taxi,4,
PLAZ-TAXI-1093,PT-25 CASTELAO,36.69209978874941,-4.486104423563394,Calle Castelao,taxi,7,
PLAZ-TAXI-1140,PT-69 BOLSA AEROPUERTO,36.67544230768249,-4.4876804644173145,Avenida del Comandante García Morato,taxi,150,
PLAZ-TAXI-1169,"PT-99 CISTER, (NOCTURNA)",36.720769347594675,-4.4191799727777115,Calle Císter,taxi,20,
PLAZ-TAXI-1079,PT-12 BARBARELA,36.7123328563332,-4.44639980966958,Avenida de Juan Xxiii,taxi,6,
PLAZ-TAXI-1087,PT-2 CAFARENA,36.71798465744759,-4.422660805707601,Alameda Principal,taxi,9,
PLAZ-TAXI-1146,PT-75 CARREFOUR ALAMEDA,36.7157743212075,-4.4570055328582905,Calle de Saint-exupéry,taxi,3,
PLAZ-TAXI-1085,PT-18 AVD. SAN SEBASTIAN,36.72301274451182,-4.436015463875342,Avenida de San Sebastián,taxi,10,
PLAZ-TAXI-1113,PT-44 MAESTRANZA,36.71986069017247,-4.411427282678517,Calle Maestranza,taxi,15,
PLAZ-TAXI-1158,PT-87 QUIRÓN,36.68414117484968,-4.458006159508425,Avenida Imperio Argentina,taxi,13,
PLAZ-TAXI-1147,PT-76 PRICA LOS PATIOS,36.685332984775336,-4.457679881255018,Calle Villanueva del Rosario,taxi,3,
PLAZ-TAXI-1083,PT-16 PARQUE DEL SUR,36.73812077497646,-4.421361553958279,Avenida de Nuestra Señora de las Guías,taxi,3,
PLAZ-TAXI-1161,PT-90 AEROPUERTO MALAGA T3 SALIDA,36.67373182923953,-4.485681051457468,Avenida del Comandante García Morato,taxi,16,
PLAZ-TAXI-1123,PT-53 AEROPUERTO MALAGA T2 (NIVEL 7),36.67479678787694,-4.487518618719363,Avenida del Comandante García Morato,taxi,12,
PLAZ-TAXI-1109,PT-40 JULIO GOMEZ,36.72002317257982,-4.3533395120984615,Calle Julio Gómez,taxi,4,
PLAZ-TAXI-80142,PT-100 MARTIRICOS,36.730939225555765,-4.426754934692054,Paseo Martiricos,taxi,5,
PLAZ-TAXI-1081,PT-14 ROSALEDA,36.73377241007354,-4.4325476894698275,Avenida de Luis Buñuel,taxi,9,
PLAZ-TAXI-1074,PT-108 SOLIVA,36.72297297186576,-4.493104515838357,Avenida Escritor Antonio Soler,taxi,5,
PLAZ-TAXI-1152,PT-80 DUQUE DE LA VICTORIA,36.721457254433474,-4.419950830426771,Calle Duque de la Victoria,taxi,8,
PLAZ-TAXI-1108,PT-4 HOSPITAL CIVIL,36.72860264671134,-4.431858184573055,Avenida del Arroyo de los Ángeles,taxi,4,
PLAZ-TAXI-1082,PT-15 MANUEL AGUSTIN HEREDIA,36.715958274084215,-4.421542818002908,Avenida de Manuel Agustín Heredia,taxi,7,
PLAZ-TAXI-1168,PT-98 PACIFICO (HOTEL VINCCI),36.69240868308625,-4.441745187418143,Calle Pacífico,taxi,7,
PLAZ-TAXI-1119,PT-5 MATERNO INFANTIL,36.72915342147936,-4.4323489635531725,Avenida del Arroyo de los Ángeles,taxi,11,
PLAZ-TAXI-1167,PT-97 HOTEL MÁLAGA CENTRO,36.721745167652486,-4.42655798342754,Calle Mármoles,taxi,4,
PLAZ-TAXI-1141,PT-7 CARLINDA,36.73110963544525,-4.4473659760049875,Avenida de Pedro Salinas,taxi,3,
PLAZ-TAXI-1118,PT-49 MALAGA PALACIO,36.71896430512406,-4.419464178050444,Calle Cortina del Muelle,taxi,20,
PLAZ-TAXI-1160,PT-9 EL PALO,36.72095442137252,-4.36129334741192,Avenida de la Estación de el Palo,taxi,11,
PLAZ-TAXI-14698,PT-124 AV. PLUTARCO,36.72147636859636,-4.4775911477152,Avenida de Plutarco,taxi,3,
PLAZ-TAXI-1153,PT-81 CHARE,36.71247128922246,-4.424885483209813,Avenida de Manuel Agustín Heredia,taxi,8,
PLAZ-TAXI-1127,PT-57 CRUZ HUMILLADERO,36.71196486007542,-4.440416721974503,Plaza Cruz de Humilladero,taxi,12,
PLAZ-TAXI-1111,PT-42 PUERTO DE LA TORRE,36.738254840941565,-4.481036764283798,Avenida de Andersen,taxi,6,
PLAZ-TAXI-1106,PT-38 INTERIOR CLINICO,36.71413929164922,-4.4733956007615046,Calle de Jiménez Fraud,taxi,7,
PLAZ-TAXI-1105,PT-37 EXTERIOR CLINICO,36.71565140802629,-4.474798708090777,Calle de Jiménez Fraud,taxi,15,
PLAZ-TAXI-1138,PT-67 PALACIO DE FERIAS Y CONGRESOS,36.7081506825703,-4.458220438267522,Avenida de José Ortega y Gasset,taxi,15,
PLAZ-TAXI-1092,PT-24 ATARAZANAS,36.7181185935741,-4.423822114052996,Calle Atarazanas,taxi,7,
PLAZ-TAXI-1121,PT-51 CARLOS HAYA URGENCIA,36.7227071859314,-4.4504699548349205,Avenida Carlos de Haya,taxi,4,
PLAZ-TAXI-1067,PT-10 ISAAC PERAL,36.6978256247969,-4.455692092758555,Avenida de Isaac Peral,taxi,10,
PLAZ-TAXI-1076,PT-11 AVD. JOSE ORTEGA Y GASSET,36.710099808969815,-4.452199634302377,Avenida de José Ortega y Gasset,taxi,7,
PLAZ-TAXI-1095,PT-27 PORTADA ALTA,36.71659674355281,-4.451150827062266,Calle Corregidor Nicolás Isidro,taxi,8,
PLAZ-TAXI-79863,PT-120 LEROY MERLIN,36.6682905691344,-4.468886559762447,Calle Puerto Rico,taxi,5,
PLAZ-TAXI-1071,PT-105 NAVARRO LEDESMA,36.72434349438342,-4.476467866818123,Calle Navarro Ledesma,taxi,3,
PLAZ-TAXI-1078,PT-111 CLINICA EL ÁNGEL,36.715094587881566,-4.452809144540845,Calle Corregidor Nicolás Isidro,taxi,2,
PLAZ-TAXI-14625,PT-125 JOSÉ ITURBI,36.72568602630397,-4.442748518726634,Calle de José Iturbi,taxi,4,
PLAZ-TAXI-1157,PT-86 SAGRADA FAMILIA,36.74483827144567,-4.423225874219248,Calle Cronista Madrid Muñoz,taxi,4,
PLAZ-TAXI-1125,PT-55 MARTIN CARPENA,36.682146428928604,-4.459570396774323,Calle Miguel de Mérida Nicolich,taxi,12,
PLAZ-TAXI-1070,PT-104 PUERTO ENTRADA PRINCIPAL,36.71763063560738,-4.419091750352995,Paseo de los Curas,taxi,6,
PLAZ-TAXI-1130,PT-6 LARIOS,36.71617476878998,-4.431565745506659,Avenida de la Aurora,taxi,10,
PLAZ-TAXI-1133,PT-62 PLAZA LA VICTORIA,36.72689750220841,-4.4146083021656315,Plaza de la Victoria,taxi,8,
PLAZ-TAXI-1066,PT-1 OLLETAS,36.73294804679829,-4.4161852454808574,Alameda de Capuchinos,taxi,9,
PLAZ-TAXI-1088,PT-20 HIPERCOR,36.709889251144986,-4.459694911925405,Calle Hamlet,taxi,4,
PLAZ-TAXI-14346,PT-115,36.72429406912992,-4.420825414515888,Calle Carretería,taxi,5,
PLAZ-TAXI-1107,PT-39 CORTIJO DE TORRES,36.70506972917128,-4.454714847567558,Calle Juan Gris,taxi,3,
PLAZ-TAXI-1159,PT-89 JEFATURA DE TRAFICO,36.70721861257441,-4.464899641268164,Calle Max Estrella,taxi,6,
PLAZ-TAXI-14345,PT-114,36.7238391096756,-4.4222624920624245,Calle Carretería,taxi,5,
PLAZ-TAXI-79864,PT-119 SALA PARÍS,36.70499787954097,-4.476423723649933,Calle de la Orotava,taxi,3,
PLAZ-TAXI-1117,PT-48 MIRAFLORES,36.73037161171652,-4.439602601343559,Calle Miraclaveles,taxi,7,
PLAZ-TAXI-1155,PT-83 PASILLO MATADERO (HOTEL GUADALMEDINA),36.71481114254753,-4.426462477167203,Pasillo del Matadero,taxi,4,
PLAZ-TAXI-1100,PT-32 FRIGILIANA,36.69773149121461,-4.447842289254495,Calle Frigiliana,taxi,5,
PLAZ-TAXI-1150,PT-79 LA CIZAÑA,36.6482098602347,-4.474548708395494,Camino Cizaña,taxi,12,
PLAZ-TAXI-1115,PT-46 CAMPANILLAS,36.72314978215947,-4.538111138769644,Calle de Matisse,taxi,4,
PLAZ-TAXI-1148,PT-77 EDIFICIO MULTIPLE,36.71586566093529,-4.436067248528956,Avenida de la Aurora,taxi,3,
PLAZ-TAXI-1091,PT-23 CONSUL,36.72326293025172,-4.483636499745194,Calle Aristófanes,taxi,3,
PLAZ-TAXI-1163,PT-92 CLINICO URGENCIAS,36.71930541316332,-4.4775758087924205,Calle de Demóstenes,taxi,6,
PLAZ-TAXI-1129,PT-59 CHURRIANA,36.66971397192043,-4.5027475754682476,Plaza de la Inmaculada,taxi,5,
PLAZ-TAXI-1069,PT-101 HOTELES LAS VEGAS,36.72158070119387,-4.401905281136325,Paseo de Sancha,taxi,1,
PLAZ-TAXI-1103,PT-35 AMBULATORIO PUERTA BLANCA,36.68822028667846,-4.448874666848423,Avenida de Gregorio Diego,taxi,2,
PLAZ-TAXI-1156,PT-84 TABACALERA,36.69963423405962,-4.43956504006988,Avenida de Sor Teresa Prat,taxi,8,
PLAZ-TAXI-1126,PT-56 CARRANQUE,36.71821889988408,-4.440953868271046,Calle Virgen de la Paloma,taxi,5,
PLAZ-TAXI-1068,PT-100 HOTEL NH,36.71821519739793,-4.426527630731179,Calle San Jacinto,taxi,5,
PLAZ-TAXI-1116,PT-47 FUENTE DE COLORES,36.71965679135923,-4.4603832298492705,Plaza del Pintor Sandro Botticelli,taxi,6,
PLAZ-TAXI-1080,PT-13 ATABAL,36.731310694128176,-4.469837541887554,Avenida de Lope de Vega,taxi,3,
PLAZ-PMR-77785,APARCAPMR_1340,36.7261539,-4.3815639,Paseo Cerrado de Calderón,pmr,1,
PLAZ-PMR-66988,APARCAPMR_412,36.7311801,-4.3968259,Avenida del Mayorazgo,pmr,1,
PLAZ-PMR-67044,APARCAPMR_234,36.7312554,-4.3969177,Avenida del Mayorazgo,pmr,1,
PLAZ-PMR-67061,APARCAPMR_339,36.7220608,-4.3828247,Paseo Cerrado de Calderón,pmr,2,
PLAZ-PMR-81053,APARCAPMR_1239,36.7373616,-4.4241721,Avenida de Guerrero Strachan,pmr,1,
PLAZ-PMR-66711,APARCAPMR_329,36.7203387,-4.440971,Calle Gustavo García Herrera,pmr,2,
PLAZ-PMR-67214,APARCAPMR_355,36.7300328,-4.4156241,Calle Manrique,pmr,2,
PLAZ-PMR-81051,APARCAPMR_1226,36.7299856,-4.3899159,Calle Lingüista Manuel Seco,pmr,1,
PLAZ-PMR-66367,APARCAPMR_853,36.701975,-4.444683,Avenida de la Paloma,pmr,1,
PLAZ-PMR-67126,APARCAPMR_083,36.7324355,-4.4329472,Calle Poetisa Aurora Cánovas,pmr,2,
PLAZ-PMR-67154,APARCAPMR_089,36.7143669,-4.4375586,Calle Asalto,pmr,2,
PLAZ-PMR-66996,APARCAPMR_425,36.7375386,-4.4243681,Avenida de Guerrero Strachan,pmr,1,
PLAZ-PMR-78437,APARCAPMR_1389,36.72237,-4.4343491,Calle Lanuza,pmr,1,
PLAZ-PMR-67069,APARCAPMR_262,36.7346566,-4.4224839,Calle Albéniz,pmr,2,
PLAZ-PMR-79307,APARCAPMR_1422,36.7368314,-4.4177226,Avenida de Manuel Gorría,pmr,1,
PLAZ-PMR-66494,APARCAPMR_691,36.7464836,-4.4159561,Calle Lágrima,pmr,3,
PLAZ-PMR-66415,APARCAPMR_1076,36.736326,-4.415927,Camino Colmenar,pmr,1,
PLAZ-PMR-66690,APARCAPMR_572,36.730518,-4.4197762,Calle Miguel de Unamuno,pmr,3,
PLAZ-PMR-76893,APARCAPMR_698,36.7367326,-4.418397,Avenida de Manuel Gorría,pmr,1,
PLAZ-PMR-66535,APARCAPMR_605,36.7363037,-4.4215398,Avenida de Manuel Gorría,pmr,3,
PLAZ-PMR-67191,APARCAPMR_265,36.7361844,-4.4164395,Avenida de Manuel Gorría,pmr,1,
PLAZ-PMR-66142,APARCAPMR_823,36.735231,-4.41591,Camino Colmenar,pmr,1,
PLAZ-PMR-66259,APARCAPMR_1162,36.7328395,-4.4193571,Calle Doña,pmr,1,
PLAZ-PMR-66849,APARCAPMR_902,36.730244,-4.414954,Calle Cristo de la Epidemia,pmr,1,
PLAZ-PMR-80909,APARCAPMR_549,36.7211881,-4.3609454,Avenida de Juan Sebastián Elcano,pmr,2,
PLAZ-PMR-66944,APARCAPMR_497,36.723284,-4.410536,Camino Gibralfaro,pmr,3,
PLAZ-PMR-81055,APARCAPMR_1260,36.6644597,-4.5001574,Calle Maestro Vicente Lleó,pmr,1,
PLAZ-PMR-67200,APARCAPMR_098,36.7291272,-4.4092593,Calle Conde de Ureña,pmr,2,
PLAZ-PMR-78440,APARCAPMR_1390,36.6642441,-4.5010256,Avenida de San Javier,pmr,1,
PLAZ-PMR-66374,APARCAPMR_938,36.751074,-4.419584,Calle el Copo,pmr,1,
PLAZ-PMR-66591,APARCAPMR_992,36.740899,-4.422003,Calle José Tallavi,pmr,1,
PLAZ-PMR-66636,APARCAPMR_067,36.7390244,-4.4234374,Calle Leoncio Talavera,pmr,1,
PLAZ-PMR-80979,APARCAPMR_278_B,36.7380191,-4.4223694,Calle Alcalde Eduardo Carvajal,pmr,1,
PLAZ-PMR-67071,APARCAPMR_186,36.7493087,-4.4171282,Calle Alcalde Nicolás Maroto,pmr,2,
PLAZ-PMR-66634,APARCAPMR_143,36.7223134,-4.360024,Calle Padre Hidalgo,pmr,1,
PLAZ-PMR-76695,APARCAPMR_1326,36.7223713,-4.3566668,Avenida de Miraflores del Palo,pmr,1,
PLAZ-PMR-66734,APARCAPMR_949,36.722148,-4.365163,Avenida de Juan Sebastián Elcano,pmr,1,
PLAZ-PMR-66862,APARCAPMR_1021,36.720101,-4.356588,Calle Padre Coloma,pmr,1,
PLAZ-PMR-66193,APARCAPMR_736,36.722925,-4.3635356,Calle Marcos Zapata,pmr,1,
PLAZ-PMR-66577,APARCAPMR_1109,36.722962,-4.363768,Calle Marcos Zapata,pmr,1,
PLAZ-PMR-66357,APARCAPMR_865,36.724204,-4.361562,Calle Luis Taboada,pmr,1,
PLAZ-PMR-66606,APARCAPMR_948,36.7219,-4.364007,Avenida de Juan Sebastián Elcano,pmr,1,
PLAZ-PMR-78436,APARCAPMR_1386,36.7244389,-4.3572139,Avenida de Miraflores del Palo,pmr,1,
PLAZ-PMR-66712,APARCAPMR_1235,36.7427467,-4.4155074,Calle Arroyo Aceitero,pmr,1,
PLAZ-PMR-66614,APARCAPMR_1058,36.725328,-4.362277,Calle Álava,pmr,2,
PLAZ-PMR-66684,APARCAPMR_539,36.7237017,-4.3599468,Calle el Palustre,pmr,2,
PLAZ-PMR-66858,APARCAPMR_975,36.725255,-4.360261,Calle Don Diego de Miranda,pmr,1,
PLAZ-PMR-66893,APARCAPMR_599,36.7225004,-4.3640305,Calle Panamá,pmr,2,
PLAZ-PMR-67048,APARCAPMR_313,36.7171631,-4.3487835,Calle Playa del Chanquete,pmr,4,
PLAZ-PMR-66205,APARCAPMR_1084,36.724188,-4.361769,Calle Álava,pmr,2,
PLAZ-PMR-66288,APARCAPMR_817,36.672397,-4.511205,Calle de Alonso de Mudarra,pmr,1,
PLAZ-PMR-66791,APARCAPMR_413,36.7247911,-4.3595767,Calle Don Diego de Miranda,pmr,2,
PLAZ-PMR-67077,APARCAPMR_354,36.7449636,-4.4162102,Calle Moscatel,pmr,2,
PLAZ-PMR-66508,APARCAPMR_518,36.7314026,-4.4152513,Calle Cristo de la Epidemia,pmr,2,
PLAZ-PMR-66435,APARCAPMR_1160,36.7313476,-4.4144358,Calle Fernando el Católico,pmr,1,
PLAZ-PMR-67012,APARCAPMR_448,36.7325409,-4.4154672,Calle Cristo de la Epidemia,pmr,2,
PLAZ-PMR-66161,APARCAPMR_1238,36.7223069,-4.3751798,Avenida de Juan Sebastián Elcano,pmr,1,
PLAZ-PMR-66233,APARCAPMR_787,36.730296,-4.37066,Calle Eucaliptus,pmr,1,
PLAZ-PMR-66518,APARCAPMR_529,36.7157768,-4.4229975,Calle Barroso,pmr,1,
PLAZ-PMR-66261,APARCAPMR_1074,36.749896,-4.418596,Calle Alcalde Joaquín Quiles,pmr,2,
PLAZ-PMR-67070,APARCAPMR_345,36.7496677,-4.4192632,Calle Alcalde Joaquín Quiles,pmr,1,
PLAZ-PMR-66303,APARCAPMR_844,36.749693,-4.419208,Calle Alcalde Joaquín Quiles,pmr,1,
PLAZ-PMR-66536,APARCAPMR_646,36.7495511,-4.4216423,Calle Alcalde Joaquín Quiles,pmr,2,
PLAZ-PMR-66852,APARCAPMR_988,36.741574,-4.421059,Calle Emilio Orejón,pmr,1,
PLAZ-PMR-66826,APARCAPMR_1170,36.7155377,-4.4136196,Paseo de la Farola,pmr,2,
PLAZ-PMR-66827,APARCAPMR_1171,36.7187466,-4.4121109,Paseo de la Farola,pmr,1,
PLAZ-PMR-66537,APARCAPMR_598,36.7492609,-4.4174373,Calle Alcalde Nicolás Maroto,pmr,1,
PLAZ-PMR-66921,APARCAPMR_470,36.7244692,-4.4174118,Calle Frailes,pmr,2,
PLAZ-PMR-78719,APARCAPMR_1391,36.7500547,-4.4245868,Avenida de Jacinto Benavente,pmr,1,
PLAZ-PMR-76027,APARCAPMR_1300,36.7396032,-4.4327119,Calle Deva,pmr,1,
PLAZ-PMR-74585,APARCAPMR_719,36.7263059,-4.4052668,Paseo de Salvador Rueda,pmr,1,
PLAZ-PMR-76286,APARCAPMR_1320,36.7518551,-4.4284408,Avenida de Jane Bowles,pmr,2,
PLAZ-PMR-67119,APARCAPMR_021,36.7393303,-4.4294748,Calle Doctor Salguero Morales,pmr,2,
PLAZ-PMR-80931,APARCAPMR_733,36.7509206,-4.4244862,Avenida de Jacinto Benavente,pmr,2,
PLAZ-PMR-66910,APARCAPMR_433,36.7207111,-4.4118861,Plaza del General Torrijos,pmr,2,
PLAZ-PMR-66918,APARCAPMR_456,36.7296001,-4.4110671,Calle Conde de Ureña,pmr,1,
PLAZ-PMR-66674,APARCAPMR_1178,36.7515345,-4.4201159,Calle Escultor Mariano Benlliure,pmr,2,
PLAZ-PMR-67290,APARCAPMR_078,36.7387284,-4.4321056,Calle Deva,pmr,2,
PLAZ-PMR-67118,APARCAPMR_019,36.7392732,-4.4323236,Calle Deva,pmr,2,
PLAZ-PMR-66181,APARCAPMR_732,36.75141,-4.4196528,Calle el Copo,pmr,2,
PLAZ-PMR-78856,APARCAPMR_1409,36.7501307,-4.4275413,Avenida de Jane Bowles,pmr,1,
PLAZ-PMR-66902,APARCAPMR_667,36.7004339,-4.4434118,Calle José Crooke,pmr,1,
PLAZ-PMR-80921,APARCAPMR_668,36.7006311,-4.4433724,Calle José Crooke,pmr,1,
PLAZ-PMR-66382,APARCAPMR_980,36.706858,-4.433562,Calle Leopoldo Alas 'clarín',pmr,1,
PLAZ-PMR-66900,APARCAPMR_615,36.7307137,-4.4505177,Calle Gerardo Diego,pmr,1,
PLAZ-PMR-66391,APARCAPMR_647,36.703708,-4.4479434,Calle Canónigo Fernández de Ávila,pmr,1,
PLAZ-PMR-66794,APARCAPMR_561,36.7232416,-4.4357125,Calle Eugenio Gross,pmr,2,
PLAZ-PMR-80969,APARCAPMR_815_B,36.7299006,-4.4424654,Avenida de Miraflores de los Ángeles,pmr,4,
PLAZ-PMR-66402,APARCAPMR_945,36.723357,-4.468848,Calle Miguel Carrera,pmr,2,
PLAZ-PMR-67098,APARCAPMR_191,36.7222892,-4.4358245,Calle Eugenio Gross,pmr,1,
PLAZ-PMR-66699,APARCAPMR_978,36.70168,-4.442426,Calle Jacobo Laan,pmr,1,
PLAZ-PMR-66637,APARCAPMR_101,36.7253952,-4.4479728,Calle Encarnación Fontiveros,pmr,4,
PLAZ-PMR-67089,APARCAPMR_008,36.7237097,-4.4345927,Calle Andalucía,pmr,3,
PLAZ-PMR-66947,APARCAPMR_300,36.7080237,-4.443382,Calle Eduardo Torres Roybon,pmr,2,
PLAZ-PMR-80994,APARCAPMR_889,36.7248264,-4.4534253,Calle Oscar Wilde,pmr,1,
PLAZ-PMR-67254,APARCAPMR_148,36.7013893,-4.4403968,Calle Comandante Román,pmr,2,
PLAZ-PMR-76288,APARCAPMR_1313,36.7361421,-4.4464006,Avenida de las Musas,pmr,1,
PLAZ-PMR-67182,APARCAPMR_123,36.7115448,-4.4515188,Calle Mirra,pmr,2,
PLAZ-PMR-66231,APARCAPMR_783,36.73316,-4.466458,Calle Julio Verne,pmr,1,
PLAZ-PMR-66329,APARCAPMR_839,36.7446124,-4.4777522,Calle Rocinante,pmr,1,
PLAZ-PMR-66670,APARCAPMR_687,36.742872,-4.478464,Calle Rocinante,pmr,1,
PLAZ-PMR-66896,APARCAPMR_729,36.7082361,-4.4334045,Calle Ayala,pmr,2,
PLAZ-PMR-77448,APARCAPMR_1322,36.7099956,-4.4436852,Calle Andarax,pmr,1,
PLAZ-PMR-81044,APARCAPMR_1210,36.7085322,-4.4427146,Calle Pedro de Paz,pmr,1,
PLAZ-PMR-66946,APARCAPMR_228,36.7089882,-4.4475619,Calle Periana,pmr,2,
PLAZ-PMR-80629,APARCAPMR_1449,36.7223056,-4.4555002,Calle Martín de la Plaza,pmr,1,
PLAZ-PMR-75828,APARCAPMR_1305,36.7325792,-4.4490214,Calle Hipócrates,pmr,2,
PLAZ-PMR-66437,APARCAPMR_1189,36.7316452,-4.4481495,Calle Hipócrates,pmr,1,
PLAZ-PMR-66425,APARCAPMR_642,36.6927814,-4.4415309,Calle Omar,pmr,1,
PLAZ-PMR-67004,APARCAPMR_435,36.7242049,-4.4666687,Calle José Carmona,pmr,1,
PLAZ-PMR-66793,APARCAPMR_590,36.691926,-4.4569463,Calle Juan Martínez Montañés,pmr,1,
PLAZ-PMR-76806,APARCAPMR_1206,36.7214128,-4.4625816,Calle Juan de Robles,pmr,1,
PLAZ-PMR-67179,APARCAPMR_224,36.7232722,-4.4574921,Calle Juan de Robles,pmr,3,
PLAZ-PMR-67274,APARCAPMR_485,36.7268463,-4.5508718,Calle Fausto,pmr,2,
PLAZ-PMR-66130,APARCAPMR_828,36.7092808,-4.4411864,Calle Gregorio de Frías,pmr,1,
PLAZ-PMR-76804,APARCAPMR_1277,36.7142618,-4.4626736,Calle Fiscal Luis Portero García,pmr,2,
PLAZ-PMR-66244,APARCAPMR_779,36.72036,-4.436556,Calle Monseñor Carrillo Rubio,pmr,1,
PLAZ-PMR-80977,APARCAPMR_223_B,36.7189468,-4.4609176,Calle Béla Bártok,pmr,1,
PLAZ-PMR-66234,APARCAPMR_773,36.7245798,-4.4629761,Calle Orson Welles,pmr,1,
PLAZ-PMR-66436,APARCAPMR_1187,36.7188343,-4.4327537,Calle Esperanto,pmr,3,
PLAZ-PMR-67003,APARCAPMR_432,36.725558,-4.4612525,Calle Mesonero Romanos,pmr,2,
PLAZ-PMR-76805,APARCAPMR_1276,36.7152792,-4.4607915,Calle Fiscal Luis Portero García,pmr,3,
PLAZ-PMR-66249,APARCAPMR_801,36.7123706,-4.4549606,Calle Tomás Moro,pmr,1,
PLAZ-PMR-66876,APARCAPMR_616,36.7215018,-4.461498,Calle Juan de Robles,pmr,1,
PLAZ-PMR-66371,APARCAPMR_911,36.721758,-4.460743,Calle Juan de Robles,pmr,1,
PLAZ-PMR-66750,APARCAPMR_915,36.699663,-4.443106,Calle Jorge Guillén,pmr,1,
PLAZ-PMR-66270,APARCAPMR_1169,36.7103061,-4.427496,Calle Jacinto Verdaguer,pmr,3,
PLAZ-PMR-67145,APARCAPMR_298,36.7104057,-4.4415953,Calle Almanzor,pmr,1,
PLAZ-PMR-81007,APARCAPMR_1466,36.7299525,-4.4425385,Avenida de Miraflores de los Ángeles,pmr,1,
PLAZ-PMR-67162,APARCAPMR_348,36.7162132,-4.4524579,Calle Corregidor Jerónimo Valenzuela,pmr,2,
PLAZ-PMR-81062,APARCAPMR_1324,36.7449423,-4.419009,Calle Jerez Perchet,pmr,1,
PLAZ-PMR-66906,APARCAPMR_407,36.7264164,-4.4349682,Calle Eugenio Gross,pmr,2,
PLAZ-PMR-66802,APARCAPMR_660,36.7249975,-4.439119,Calle Morales Villarrubia,pmr,1,
PLAZ-PMR-81021,APARCAPMR_1292,36.7152604,-4.4313389,Calle Rachmaninov,pmr,2,
PLAZ-PMR-78438,APARCAPMR_1388,36.7223754,-4.4356326,Calle Lanuza,pmr,1,
PLAZ-PMR-66174,APARCAPMR_706,36.745466,-4.4252781,Calle Borodín,pmr,1,
PLAZ-PMR-66317,APARCAPMR_871,36.7455982,-4.4270524,Calle Borodín,pmr,2,
PLAZ-PMR-66975,APARCAPMR_389,36.7259536,-4.426644,Calle la Regente,pmr,1,
PLAZ-PMR-67039,APARCAPMR_036,36.7292024,-4.4186309,Plaza del Maestro Artola,pmr,3,
PLAZ-PMR-67241,APARCAPMR_107,36.6941987,-4.4491323,Calle Joaquín Rodrigo,pmr,3,
PLAZ-PMR-66295,APARCAPMR_818,36.695,-4.446365,Calle Eduardo de Palacio,pmr,2,
PLAZ-PMR-66318,APARCAPMR_856,36.702851,-4.446192,Calle Concejal Masso Roura,pmr,1,
PLAZ-PMR-66916,APARCAPMR_365,36.7268194,-4.4278201,Avenida del Doctor Gálvez Ginachero,pmr,2,
PLAZ-PMR-66753,APARCAPMR_1002,36.745355,-4.417159,Calle Moscatel,pmr,1,
PLAZ-PMR-66774,APARCAPMR_318,36.6949698,-4.4539911,Calle Baltasar Gracián,pmr,2,
PLAZ-PMR-66299,APARCAPMR_863,36.7250262,-4.4317886,Calle Calzada de la Trinidad,pmr,1,
PLAZ-PMR-66308,APARCAPMR_875,36.701007,-4.452571,Calle Cancho Pérez,pmr,2,
PLAZ-PMR-67097,APARCAPMR_287,36.7244735,-4.4373594,Calle Francisco Ferrer,pmr,1,
PLAZ-PMR-66857,APARCAPMR_977,36.724612,-4.438159,Calle Francisco Ferrer,pmr,1,
PLAZ-PMR-67205,APARCAPMR_153,36.7258491,-4.4289834,Calle la Regente,pmr,2,
PLAZ-PMR-67032,APARCAPMR_068,36.7259493,-4.4294731,Calle la Regente,pmr,2,
PLAZ-PMR-67076,APARCAPMR_206,36.7457255,-4.4207217,Calle Jerez Perchet,pmr,2,
PLAZ-PMR-67289,APARCAPMR_526,36.7000296,-4.4492885,Calle Cayetano de Cabra,pmr,1,
PLAZ-PMR-66342,APARCAPMR_141,36.69498,-4.4548186,Avenida de Bonaire,pmr,2,
PLAZ-PMR-67001,APARCAPMR_430,36.6975349,-4.4522256,Calle Currito de la Cruz,pmr,1,
PLAZ-PMR-67288,APARCAPMR_524,36.6949784,-4.4542848,Avenida de Bonaire,pmr,1,
PLAZ-PMR-67158,APARCAPMR_332,36.7206977,-4.4380152,Calle Capitán Huelin,pmr,1,
PLAZ-PMR-66840,APARCAPMR_1107,36.69991,-4.447461,Avenida de Manuel Torres,pmr,1,
PLAZ-PMR-67222,APARCAPMR_119,36.7186375,-4.4271422,Calle Cerezuela,pmr,2,
PLAZ-PMR-66759,APARCAPMR_1032,36.700372,-4.447195,Calle Manuel Vargas,pmr,2,
PLAZ-PMR-66924,APARCAPMR_477,36.6872017,-4.4494776,Calle Líbar,pmr,2,
PLAZ-PMR-66346,APARCAPMR_227,36.6979888,-4.4547073,Calle el Ches,pmr,1,
PLAZ-PMR-66901,APARCAPMR_613,36.6979371,-4.4548709,Calle el Ches,pmr,1,
PLAZ-PMR-67236,APARCAPMR_258,36.6953125,-4.445292,Calle Guillermo Carrera Rubio,pmr,2,
PLAZ-PMR-66781,APARCAPMR_200,36.7206004,-4.4345625,Calle Honduras,pmr,2,
PLAZ-PMR-66511,APARCAPMR_247,36.6981672,-4.4513592,Calle Currito de la Cruz,pmr,2,
PLAZ-PMR-66355,APARCAPMR_142,36.6981545,-4.4513321,Calle Currito de la Cruz,pmr,2,
PLAZ-PMR-66919,APARCAPMR_459,36.697521,-4.4520459,Calle Currito de la Cruz,pmr,1,
PLAZ-PMR-66398,APARCAPMR_555,36.7203516,-4.429174,Calle Armengual de la Mota,pmr,1,
PLAZ-PMR-66195,APARCAPMR_753,36.743571,-4.426441,Avenida de Jane Bowles,pmr,1,
PLAZ-PMR-66576,APARCAPMR_1105,36.74608,-4.417687,Calle Jerez Perchet,pmr,1,
PLAZ-PMR-67190,APARCAPMR_263,36.7269044,-4.4293329,Avenida del Doctor Gálvez Ginachero,pmr,1,
PLAZ-PMR-66360,APARCAPMR_886,36.6937622,-4.4443701,Calle Luis Barahona de Soto,pmr,1,
PLAZ-PMR-66366,APARCAPMR_883,36.734476,-4.480648,Calle Nísperos,pmr,1,
PLAZ-PMR-66817,APARCAPMR_961,36.738299,-4.431997,Calle Deva,pmr,1,
PLAZ-PMR-66218,APARCAPMR_1118,36.7256008,-4.5505622,Calle de Eneas,pmr,1,
PLAZ-PMR-66256,APARCAPMR_1040,36.727456,-4.413555,Calle Compás de la Victoria,pmr,1,
PLAZ-PMR-67206,APARCAPMR_199,36.7286972,-4.4243192,Calle Duque de Rivas,pmr,2,
PLAZ-PMR-76026,APARCAPMR_1297,36.7456915,-4.4262966,Avenida de Jane Bowles,pmr,1,
PLAZ-PMR-81015,APARCAPMR_1396,36.6993099,-4.4476431,Calle Antonio Chacón,pmr,3,
PLAZ-PMR-66803,APARCAPMR_595,36.7246363,-4.442516,Calle Tomás Escalonilla,pmr,2,
PLAZ-PMR-66970,APARCAPMR_383,36.6673222,-4.5017311,Calle Lomita,pmr,1,
PLAZ-PMR-66406,APARCAPMR_888,36.726912,-4.428715,Avenida del Doctor Gálvez Ginachero,pmr,1,
PLAZ-PMR-67151,APARCAPMR_221,36.7089516,-4.4532971,Calle Ubrique,pmr,1,
PLAZ-PMR-66984,APARCAPMR_406,36.7245073,-4.435616,Calle Eugenio Gross,pmr,1,
PLAZ-PMR-66223,APARCAPMR_1255,36.7295968,-4.4214251,Calle Eduardo Domínguez Ávila,pmr,1,
PLAZ-PMR-67094,APARCAPMR_012,36.7247653,-4.4314331,Calle Calzada de la Trinidad,pmr,2,
PLAZ-PMR-66447,APARCAPMR_1001,36.745254,-4.419642,Calle Jerez Perchet,pmr,1,
PLAZ-PMR-67007,APARCAPMR_443,36.7087022,-4.4543499,Calle Cisne,pmr,3,
PLAZ-PMR-66765,APARCAPMR_592,36.7436305,-4.4233911,Calle Licenciado González García,pmr,1,
PLAZ-PMR-77782,APARCAPMR_1328,36.7442348,-4.4253909,Calle Joaquín Gaztambide,pmr,1,
PLAZ-PMR-66801,APARCAPMR_672,36.7271462,-4.437926,Calle Moraima,pmr,1,
PLAZ-PMR-81009,APARCAPMR_1421,36.7180874,-4.5203062,Calle Conrado del Campo,pmr,1,
PLAZ-PMR-81029,APARCAPMR_1419,36.7173242,-4.5200801,Calle Conrado del Campo,pmr,1,
PLAZ-PMR-81030,APARCAPMR_1420,36.7181292,-4.5200738,Calle Conrado del Campo,pmr,1,
PLAZ-PMR-81028,APARCAPMR_1418,36.7173793,-4.5198739,Calle Conrado del Campo,pmr,1,
PLAZ-PMR-66810,APARCAPMR_998,36.732726,-4.5742,Calle Ronda del Norte,pmr,1,
PLAZ-PMR-66404,APARCAPMR_1010,36.664981,-4.502532,Avenida de San Javier,pmr,1,
PLAZ-PMR-66542,APARCAPMR_1159,36.7287567,-4.5713762,Calle Abel,pmr,3,
PLAZ-PMR-77271,APARCAPMR_1318,36.7280294,-4.5330152,Calle Bauxita,pmr,2,
PLAZ-PMR-66378,APARCAPMR_1009,36.725858,-4.428069,Calle la Regente,pmr,1,
PLAZ-PMR-79306,APARCAPMR_1423,36.667216,-4.5014622,Calle de Gaspar Sanz,pmr,1,
PLAZ-PMR-66751,APARCAPMR_972,36.666596,-4.49975,Calle de Gaspar Sanz,pmr,1,
PLAZ-PMR-77982,APARCAPMR_1358,36.7288322,-4.5461847,Calle José Calderón,pmr,1,
PLAZ-PMR-77983,APARCAPMR_1359,36.7281565,-4.5449943,Calle José Calderón,pmr,1,
PLAZ-PMR-66707,APARCAPMR_080,36.7211105,-4.4373802,Calle Capitán Marcos García,pmr,2,
PLAZ-PMR-66491,APARCAPMR_684,36.7232674,-4.4698758,Calle Miguel Carrera,pmr,1,
PLAZ-PMR-66622,APARCAPMR_607,36.665394,-4.5033337,Avenida de San Javier,pmr,2,
PLAZ-PMR-66255,APARCAPMR_774,36.664508,-4.501471,Avenida de San Javier,pmr,1,
PLAZ-PMR-81003,APARCAPMR_4162,36.7249519,-4.5457811,Calle Bucarest,pmr,1,
PLAZ-PMR-66200,APARCAPMR_1166,36.7171733,-4.4654452,Calle Gustavo Pittaluga,pmr,1,
PLAZ-PMR-66206,APARCAPMR_1104,36.72448,-4.539524,Calle José Calderón,pmr,1,
PLAZ-PMR-66140,APARCAPMR_821,36.6646455,-4.5050986,Calle Fedora,pmr,1,
PLAZ-PMR-66887,APARCAPMR_528,36.7264346,-4.533752,Carretera de Campanillas a Colmenarejo,pmr,1,
PLAZ-PMR-80928,APARCAPMR_721,36.7048756,-4.438414,Calle la Caramba,pmr,1,
PLAZ-PMR-66602,APARCAPMR_991,36.728077,-4.533041,Calle Bauxita,pmr,1,
PLAZ-PMR-66965,APARCAPMR_377,36.6987914,-4.475654,Calle Driza,pmr,2,
PLAZ-PMR-75485,APARCAPMR_1303,36.7519584,-4.4225392,Calle Maese Nicolás,pmr,1,
PLAZ-PMR-66167,APARCAPMR_1046,36.724952,-4.540198,Calle José Calderón,pmr,1,
PLAZ-PMR-67019,APARCAPMR_458,36.7050617,-4.4929576,Calle Guillermo Lee,pmr,1,
PLAZ-PMR-66908,APARCAPMR_417,36.7123737,-4.4355818,Calle Edison,pmr,1,
PLAZ-PMR-77981,APARCAPMR_1357,36.7291929,-4.5466655,Calle José Calderón,pmr,1,
PLAZ-PMR-66851,APARCAPMR_982,36.722362,-4.36412,Calle Panamá,pmr,1,
PLAZ-PMR-66999,APARCAPMR_428,36.6848312,-4.4569611,Calle Lilí Álvarez,pmr,1,
PLAZ-PMR-66240,APARCAPMR_751,36.719838,-4.435829,Calle Honduras,pmr,1,
PLAZ-PMR-80628,APARCAPMR_1448,36.7059277,-4.492977,Calle Luxemburgo,pmr,1,
PLAZ-PMR-66594,APARCAPMR_921,36.70655,-4.492441,Calle José María Jacquard,pmr,1,
PLAZ-PMR-66159,APARCAPMR_1167,36.7275928,-4.5341641,Calle Bauxita,pmr,1,
PLAZ-PMR-66777,APARCAPMR_127,36.6912463,-4.4480279,Avenida de los Guindos,pmr,5,
PLAZ-PMR-67224,APARCAPMR_201,36.7053262,-4.4353169,Calle Capulino Jáuregui,pmr,2,
PLAZ-PMR-67148,APARCAPMR_276,36.7196598,-4.4360163,Calle Monseñor Carrillo Rubio,pmr,1,
PLAZ-PMR-67270,APARCAPMR_335,36.7272897,-4.5437801,Calle José Calderón,pmr,1,
PLAZ-PMR-66659,APARCAPMR_641,36.7197087,-4.477327,Calle de Antígona,pmr,2,
PLAZ-PMR-66266,APARCAPMR_1041,36.720565,-4.476799,Calle de Antígona,pmr,1,
PLAZ-PMR-66287,APARCAPMR_805,36.690788,-4.447207,Avenida de los Guindos,pmr,1,
PLAZ-PMR-80908,APARCAPMR_244,36.7188451,-4.4362235,Calle Capitán Huelin,pmr,3,
PLAZ-PMR-78715,APARCAPMR_1400,36.7028728,-4.4356986,Calle las Navas,pmr,1,
PLAZ-PMR-81054,APARCAPMR_1250,36.7321817,-4.4688326,Calle Sumatra,pmr,1,
PLAZ-PMR-67149,APARCAPMR_196,36.7191852,-4.4356455,Calle Alférez Simo Castillo,pmr,1,
PLAZ-PMR-66221,APARCAPMR_1114,36.72827,-4.550108,Calle de Eneas,pmr,1,
PLAZ-PMR-66741,APARCAPMR_930,36.719509,-4.435848,Calle Monseñor Carrillo Rubio,pmr,1,
PLAZ-PMR-66736,APARCAPMR_996,36.738556,-4.555126,Calle Severo Ochoa,pmr,1,
PLAZ-PMR-66655,APARCAPMR_670,36.690642,-4.454028,Calle Palma del Río,pmr,2,
PLAZ-PMR-67263,APARCAPMR_242,36.6785049,-4.4480896,Paseo Ibérico,pmr,1,
PLAZ-PMR-66369,APARCAPMR_885,36.720954,-4.471875,Avenida de José Ribera,pmr,1,
PLAZ-PMR-66743,APARCAPMR_994,36.722632,-4.472516,Avenida de José Ribera,pmr,1,
PLAZ-PMR-66994,APARCAPMR_422,36.7249953,-4.5474051,Calle Helsinki,pmr,2,
PLAZ-PMR-66933,APARCAPMR_225,36.7215958,-4.4722462,Avenida de José Ribera,pmr,1,
PLAZ-PMR-66347,APARCAPMR_327,36.6901322,-4.4451264,Avenida de los Guindos,pmr,1,
PLAZ-PMR-67021,APARCAPMR_461,36.7266555,-4.5427803,Calle José Calderón,pmr,1,
PLAZ-PMR-66986,APARCAPMR_398,36.7093651,-4.4347325,Calle Edward Elgar,pmr,1,
PLAZ-PMR-66408,APARCAPMR_981,36.70242,-4.448702,Calle Emilio Lafuente Alcántara,pmr,2,
PLAZ-PMR-66304,APARCAPMR_849,36.708824,-4.450272,Plaza del Alcalde Enrique Gómez Rodríguez,pmr,1,
PLAZ-PMR-66517,APARCAPMR_531,36.6917077,-4.4461081,Calle Luis Barahona de Soto,pmr,2,
PLAZ-PMR-67231,APARCAPMR_271,36.6918831,-4.447845,Calle Francisco Pacheco,pmr,2,
PLAZ-PMR-78443,APARCAPMR_1394,36.7117731,-4.4637472,Calle Pierrot,pmr,1,
PLAZ-PMR-76808,APARCAPMR_1217,36.7228252,-4.4800208,Avenida de Parménides,pmr,1,
PLAZ-PMR-66991,APARCAPMR_416,36.7243525,-4.4800615,Avenida de Parménides,pmr,1,
PLAZ-PMR-66145,APARCAPMR_829,36.733833,-4.485991,Calle Nenúfar,pmr,1,
PLAZ-PMR-66315,APARCAPMR_866,36.734621,-4.485016,Calle de Balzac,pmr,1,
PLAZ-PMR-67020,APARCAPMR_460,36.6914528,-4.4467539,Calle Francisco Pacheco,pmr,1,
PLAZ-PMR-81012,APARCAPMR_1063,36.6912197,-4.4480371,Calle Francisco Pacheco,pmr,2,
PLAZ-PMR-66834,APARCAPMR_1091,36.721457,-4.476197,Calle de Antígona,pmr,1,
PLAZ-PMR-66756,APARCAPMR_1043,36.733068,-4.482244,Calle Nogales,pmr,1,
PLAZ-PMR-66241,APARCAPMR_762,36.722873,-4.48976,Calle José María González Ruiz,pmr,1,
PLAZ-PMR-66520,APARCAPMR_525,36.6879233,-4.4562086,Calle Palma del Río,pmr,2,
PLAZ-PMR-66392,APARCAPMR_612,36.6892654,-4.4554476,Calle Palma del Río,pmr,1,
PLAZ-PMR-80036,APARCAPMR_1435,36.7254704,-4.4746075,Calle Escritora Josefina Aldecoa,pmr,1,
PLAZ-PMR-66983,APARCAPMR_405,36.7444389,-4.4877058,Calle Juan Pérez de Viedma,pmr,1,
PLAZ-PMR-81032,APARCAPMR_1106,36.6914757,-4.463026,Pasaje Amantillo,pmr,1,
PLAZ-PMR-67169,APARCAPMR_024,36.7110138,-4.4361482,Pasaje Eguiluz,pmr,4,
PLAZ-PMR-67199,APARCAPMR_108,36.7046278,-4.4369638,Calle Ayala,pmr,2,
PLAZ-PMR-67022,APARCAPMR_462,36.7253501,-4.542378,Calle Pedro Cevallos,pmr,1,
PLAZ-PMR-66661,APARCAPMR_673,36.7406359,-4.4848204,Calle Leandra,pmr,1,
PLAZ-PMR-66466,APARCAPMR_1273,36.7258818,-4.4929222,Calle Manuel Flores Calderón,pmr,1,
PLAZ-PMR-66338,APARCAPMR_334,36.7210471,-4.4529524,Calle Zaragüeta,pmr,1,
PLAZ-PMR-66755,APARCAPMR_1123,36.7241603,-4.4572805,Calle Ruy López,pmr,1,
PLAZ-PMR-66940,APARCAPMR_093,36.7051391,-4.4552337,Calle Sanhedún,pmr,3,
PLAZ-PMR-66870,APARCAPMR_669,36.7100117,-4.446326,Calle Río Águeda,pmr,2,
PLAZ-PMR-78714,APARCAPMR_1397,36.7143396,-4.4443245,Calle Záncara,pmr,1,
PLAZ-PMR-80145,APARCAPMR_1438,36.7336995,-4.4903643,Avenida Rocío Jurado,pmr,1,
PLAZ-PMR-66440,APARCAPMR_997,36.697896,-4.45791,El Camará,pmr,3,
PLAZ-PMR-66570,APARCAPMR_714,36.7452763,-4.4828738,Calle Fuente Alegre,pmr,1,
PLAZ-PMR-67187,APARCAPMR_328,36.7234576,-4.4555327,Calle Ruy López,pmr,2,
PLAZ-PMR-66665,APARCAPMR_680,36.6930094,-4.4546174,Calle Chico del Matadero,pmr,2,
PLAZ-PMR-67229,APARCAPMR_306,36.6987081,-4.4537792,Calle Conejito de Málaga,pmr,1,
PLAZ-PMR-76897,APARCAPMR_1283,36.6978117,-4.454126,Calle Ingeniero de la Cierva,pmr,1,
PLAZ-PMR-66273,APARCAPMR_1182,36.7160063,-4.4451463,Calle Virgen de la Servita,pmr,1,
PLAZ-PMR-66872,APARCAPMR_611,36.699063,-4.476384,Calle Tarquina,pmr,2,
PLAZ-PMR-77272,APARCAPMR_1316,36.6905193,-4.4564914,Avenida de Molière,pmr,1,
PLAZ-PMR-81004,APARCAPMR_1469,36.7013121,-4.4363095,Calle Emilio de la Cerda,pmr,1,
PLAZ-PMR-66407,APARCAPMR_909,36.715628,-4.429472,Calle Callejones del Perchel,pmr,3,
PLAZ-PMR-66580,APARCAPMR_1249,36.7161899,-4.4441308,Calle Virgen de la Servita,pmr,1,
PLAZ-PMR-66495,APARCAPMR_675,36.7101805,-4.4311025,Calle Góngora,pmr,2,
PLAZ-PMR-66134,APARCAPMR_809,36.697043,-4.443493,Calle Trafalgar,pmr,2,
PLAZ-PMR-81006,APARCAPMR_1467,36.7259239,-4.4404847,Calle los Rosales,pmr,1,
PLAZ-PMR-66208,APARCAPMR_1119,36.7118914,-4.429199,Calle Salitre,pmr,1,
PLAZ-PMR-66875,APARCAPMR_233,36.7185461,-4.4473688,Calle del Politécnico,pmr,2,
PLAZ-PMR-66649,APARCAPMR_677,36.663513,-4.499818,Calle Isabel Colbran,pmr,1,
PLAZ-PMR-67223,APARCAPMR_087,36.7274525,-4.4201624,Calle San Millán,pmr,2,
PLAZ-PMR-66396,APARCAPMR_177,36.7010462,-4.448618,Calle José Palanca,pmr,2,
PLAZ-PMR-76895,APARCAPMR_899,36.7021443,-4.4373936,Calle Emilio de la Cerda,pmr,2,
PLAZ-PMR-67256,APARCAPMR_104,36.6981339,-4.4475632,Calle Giuseppe Micael,pmr,2,
PLAZ-PMR-81022,APARCAPMR_1078,36.726343,-4.3636526,Camino San Antón,pmr,1,
PLAZ-PMR-78391,APARCAPMR_1337,36.7048213,-4.4553572,Calle Sanhedún,pmr,1,
PLAZ-PMR-66976,APARCAPMR_393,36.7274138,-4.4202563,Calle San Millán,pmr,1,
PLAZ-PMR-66238,APARCAPMR_785,36.739047,-4.418876,Avenida de las Postas,pmr,1,
PLAZ-PMR-66442,APARCAPMR_905,36.751721,-4.421552,Calle Urganda,pmr,2,
PLAZ-PMR-66166,APARCAPMR_1233,36.7004981,-4.449188,Calle Niño de Gloria,pmr,1,
PLAZ-PMR-67227,APARCAPMR_165,36.6932589,-4.4550768,Calle Chico del Matadero,pmr,2,
PLAZ-PMR-66943,APARCAPMR_159,36.7152538,-4.4428405,Calle Virgen de la Estrella,pmr,1,
PLAZ-PMR-67062,APARCAPMR_218,36.7253699,-4.3986779,Calle San Vicente de Paul,pmr,3,
PLAZ-PMR-67059,APARCAPMR_117,36.7188154,-4.3593145,Calle Quitapenas,pmr,2,
PLAZ-PMR-76289,APARCAPMR_1294,36.6972333,-4.4524,Calle Ingeniero de la Cierva,pmr,1,
PLAZ-PMR-66284,APARCAPMR_793,36.7317813,-4.4189654,Calle Varela,pmr,1,
PLAZ-PMR-66816,APARCAPMR_927,36.733471,-4.415499,Calle Periodista Juanito Cortés,pmr,1,
PLAZ-PMR-66421,APARCAPMR_1053,36.723326,-4.437733,Pasaje Urbasa,pmr,1,
PLAZ-PMR-67249,APARCAPMR_147,36.7007129,-4.4487521,Calle Niño de Gloria,pmr,1,
PLAZ-PMR-66544,APARCAPMR_1234,36.7005802,-4.4491112,Calle Niño de Gloria,pmr,1,
PLAZ-PMR-66597,APARCAPMR_983,36.693605,-4.455311,Calle Chico del Matadero,pmr,1,
PLAZ-PMR-81023,APARCAPMR_1080,36.7384996,-4.4236543,Calle Fray Bernardo Manrique,pmr,1,
PLAZ-PMR-66228,APARCAPMR_758,36.746326,-4.423346,Calle Potro de Córdoba,pmr,2,
PLAZ-PMR-66560,APARCAPMR_699,36.7315074,-4.4195455,Alameda Barceló,pmr,1,
PLAZ-PMR-66969,APARCAPMR_382,36.6678687,-4.5011571,Calle de la Vega,pmr,1,
PLAZ-PMR-66526,APARCAPMR_901,36.730932,-4.420644,Calle Vicente Gómez de Cádiz,pmr,2,
PLAZ-PMR-66697,APARCAPMR_543,36.7380845,-4.4200751,Avenida de las Postas,pmr,2,
PLAZ-PMR-66540,APARCAPMR_1184,36.74579,-4.4142752,Calle Sansón Carrasco,pmr,2,
PLAZ-PMR-80944,APARCAPMR_834,36.7268833,-4.4345431,Calle Velarde,pmr,2,
PLAZ-PMR-77788,APARCAPMR_1327,36.731228,-4.4206892,Alameda Barceló,pmr,1,
PLAZ-PMR-67121,APARCAPMR_076,36.7261987,-4.4309127,Calle Velarde,pmr,2,
PLAZ-PMR-80901,APARCAPMR_37,36.714731,-4.4292574,Calle Malpica,pmr,1,
PLAZ-PMR-80993,APARCAPMR_960,36.72284,-4.3748884,Calle Ventura de la Vega,pmr,1,
PLAZ-PMR-66197,APARCAPMR_766,36.664742,-4.500159,Calle Isabel Dalvo,pmr,1,
PLAZ-PMR-67245,APARCAPMR_163,36.6990124,-4.4465017,Calle Moreti,pmr,1,
PLAZ-PMR-74625,APARCAPMR_734,36.7248095,-4.3957134,Calle San Vicente de Paul,pmr,2,
PLAZ-PMR-67117,APARCAPMR_337,36.7376009,-4.4315551,Calle Duero,pmr,2,
PLAZ-PMR-78858,APARCAPMR_1410,36.7364646,-4.4232258,Calle Emilio Díaz,pmr,1,
PLAZ-PMR-66394,APARCAPMR_588,36.7054251,-4.4405425,Carril de la Cordobesa,pmr,2,
PLAZ-PMR-66713,APARCAPMR_1082,36.731325,-4.422873,Calle Peinado,pmr,2,
PLAZ-PMR-66196,APARCAPMR_759,36.754051,-4.424787,Camino de Casabermeja,pmr,2,
PLAZ-PMR-66449,APARCAPMR_933,36.704857,-4.441279,Avenida de Juan Xxiii,pmr,1,
PLAZ-PMR-66632,APARCAPMR_094,36.719438,-4.366883,Paseo Marítimo el Pedregal,pmr,2,
PLAZ-PMR-67051,APARCAPMR_216,36.719093,-4.367075,Paseo Marítimo el Pedregal,pmr,2,
PLAZ-PMR-67050,APARCAPMR_110,36.7209002,-4.3629119,Calle Arquitecto Eduardo Esteve,pmr,2,
PLAZ-PMR-66192,APARCAPMR_740,36.720096,-4.358591,Calle Practicante Fernández Alcolea,pmr,2,
PLAZ-PMR-66682,APARCAPMR_567,36.7131983,-4.4414887,Calle Conde de Guadalhorce,pmr,2,
PLAZ-PMR-67268,APARCAPMR_229,36.7037964,-4.4348621,Calle de Antonio Soler,pmr,2,
PLAZ-PMR-66766,APARCAPMR_664,36.7416477,-4.4229271,Calle Obispo Julián,pmr,1,
PLAZ-PMR-67167,APARCAPMR_020,36.7176705,-4.4385805,Calle Diego Vázquez Otero,pmr,6,
PLAZ-PMR-67142,APARCAPMR_053,36.7176641,-4.4389567,Calle Diego Vázquez Otero,pmr,4,
PLAZ-PMR-66626,APARCAPMR_545,36.7525362,-4.4191861,Calle Pastora Imperio,pmr,2,
PLAZ-PMR-66942,APARCAPMR_158,36.7210352,-4.4072288,Avenida de Príes,pmr,2,
PLAZ-PMR-67082,APARCAPMR_121,36.7495613,-4.4218469,Calle Emilio Thuillier,pmr,3,
PLAZ-PMR-66885,APARCAPMR_520,36.7226557,-4.3583234,Calle Arabia,pmr,1,
PLAZ-PMR-80957,APARCAPMR_1156_B,36.7424694,-4.4197338,Calle Guindas,pmr,1,
PLAZ-PMR-66829,APARCAPMR_1156,36.7424516,-4.4198477,Calle Guindas,pmr,1,
PLAZ-PMR-66841,APARCAPMR_1037,36.74111,-4.41987,Calle Borge,pmr,1,
PLAZ-PMR-66293,APARCAPMR_827,36.719166,-4.353684,Calle Le Corbusier,pmr,2,
PLAZ-PMR-66696,APARCAPMR_550,36.7240257,-4.3706006,Calle Concejal Matías Abela,pmr,1,
PLAZ-PMR-66612,APARCAPMR_1176,36.7423995,-4.4181667,Calle Francisco López López,pmr,1,
PLAZ-PMR-66954,APARCAPMR_363,36.7245616,-4.4274869,Calle Malasaña,pmr,1,
PLAZ-PMR-66217,APARCAPMR_1065,36.741464,-4.423611,Calle Alcalde Barranco Córdoba,pmr,1,
PLAZ-PMR-67209,APARCAPMR_029,36.7240311,-4.4178048,Calle Gómez Pallete,pmr,2,
PLAZ-PMR-66538,APARCAPMR_653,36.7352579,-4.4236272,Calle Emilio Díaz,pmr,1,
PLAZ-PMR-67055,APARCAPMR_038,36.7207794,-4.359346,Calle Mar,pmr,2,
PLAZ-PMR-66170,APARCAPMR_1164,36.6595568,-4.4986552,Calle Juan Gorostidi,pmr,1,
PLAZ-PMR-66481,APARCAPMR_604,36.7349871,-4.4154243,Calle Olletas,pmr,1,
PLAZ-PMR-66137,APARCAPMR_832,36.74277,-4.417866,Calle Francisco López López,pmr,2,
PLAZ-PMR-66148,APARCAPMR_792,36.7201383,-4.3629631,Calle Arquitecto Eduardo Esteve,pmr,1,
PLAZ-PMR-66633,APARCAPMR_249,36.7197592,-4.3577823,Calle Practicante Fernández Alcolea,pmr,2,
PLAZ-PMR-66914,APARCAPMR_438,36.7027908,-4.4335735,Calle Tomás Echeverría,pmr,2,
PLAZ-PMR-66592,APARCAPMR_1013,36.715943,-4.44267,Calle Miguel Moreno Masson,pmr,1,
PLAZ-PMR-67124,APARCAPMR_095,36.732249,-4.4316101,Calle Escritora Luciana Narváez,pmr,3,
PLAZ-PMR-67053,APARCAPMR_282,36.7221413,-4.3528066,Calle Idumea,pmr,1,
PLAZ-PMR-66267,APARCAPMR_1132,36.6864063,-4.4471999,Calle Ayamonte,pmr,2,
PLAZ-PMR-66548,APARCAPMR_1131,36.6859174,-4.4458925,Calle Ayamonte,pmr,2,
PLAZ-PMR-80499,APARCAPMR_1446,36.7218357,-4.3508205,Calle Algarrobo,pmr,1,
PLAZ-PMR-66654,APARCAPMR_621,36.731896,-4.5714457,Calle del Romero,pmr,2,
PLAZ-PMR-80477,APARCAPMR_1443,36.6832889,-4.4600446,Calle Periodista Paco Rengel,pmr,5,
PLAZ-PMR-80478,APARCAPMR_1444,36.6811278,-4.4602671,Calle Periodista Paco Rengel,pmr,5,
PLAZ-PMR-77275,APARCAPMR_1308,36.7354681,-4.4891454,Calle Centauro,pmr,1,
PLAZ-PMR-66291,APARCAPMR_833,36.72109,-4.350945,Carretera de Olías,pmr,1,
PLAZ-PMR-67084,APARCAPMR_034,36.7498836,-4.423764,Glorieta José Gaspar Anaya Muñoz,pmr,3,
PLAZ-PMR-77968,APARCAPMR_1344,36.7285334,-4.4621581,Calle Pintor Murillo Bracho,pmr,1,
PLAZ-PMR-77967,APARCAPMR_1343,36.7286187,-4.4625923,Calle Pintor Murillo Bracho,pmr,1,
PLAZ-PMR-66411,APARCAPMR_958,36.708689,-4.436811,Calle Velasco,pmr,1,
PLAZ-PMR-66133,APARCAPMR_796,36.734655,-4.416459,Calle Espirea,pmr,1,
PLAZ-PMR-77986,APARCAPMR_1362,36.7297731,-4.5465917,Calle Cabo Francisco Javier Soria Toledo,pmr,1,
PLAZ-PMR-66639,APARCAPMR_342,36.7247782,-4.4441441,Plazuela Párroco José María Ortega Muñoz,pmr,2,
PLAZ-PMR-66987,APARCAPMR_411,36.7213534,-4.3678728,Jardines Maestra Lola Romero,pmr,1,
PLAZ-PMR-66913,APARCAPMR_437,36.7204225,-4.3697155,Paseo de las Acacias,pmr,2,
PLAZ-PMR-66549,APARCAPMR_1134,36.6844724,-4.4468615,Avenida de Molière,pmr,2,
PLAZ-PMR-66136,APARCAPMR_797,36.719158,-4.352634,Calle Le Corbusier,pmr,1,
PLAZ-PMR-67037,APARCAPMR_025,36.7279384,-4.4193189,Plaza Ejido,pmr,3,
PLAZ-PMR-67038,APARCAPMR_079,36.7279749,-4.4186383,Plaza Ejido,pmr,3,
PLAZ-PMR-80929,APARCAPMR_724,36.7103636,-4.4456771,Calle Alozaina,pmr,1,
PLAZ-PMR-66871,APARCAPMR_624,36.7101783,-4.4466479,Calle Alozaina,pmr,1,
PLAZ-PMR-67100,APARCAPMR_082,36.7285038,-4.4375338,Calle Tejares,pmr,2,
PLAZ-PMR-66380,APARCAPMR_941,36.721668,-4.437156,Calle General Blake,pmr,1,
PLAZ-PMR-66433,APARCAPMR_1188,36.7114936,-4.4269469,Calle Canales,pmr,1,
PLAZ-PMR-66745,APARCAPMR_1018,36.719553,-4.449387,Avenida de Santa Rosa de Lima,pmr,1,
PLAZ-PMR-66257,APARCAPMR_1121,36.7461575,-4.4774994,Pasaje Rubens,pmr,1,
PLAZ-PMR-66395,APARCAPMR_639,36.6910544,-4.4425227,Calle de Francisco de Cossío,pmr,1,
PLAZ-PMR-67230,APARCAPMR_214,36.69161,-4.444248,Calle de Francisco de Cossío,pmr,1,
PLAZ-PMR-66702,APARCAPMR_1008,36.740175,-4.477098,Calle Escritor Antonio Navarro Trujillo,pmr,1,
PLAZ-PMR-66486,APARCAPMR_619,36.7287101,-4.4211381,Plaza de Capuchinos,pmr,2,
PLAZ-PMR-79733,APARCAPMR_1426,36.6961663,-4.4507705,Calle Alcalde José María Corona,pmr,1,
PLAZ-PMR-66897,APARCAPMR_725,36.6991796,-4.4466325,Avenida de Velázquez,pmr,1,
PLAZ-PMR-66798,APARCAPMR_661,36.7260622,-4.4443506,Calle Magistrado Salvador Barberá,pmr,2,
PLAZ-PMR-66807,APARCAPMR_671,36.7328123,-4.4509475,Camino San Alberto,pmr,1,
PLAZ-PMR-66131,APARCAPMR_848,36.7172971,-4.4533277,Calle Archidona,pmr,3,
PLAZ-PMR-66620,APARCAPMR_1218,36.7159021,-4.4507537,Calle Luis F Pallardo Peinado,pmr,3,
PLAZ-PMR-66385,APARCAPMR_625,36.72248,-4.4414022,Calle Doctor Ruiz Jiménez,pmr,2,
PLAZ-PMR-66502,APARCAPMR_504,36.7184537,-4.4246162,Plaza de Arriola,pmr,2,
PLAZ-PMR-66171,APARCAPMR_1289,36.7243763,-4.443993,Calle Magistrado Salvador Barberá,pmr,1,
PLAZ-PMR-66593,APARCAPMR_935,36.721415,-4.453791,Calle Castilla,pmr,1,
PLAZ-PMR-67159,APARCAPMR_323,36.7198506,-4.4543733,Calle Castilla,pmr,2,
PLAZ-PMR-76807,APARCAPMR_1168,36.724217,-4.4678499,Calle Antonio Raíz,pmr,1,
PLAZ-PMR-66861,APARCAPMR_1003,36.732965,-4.447046,Calle Juan Ramón Jiménez,pmr,1,
PLAZ-PMR-67228,APARCAPMR_134,36.6985715,-4.4450815,Calle Ildefonso Marzo,pmr,2,
PLAZ-PMR-77992,APARCAPMR_1368,36.7094587,-4.4397645,Calle Diego Lara Valle,pmr,1,
PLAZ-PMR-66615,APARCAPMR_1092,36.731818,-4.450699,Camino San Alberto,pmr,1,
PLAZ-PMR-66280,APARCAPMR_824,36.730591,-4.448646,Camino San Alberto,pmr,2,
PLAZ-PMR-66758,APARCAPMR_1261,36.7125561,-4.4471977,Calle Corregidor Paz y Guzmán,pmr,2,
PLAZ-PMR-67234,APARCAPMR_255,36.7021339,-4.4364548,Calle Garcerán,pmr,2,
PLAZ-PMR-66929,APARCAPMR_391,36.6999694,-4.4461101,Avenida de Velázquez,pmr,1,
PLAZ-PMR-66789,APARCAPMR_397,36.7069282,-4.431417,Pasaje Ferrería de Heredia,pmr,2,
PLAZ-PMR-66516,APARCAPMR_533,36.6945498,-4.4528096,Avenida de Velázquez,pmr,1,
PLAZ-PMR-67014,APARCAPMR_451,36.72995,-4.4389869,Calle Moreno Nieto,pmr,1,
PLAZ-PMR-66353,APARCAPMR_091,36.6972237,-4.4485617,Calle Perdiguera,pmr,2,
PLAZ-PMR-78799,APARCAPMR_1405,36.6970083,-4.4481489,Calle Perdiguera,pmr,1,
PLAZ-PMR-66467,APARCAPMR_1271,36.7104234,-4.4446723,Avenida del Doctor Mañas Bernabéu,pmr,1,
PLAZ-PMR-66706,APARCAPMR_105,36.7199054,-4.432856,Calle Blanco Coris,pmr,2,
PLAZ-PMR-66868,APARCAPMR_662,36.7099273,-4.447753,Calle Alozaina,pmr,2,
PLAZ-PMR-66500,APARCAPMR_317,36.6959763,-4.4542909,Calle Berruguete,pmr,1,
PLAZ-PMR-67250,APARCAPMR_114,36.6996543,-4.4482572,Calle Niño del Museo,pmr,2,
PLAZ-PMR-66853,APARCAPMR_932,36.696594,-4.449334,Calle Niño Jesús de Praga,pmr,1,
PLAZ-PMR-66804,APARCAPMR_580,36.7241279,-4.4436767,Calle Magistrado Salvador Barberá,pmr,2,
PLAZ-PMR-66775,APARCAPMR_296,36.7045681,-4.4341488,Calle de Antonio Soler,pmr,2,
PLAZ-PMR-66832,APARCAPMR_1089,36.723843,-4.444257,Calle Blas Otero,pmr,1,
PLAZ-PMR-66292,APARCAPMR_799,36.741045,-4.479302,Calle Aragonito,pmr,2,
PLAZ-PMR-67160,APARCAPMR_243,36.7100138,-4.4470355,Calle Ciudad de Andújar,pmr,1,
PLAZ-PMR-76287,APARCAPMR_1312,36.7242821,-4.4445829,Calle los Millones,pmr,1,
PLAZ-PMR-67136,APARCAPMR_145,36.7086334,-4.4441538,Avenida de Juan Xxiii,pmr,2,
PLAZ-PMR-67085,APARCAPMR_203,36.731221,-4.4488312,Avenida de Carlinda,pmr,1,
PLAZ-PMR-66276,APARCAPMR_765,36.734761,-4.481295,Calle Cerezo,pmr,1,
PLAZ-PMR-67262,APARCAPMR_174,36.697146,-4.4565862,Avenida de Antonio Gaudí,pmr,2,
PLAZ-PMR-66264,APARCAPMR_1070,36.696788,-4.45741,Avenida de Antonio Gaudí,pmr,2,
PLAZ-PMR-67043,APARCAPMR_183,36.7124022,-4.4389513,Paseo de los Tilos,pmr,2,
PLAZ-PMR-66926,APARCAPMR_480,36.7161526,-4.4490874,Calle Luis F Pallardo Peinado,pmr,1,
PLAZ-PMR-67031,APARCAPMR_319,36.7286618,-4.4140886,Calle San Patricio,pmr,2,
PLAZ-PMR-67011,APARCAPMR_447,36.7150152,-4.4634694,Calle Kandinsky,pmr,2,
PLAZ-PMR-67042,APARCAPMR_111,36.7130827,-4.4374526,Paseo de los Tilos,pmr,2,
PLAZ-PMR-66323,APARCAPMR_864,36.734838,-4.483316,Calle Emilio Zola,pmr,2,
PLAZ-PMR-74584,APARCAPMR_882,36.7181272,-4.4229175,Calle Panaderos,pmr,2,
PLAZ-PMR-67075,APARCAPMR_346,36.744372,-4.4181903,Calle las Moreras,pmr,2,
PLAZ-PMR-80974,APARCAPMR_58,36.7312902,-4.4220023,Calle Peinado,pmr,2,
PLAZ-PMR-66850,APARCAPMR_940,36.744451,-4.422027,Calle Emilio Thuillier,pmr,1,
PLAZ-PMR-66679,APARCAPMR_565,36.7431506,-4.4222452,Calle Emilio Thuillier,pmr,1,
PLAZ-PMR-66553,APARCAPMR_1072,36.668996,-4.506244,Calle Decano Juan Rafael de Lara,pmr,1,
PLAZ-PMR-66797,APARCAPMR_651,36.7251576,-4.4329157,Calle Fernando Chirino,pmr,1,
PLAZ-PMR-67057,APARCAPMR_167,36.7235915,-4.3706059,Calle Mariano de Cavia,pmr,1,
PLAZ-PMR-67024,APARCAPMR_466,36.7437245,-4.4171476,Calle las Moreras,pmr,2,
PLAZ-PMR-66482,APARCAPMR_629,36.7234136,-4.4289118,Calle Trinidad,pmr,1,
PLAZ-PMR-66971,APARCAPMR_384,36.7235227,-4.3693721,Calle Mariano de Cavia,pmr,1,
PLAZ-PMR-80907,APARCAPMR_86,36.7202321,-4.3553229,Calle Padre Lerchundi,pmr,2,
PLAZ-PMR-66728,APARCAPMR_1139,36.7297283,-4.4270044,Paseo Martiricos,pmr,2,
PLAZ-PMR-66260,APARCAPMR_1186,36.7531974,-4.4242801,Camino de Casabermeja,pmr,2,
PLAZ-PMR-81031,APARCAPMR_1103,36.7398003,-4.4267102,Calle Doctor Carrión Pérez,pmr,1,
PLAZ-PMR-67033,APARCAPMR_069,36.7147964,-4.4232168,Calle Somera,pmr,2,
PLAZ-PMR-66438,APARCAPMR_1060,36.749524,-4.422364,Calle Emilio Thuillier,pmr,1,
PLAZ-PMR-67092,APARCAPMR_322,36.7291465,-4.4343902,Calle Blas de Lezo,pmr,2,
PLAZ-PMR-66327,APARCAPMR_861,36.726784,-4.412168,Calle Macabeos,pmr,1,
PLAZ-PMR-66483,APARCAPMR_583,36.7223967,-4.4324979,Calle Pelayo,pmr,2,
PLAZ-PMR-80687,APARCAPMR_1456,36.7416344,-4.4319197,Calle Jabalón,pmr,1,
PLAZ-PMR-67123,APARCAPMR_190,36.74226,-4.432878,Calle Guadiato,pmr,1,
PLAZ-PMR-78439,APARCAPMR_1387,36.7330912,-4.4244911,Calle Leopoldo Werner,pmr,1,
PLAZ-PMR-66744,APARCAPMR_926,36.717568,-4.411879,Calle Faro,pmr,1,
PLAZ-PMR-67129,APARCAPMR_044,36.7288273,-4.4270222,Paseo Martiricos,pmr,2,
PLAZ-PMR-67073,APARCAPMR_261,36.746685,-4.4206161,Calle Díaz Camacho,pmr,1,
PLAZ-PMR-66152,APARCAPMR_843,36.7381733,-4.4323574,Calle Guadalbullón,pmr,1,
PLAZ-PMR-67091,APARCAPMR_096,36.7282394,-4.4345766,Calle Blas de Lezo,pmr,2,
PLAZ-PMR-67278,APARCAPMR_492,36.7475298,-4.4216893,Calle Emilio Thuillier,pmr,1,
PLAZ-PMR-66305,APARCAPMR_842,36.7518123,-4.4233506,Camino de Casabermeja,pmr,1,
PLAZ-PMR-66484,APARCAPMR_631,36.7272763,-4.4236815,Calle San Bartolomé,pmr,1,
PLAZ-PMR-66964,APARCAPMR_376,36.6990382,-4.4726104,Camino de los Prados,pmr,1,
PLAZ-PMR-66813,APARCAPMR_1014,36.665818,-4.500024,Calle de Luis de Narváez,pmr,1,
PLAZ-PMR-66210,APARCAPMR_1181,36.7005266,-4.4762113,Calle Felipe Pedrell,pmr,1,
PLAZ-PMR-81025,APARCAPMR_1415,36.7151848,-4.5194938,Calle María Malibrán,pmr,1,
PLAZ-PMR-81027,APARCAPMR_1417,36.7156635,-4.5196308,Calle María Malibrán,pmr,1,
PLAZ-PMR-81026,APARCAPMR_1416,36.7157174,-4.5194115,Calle María Malibrán,pmr,1,
PLAZ-PMR-81024,APARCAPMR_1414,36.7152411,-4.5192775,Calle María Malibrán,pmr,1,
PLAZ-PMR-66652,APARCAPMR_648,36.7047843,-4.5068843,Calle Guadalquivirejo,pmr,1,
PLAZ-PMR-66819,APARCAPMR_971,36.726548,-4.532175,Calle el Requinto,pmr,1,
PLAZ-PMR-80995,APARCAPMR_910,36.7215265,-4.3596292,Pasaje Mora,pmr,1,
PLAZ-PMR-67271,APARCAPMR_194,36.7055256,-4.5060018,Calle Salino,pmr,2,
PLAZ-PMR-66236,APARCAPMR_788,36.704098,-4.507141,Calle Salino,pmr,1,
PLAZ-PMR-66727,APARCAPMR_1099,36.704671,-4.506581,Calle Salino,pmr,1,
PLAZ-PMR-66714,APARCAPMR_1183,36.7196013,-4.4430526,Calle Pedro Luis Gálvez,pmr,2,
PLAZ-PMR-81019,APARCAPMR_1224,36.6626746,-4.4597459,Calle Hespérides,pmr,2,
PLAZ-PMR-77789,APARCAPMR_1334,36.7055252,-4.5063785,Calle Guadalquivirejo,pmr,1,
PLAZ-PMR-75490,APARCAPMR_1291,36.6690502,-4.5122199,Calle Decano Eduardo Palanca,pmr,1,
PLAZ-PMR-66968,APARCAPMR_381,36.6688191,-4.5134363,Calle Decano Eduardo Palanca,pmr,1,
PLAZ-PMR-66685,APARCAPMR_547,36.6731347,-4.5127416,Calle Decano Salvador Barroso,pmr,1,
PLAZ-PMR-66746,APARCAPMR_1007,36.667844,-4.473674,Camino Guadalmar a la Loma,pmr,1,
PLAZ-PMR-67261,APARCAPMR_213,36.7064411,-4.4393825,Carril de la Cordobesa,pmr,3,
PLAZ-PMR-67026,APARCAPMR_471,36.7121318,-4.4397828,Paseo de los Tilos,pmr,2,
PLAZ-PMR-77985,APARCAPMR_1361,36.7295687,-4.5472884,Calle Vicenzo Bellini,pmr,1,
PLAZ-PMR-66653,APARCAPMR_622,36.7032295,-4.507302,Calle Conejito,pmr,2,
PLAZ-PMR-66183,APARCAPMR_743,36.7149571,-4.4395173,Calle Horacio Lengo,pmr,1,
PLAZ-PMR-66410,APARCAPMR_965,36.71412,-4.442046,Calle Conde de Guadalhorce,pmr,2,
PLAZ-PMR-66783,APARCAPMR_140,36.7232933,-4.542078,Camino Martínez,pmr,1,
PLAZ-PMR-66554,APARCAPMR_1153,36.7240214,-4.541976,Camino Martínez,pmr,1,
PLAZ-PMR-77989,APARCAPMR_1365,36.6965706,-4.4502304,Avenida de Velázquez,pmr,1,
PLAZ-PMR-66345,APARCAPMR_197,36.7161773,-4.4431416,Avenida de Andalucía,pmr,2,
PLAZ-PMR-66603,APARCAPMR_908,36.715789,-4.4454,Avenida de Andalucía,pmr,2,
PLAZ-PMR-67041,APARCAPMR_073,36.7134182,-4.4344217,Paseo de los Tilos,pmr,2,
PLAZ-PMR-66128,APARCAPMR_814,36.7300911,-4.5481458,Calle Joaquín Dicenta,pmr,1,
PLAZ-PMR-80958,APARCAPMR_1220_B,36.7273368,-4.5447758,Calle José Fernando Carvajal,pmr,1,
PLAZ-PMR-67246,APARCAPMR_252,36.7054138,-4.4350863,Calle Muñoz Degrain,pmr,2,
PLAZ-PMR-66676,APARCAPMR_1278,36.7155885,-4.4424401,Calle Pedro Alonso García,pmr,1,
PLAZ-PMR-67233,APARCAPMR_340,36.7026443,-4.4371352,Calle Garcerán,pmr,2,
PLAZ-PMR-76896,APARCAPMR_1229,36.7052173,-4.4367842,Calle Goya,pmr,1,
PLAZ-PMR-77988,APARCAPMR_1364,36.6967898,-4.4498924,Avenida de Velázquez,pmr,1,
PLAZ-PMR-66351,APARCAPMR_115,36.6790504,-4.4720612,Avenida de Velázquez,pmr,1,
PLAZ-PMR-81013,APARCAPMR_1200,36.7069227,-4.4388658,Carril de la Cordobesa,pmr,2,
PLAZ-PMR-76900,APARCAPMR_1220,36.7271609,-4.5447983,Calle José Fernando Carvajal,pmr,1,
PLAZ-PMR-66144,APARCAPMR_782,36.6659427,-4.4998984,Calle de Luis de Narváez,pmr,1,
PLAZ-PMR-66618,APARCAPMR_1195,36.7250368,-4.494899,Calle Doctor Norman Bethune,pmr,1,
PLAZ-PMR-66782,APARCAPMR_157,36.7034035,-4.5072498,Calle Guadalquivirejo,pmr,1,
PLAZ-PMR-66854,APARCAPMR_936,36.732269,-4.481449,Calle Higueras,pmr,1,
PLAZ-PMR-67025,APARCAPMR_469,36.7325989,-4.4808132,Calle Higueras,pmr,1,
PLAZ-PMR-66700,APARCAPMR_912,36.722685,-4.481794,Calle Solón,pmr,1,
PLAZ-PMR-66405,APARCAPMR_1011,36.727409,-4.422851,Calle San Bartolomé,pmr,1,
PLAZ-PMR-66286,APARCAPMR_816,36.711173,-4.4371778,Calle Emilio López Cerezo,pmr,1,
PLAZ-PMR-66709,APARCAPMR_351,36.7102552,-4.4547039,Calle de Cristóbal de Villalón,pmr,2,
PLAZ-PMR-76028,APARCAPMR_1295,36.7065877,-4.480659,Calle Doctor Gómez del Río,pmr,1,
PLAZ-PMR-66383,APARCAPMR_1005,36.722869,-4.490031,Calle Joaquín Fernández Recio,pmr,1,
PLAZ-PMR-76029,APARCAPMR_1323,36.7351098,-4.4841309,Calle Emilio Zola,pmr,1,
PLAZ-PMR-66737,APARCAPMR_800,36.710152,-4.456364,Calle Obsidiana,pmr,2,
PLAZ-PMR-67183,APARCAPMR_237,36.7101707,-4.4561968,Calle Obsidiana,pmr,3,
PLAZ-PMR-66609,APARCAPMR_274,36.710264,-4.456021,Calle Obsidiana,pmr,2,
PLAZ-PMR-67184,APARCAPMR_207,36.7097483,-4.45713,Calle Obsidiana,pmr,2,
PLAZ-PMR-66450,APARCAPMR_946,36.707286,-4.43592,Calle Maestro Chapí,pmr,1,
PLAZ-PMR-66522,APARCAPMR_441,36.71066,-4.447116,Calle Ciudad de Andújar,pmr,1,
PLAZ-PMR-76809,APARCAPMR_1208,36.7262587,-4.4757354,Avenida del Editor Ángel Caffarena,pmr,1,
PLAZ-PMR-66510,APARCAPMR_522,36.7038402,-4.43826,Calle Eduardo Marquina,pmr,1,
PLAZ-PMR-66607,APARCAPMR_903,36.714251,-4.442576,Calle Conde de Guadalhorce,pmr,1,
PLAZ-PMR-66448,APARCAPMR_1004,36.702217,-4.449827,Calle Alpargaterito,pmr,1,
PLAZ-PMR-66730,APARCAPMR_1155,36.6939737,-4.4534757,Avenida de Velázquez,pmr,1,
PLAZ-PMR-81039,APARCAPMR_1204,36.6908151,-4.4511832,Plaza de César Álvarez Dumont,pmr,1,
PLAZ-PMR-76813,APARCAPMR_815,36.7400394,-4.4758349,Calle Escritor Antonio Navarro Trujillo,pmr,1,
PLAZ-PMR-66499,APARCAPMR_681,36.7288724,-4.4229727,Calle de Juan del Encina,pmr,1,
PLAZ-PMR-67211,APARCAPMR_284,36.7289289,-4.4229767,Calle de Juan del Encina,pmr,2,
PLAZ-PMR-66189,APARCAPMR_735,36.7033241,-4.447698,Plaza del General Cano,pmr,1,
PLAZ-PMR-67010,APARCAPMR_446,36.7406483,-4.4869796,Calle Lope de Rueda,pmr,2,
PLAZ-PMR-66705,APARCAPMR_193,36.721919,-4.44882,Avenida de Santa Rosa de Lima,pmr,2,
PLAZ-PMR-66265,APARCAPMR_1256,36.7085705,-4.4495299,Calle Casarabonela,pmr,1,
PLAZ-PMR-66600,APARCAPMR_985,36.719322,-4.451403,Calle Cómpeta,pmr,1,
PLAZ-PMR-81018,APARCAPMR_1384,36.7233318,-4.4677506,Calle Antonio Raíz,pmr,2,
PLAZ-PMR-80038,APARCAPMR_1434,36.7351077,-4.4865326,Calle Azalea,pmr,1,
PLAZ-PMR-66204,APARCAPMR_1057,36.736396,-4.480943,Calle Orfebrería,pmr,1,
PLAZ-PMR-67174,APARCAPMR_149,36.7169825,-4.4503769,Calle Corregidor Carlos Garafa,pmr,1,
PLAZ-PMR-66598,APARCAPMR_987,36.715352,-4.44762,Avenida de Andalucía,pmr,1,
PLAZ-PMR-67108,APARCAPMR_151,36.7230465,-4.4409382,Calle Sondalezas,pmr,1,
PLAZ-PMR-66610,APARCAPMR_924,36.739387,-4.48074,Calle Mensajera,pmr,1,
PLAZ-PMR-66300,APARCAPMR_877,36.726413,-4.477906,Avenida del Editor Ángel Caffarena,pmr,1,
PLAZ-PMR-66524,APARCAPMR_541,36.7219737,-4.4708763,Avenida de Pepita Durán,pmr,2,
PLAZ-PMR-66949,APARCAPMR_357,36.6892515,-4.4542305,Calle Paul Valéry,pmr,2,
PLAZ-PMR-66628,APARCAPMR_546,36.7271,-4.4646469,Calle Montesquieu,pmr,3,
PLAZ-PMR-77273,APARCAPMR_1325,36.7344508,-4.4780469,Calle Lope de Rueda,pmr,1,
PLAZ-PMR-66319,APARCAPMR_868,36.736352,-4.478132,Calle Escritor Gálvez Palacios,pmr,1,
PLAZ-PMR-67150,APARCAPMR_299,36.7172953,-4.4543311,Calle Almogía,pmr,2,
PLAZ-PMR-66939,APARCAPMR_077,36.7368185,-4.4817004,Calle Víctor Hugo,pmr,2,
PLAZ-PMR-67243,APARCAPMR_090,36.6957279,-4.4491357,Calle Haydn,pmr,2,
PLAZ-PMR-78716,APARCAPMR_1399,36.6953626,-4.4492908,Calle Haydn,pmr,1,
PLAZ-PMR-66786,APARCAPMR_189,36.7356234,-4.4825774,Calle Víctor Hugo,pmr,2,
PLAZ-PMR-66629,APARCAPMR_557,36.7222134,-4.4808662,Calle de Sófocles,pmr,1,
PLAZ-PMR-66547,APARCAPMR_1042,36.745789,-4.423332,Calle Real Maestranza,pmr,2,
PLAZ-PMR-66498,APARCAPMR_637,36.7153619,-4.4479508,Calle Virgen de la Cabeza,pmr,1,
PLAZ-PMR-66673,APARCAPMR_1069,36.668143,-4.502468,Calle San Fernando,pmr,1,
PLAZ-PMR-66806,APARCAPMR_602,36.7277712,-4.4430618,Calle Vandelvira,pmr,1,
PLAZ-PMR-66320,APARCAPMR_846,36.7149274,-4.4469759,Calle Virgen del Perpetuo Socorro,pmr,3,
PLAZ-PMR-67013,APARCAPMR_450,36.7138122,-4.4265253,Calle San Andrés,pmr,1,
PLAZ-PMR-66335,APARCAPMR_330,36.7127962,-4.4456521,Calle Virgen del Pilar,pmr,2,
PLAZ-PMR-66842,APARCAPMR_1081,36.725231,-4.445562,Calle Conjunto Villa María,pmr,1,
PLAZ-PMR-80555,APARCAPMR_1454,36.7241481,-4.445995,Calle Conjunto Villa María,pmr,3,
PLAZ-PMR-80922,APARCAPMR_697,36.7238757,-4.429619,Calle Sevilla,pmr,1,
PLAZ-PMR-67253,APARCAPMR_175,36.7013403,-4.4381145,Calle Princesa,pmr,1,
PLAZ-PMR-67107,APARCAPMR_085,36.7229336,-4.4426635,Calle Rosa,pmr,3,
PLAZ-PMR-66799,APARCAPMR_046,36.7302289,-4.4393,Calle Nuestra Señora de los Clarines,pmr,2,
PLAZ-PMR-67226,APARCAPMR_103,36.7033311,-4.4395924,Calle Carpio,pmr,2,
PLAZ-PMR-67095,APARCAPMR_136,36.7246514,-4.4340469,Calle Bailén,pmr,2,
PLAZ-PMR-67279,APARCAPMR_493,36.7292556,-4.4431215,Calle Rotonda de Suárez,pmr,1,
PLAZ-PMR-80474,APARCAPMR_1441,36.7450243,-4.4900962,Calle Zafiro,pmr,1,
PLAZ-PMR-76285,APARCAPMR_1319,36.7327375,-4.4292909,Calle Conde de Toreno,pmr,1,
PLAZ-PMR-66332,APARCAPMR_277,36.7174534,-4.4485053,Calle Virgen de la Cabeza,pmr,1,
PLAZ-PMR-67034,APARCAPMR_072,36.7287408,-4.4157334,Calle Tejeros,pmr,2,
PLAZ-PMR-66156,APARCAPMR_1079,36.710986,-4.436023,Calle Poeta Muñoz Rojas,pmr,1,
PLAZ-PMR-66546,APARCAPMR_1173,36.7304338,-4.4372865,Calle Pacheco,pmr,1,
PLAZ-PMR-66589,APARCAPMR_922,36.731603,-4.440226,Calle Miraazucenas,pmr,1,
PLAZ-PMR-66726,APARCAPMR_1251,36.7113006,-4.4621541,Calle Shanti Andía,pmr,1,
PLAZ-PMR-67105,APARCAPMR_220,36.7291944,-4.4374567,Calle Nicolás Salmerón,pmr,1,
PLAZ-PMR-66274,APARCAPMR_1093,36.6984419,-4.4403622,Calle Concejal Muñoz Cerván,pmr,1,
PLAZ-PMR-66269,APARCAPMR_1095,36.697974,-4.4395475,Calle Concejal Muñoz Cerván,pmr,2,
PLAZ-PMR-66429,APARCAPMR_1096,36.6980287,-4.4394926,Calle Concejal Muñoz Cerván,pmr,1,
PLAZ-PMR-66336,APARCAPMR_131,36.7164106,-4.4472796,Calle Virgen del Rocío,pmr,2,
PLAZ-PMR-67255,APARCAPMR_279,36.6841927,-4.4527211,Calle la Unión Mercantil,pmr,3,
PLAZ-PMR-66311,APARCAPMR_880,36.6865252,-4.451571,Calle la Unión Mercantil,pmr,1,
PLAZ-PMR-80624,APARCAPMR_1453,36.684388,-4.4557111,Calle Villanueva de Tapia,pmr,1,
PLAZ-PMR-79688,APARCAPMR_1430,36.70212,-4.4552353,Calle Paulo Freire,pmr,1,
PLAZ-PMR-66733,APARCAPMR_937,36.710959,-4.429372,Calle San Andrés,pmr,1,
PLAZ-PMR-78939,APARCAPMR_1408,36.7177151,-4.4485741,Calle Virgen de la Cabeza,pmr,1,
PLAZ-PMR-66141,APARCAPMR_811,36.7020271,-4.4514357,Calle Tres Cruces,pmr,2,
PLAZ-PMR-66362,APARCAPMR_894,36.7383867,-4.4361764,Calle Eresma,pmr,2,
PLAZ-PMR-80035,APARCAPMR_1436,36.7291873,-4.4364546,Calle Nicolás Salmerón,pmr,1,
PLAZ-PMR-66272,APARCAPMR_1267,36.7312762,-4.4376942,Calle Nuestra Señora de los Clarines,pmr,2,
PLAZ-PMR-66981,APARCAPMR_402,36.6837451,-4.457016,Avenida Imperio Argentina,pmr,1,
PLAZ-PMR-66880,APARCAPMR_523,36.6872221,-4.4573801,Calle Villanueva del Rosario,pmr,1,
PLAZ-PMR-66662,APARCAPMR_638,36.7425429,-4.4965236,Calle Zarzamora,pmr,2,
PLAZ-PMR-66551,APARCAPMR_1149,36.7458894,-4.4233273,Calle Real Maestranza,pmr,1,
PLAZ-PMR-81008,APARCAPMR_1460,36.6947233,-4.4634287,Plaza de Juan Gómez 'juanito',pmr,1,
PLAZ-PMR-66389,APARCAPMR_643,36.6838672,-4.4579554,Avenida Imperio Argentina,pmr,1,
PLAZ-PMR-66173,APARCAPMR_707,36.7414785,-4.4265193,Plaza de la Virreina,pmr,1,
PLAZ-PMR-66176,APARCAPMR_720,36.7414554,-4.4265267,Plaza de la Virreina,pmr,1,
PLAZ-PMR-80934,APARCAPMR_760,36.7164774,-4.4230689,Calle Vendeja,pmr,1,
PLAZ-PMR-66363,APARCAPMR_895,36.7510045,-4.4202659,Calle Villafranca de los Caballeros,pmr,2,
PLAZ-PMR-66453,APARCAPMR_1086,36.719772,-4.429398,Calle Ríos Rosas,pmr,1,
PLAZ-PMR-66333,APARCAPMR_155,36.7172883,-4.4421626,Calle Virgen del Rocío,pmr,2,
PLAZ-PMR-66426,APARCAPMR_1087,36.71738,-4.441951,Calle Virgen del Rocío,pmr,1,
PLAZ-PMR-67144,APARCAPMR_007,36.7169113,-4.4372649,Puente de las Américas,pmr,2,
PLAZ-PMR-67081,APARCAPMR_302,36.74687,-4.4199532,Calle Sánchez Albarrán,pmr,2,
PLAZ-PMR-80837,APARCAPMR_1465,36.7298766,-4.5711806,Calle Paloma,pmr,1,
PLAZ-PMR-77990,APARCAPMR_1366,36.6808626,-4.4508646,Camino de la Térmica,pmr,2,
PLAZ-PMR-80972,APARCAPMR_1087_B,36.7172779,-4.4419034,Calle Virgen del Rocío,pmr,1,
PLAZ-PMR-66446,APARCAPMR_929,36.721357,-4.369643,Paseo de las Acacias,pmr,1,
PLAZ-PMR-66341,APARCAPMR_066,36.7213911,-4.4456407,Carril de Santa Rosa,pmr,4,
PLAZ-PMR-66757,APARCAPMR_1136,36.7321237,-4.4271943,Paseo Martiricos,pmr,2,
PLAZ-PMR-66843,APARCAPMR_1135,36.7322151,-4.4270952,Paseo Martiricos,pmr,2,
PLAZ-PMR-80836,APARCAPMR_1464,36.7303296,-4.5707427,Calle Paloma,pmr,1,
PLAZ-PMR-66972,APARCAPMR_369,36.7416579,-4.4224557,Calle María Tubau,pmr,1,
PLAZ-PMR-66454,APARCAPMR_1275,36.7025388,-4.4407297,Calle Isla Cristina,pmr,1,
PLAZ-PMR-80970,APARCAPMR_1026_B,36.7450733,-4.4155114,Calle Pedro Ximen,pmr,1,
PLAZ-PMR-66412,APARCAPMR_1059,36.737718,-4.421386,Avenida de Nuestra Señora de las Guías,pmr,1,
PLAZ-PMR-80933,APARCAPMR_752,36.7329469,-4.4371987,Calle de Atahualpa Yupanqui,pmr,2,
PLAZ-PMR-80738,APARCAPMR_1457,36.6822772,-4.4502406,Camino de la Térmica,pmr,1,
PLAZ-PMR-66978,APARCAPMR_395,36.7418911,-4.4167668,Calle Morritos Altos,pmr,1,
PLAZ-PMR-66767,APARCAPMR_652,36.7530476,-4.4191573,Calle Pastora Imperio,pmr,1,
PLAZ-PMR-74624,APARCAPMR_1000,36.7232185,-4.4481607,Calle del Ciprés,pmr,2,
PLAZ-PMR-66588,APARCAPMR_1020,36.72822,-4.381208,Calle Cáceres,pmr,1,
PLAZ-PMR-66306,APARCAPMR_878,36.729553,-4.380037,Calle Cáceres,pmr,1,
PLAZ-PMR-66915,APARCAPMR_449,36.7347162,-4.410249,Pasaje de los Almendrales,pmr,2,
PLAZ-PMR-77451,APARCAPMR_1315,36.7223452,-4.5376156,Calle de Cézanne,pmr,1,
PLAZ-PMR-66414,APARCAPMR_1022,36.735095,-4.415554,Calle Olletas,pmr,1,
PLAZ-PMR-66513,APARCAPMR_538,36.6809811,-4.4546731,Calle Marilyn Monroe,pmr,4,
PLAZ-PMR-67016,APARCAPMR_455,36.7282888,-4.3681276,Avenida Hernán Núñez de Toledo,pmr,3,
PLAZ-PMR-67068,APARCAPMR_120,36.7389174,-4.4215009,Avenida de Nuestra Señora de las Guías,pmr,3,
PLAZ-PMR-67188,APARCAPMR_954,36.738405,-4.421492,Avenida de Nuestra Señora de las Guías,pmr,1,
PLAZ-PMR-66504,APARCAPMR_512,36.7232034,-4.5370223,Calle Cristobalina Fernández,pmr,2,
PLAZ-PMR-66497,APARCAPMR_542,36.7221473,-4.3870821,Avenida del Pintor Joaquín Sorolla,pmr,1,
PLAZ-PMR-66917,APARCAPMR_454,36.7194464,-4.3640023,Plaza de la Virgen Milagrosa,pmr,2,
PLAZ-PMR-66845,APARCAPMR_1055,36.725592,-4.358118,Calle Reino de León,pmr,1,
PLAZ-PMR-66428,APARCAPMR_1138,36.7298726,-4.4269959,Paseo Martiricos,pmr,2,
PLAZ-PMR-66830,APARCAPMR_1137,36.7317314,-4.4268399,Paseo Martiricos,pmr,2,
PLAZ-PMR-67064,APARCAPMR_338,36.7234356,-4.3967253,Paseo Miramar,pmr,1,
PLAZ-PMR-67065,APARCAPMR_128,36.7263363,-4.3968554,Paseo Miramar,pmr,2,
PLAZ-PMR-80930,APARCAPMR_731,36.7503398,-4.4202183,Calle Villafranca de los Caballeros,pmr,1,
PLAZ-PMR-76898,APARCAPMR_1143,36.7221332,-4.5378922,Calle Juan de Juanes,pmr,1,
PLAZ-PMR-80996,APARCAPMR_995,36.6835369,-4.4648533,Calle Benahavís,pmr,2,
PLAZ-PMR-66693,APARCAPMR_578,36.6953391,-4.4410703,Calle Amalia Heredia,pmr,1,
PLAZ-PMR-66263,APARCAPMR_1133,36.6850212,-4.4484275,Camino de la Térmica,pmr,2,
PLAZ-PMR-66724,APARCAPMR_1247,36.6924625,-4.4539621,Calle Menorca,pmr,1,
PLAZ-PMR-66505,APARCAPMR_513,36.7133725,-4.4257039,Avenida del Comandante Benítez,pmr,2,
PLAZ-PMR-66879,APARCAPMR_509,36.738005,-4.4298854,Calle Cabriel,pmr,2,
PLAZ-PMR-66451,APARCAPMR_1056,36.73804,-4.42981,Calle Cabriel,pmr,1,
PLAZ-PMR-66525,APARCAPMR_544,36.7363999,-4.4246122,Avenida de Jorge Silvela,pmr,1,
PLAZ-PMR-66149,APARCAPMR_813,36.7025075,-4.4352027,Calle Mendoza,pmr,1,
PLAZ-PMR-81057,APARCAPMR_1288,36.7341348,-4.3912804,Calle de la Minilla,pmr,1,
PLAZ-PMR-67060,APARCAPMR_144,36.7296528,-4.4028012,Calle Sierra de Grazalema,pmr,2,
PLAZ-PMR-66836,APARCAPMR_1140,36.7290193,-4.4282455,Calle Toledo,pmr,2,
PLAZ-PMR-67192,APARCAPMR_056,36.7170749,-4.4409201,Calle Pedro Gómez Chaix,pmr,2,
PLAZ-PMR-66742,APARCAPMR_966,36.715994,-4.441826,Calle Eduardo Carvajal,pmr,1,
PLAZ-PMR-66129,APARCAPMR_804,36.7043441,-4.439708,Calle Héroe de Sostoa,pmr,2,
PLAZ-PMR-66179,APARCAPMR_749,36.7204741,-4.4043374,Paseo Marítimo Pablo Ruiz Picasso,pmr,2,
PLAZ-PMR-66328,APARCAPMR_841,36.738116,-4.42109,Calle Sinaí,pmr,1,
PLAZ-PMR-81058,APARCAPMR_1385,36.7325651,-4.4248823,Avenida de Jorge Silvela,pmr,1,
PLAZ-PMR-66168,APARCAPMR_1284,36.7358322,-4.4246311,Avenida de Jorge Silvela,pmr,1,
PLAZ-PMR-80964,APARCAPMR_380_B,36.7320976,-4.4201437,Calle Rojas,pmr,1,
PLAZ-PMR-66164,APARCAPMR_1129,36.7310672,-4.4030976,Calle Sierra de Grazalema,pmr,1,
PLAZ-PMR-66158,APARCAPMR_1110,36.731107,-4.402922,Calle Sierra de Grazalema,pmr,1,
PLAZ-PMR-80962,APARCAPMR_293_B,36.7324694,-4.4202665,Calle Rojas,pmr,1,
PLAZ-PMR-66178,APARCAPMR_739,36.7216394,-4.4276834,Calle Mármoles,pmr,1,
PLAZ-PMR-67146,APARCAPMR_235,36.7191637,-4.4372267,Calle Alférez Herminio Bordallo,pmr,1,
PLAZ-PMR-78800,APARCAPMR_1401,36.7430879,-4.4176725,Calle Chirimoyos,pmr,1,
PLAZ-PMR-67186,APARCAPMR_057,36.7182403,-4.4407913,Calle Pedro Gómez Chaix,pmr,2,
PLAZ-PMR-66199,APARCAPMR_763,36.73749,-4.483816,Calle Compositor Enrique Aranda,pmr,1,
PLAZ-PMR-66254,APARCAPMR_776,36.704219,-4.448047,Bulevar Adolfo Suárez,pmr,1,
PLAZ-PMR-78088,APARCAPMR_1371,36.6686806,-4.5152823,Calle Corea,pmr,1,
PLAZ-PMR-78090,APARCAPMR_1373,36.6693377,-4.5168456,Calle Corea,pmr,1,
PLAZ-PMR-78099,APARCAPMR_1382,36.6716372,-4.5144278,Taiwán,pmr,1,
PLAZ-PMR-66268,APARCAPMR_1094,36.6977878,-4.4392866,Calle Concejal Muñoz Cerván,pmr,1,
PLAZ-PMR-77991,APARCAPMR_1367,36.6928208,-4.4503105,Calle Catamarán,pmr,1,
PLAZ-PMR-77979,APARCAPMR_1355,36.7322304,-4.4618076,Avenida Octavio Paz,pmr,1,
PLAZ-PMR-77980,APARCAPMR_1356,36.7322887,-4.4616317,Avenida Octavio Paz,pmr,1,
PLAZ-PMR-77976,APARCAPMR_1352,36.7315983,-4.4618393,Avenida Octavio Paz,pmr,1,
PLAZ-PMR-77975,APARCAPMR_1351,36.7303428,-4.4623073,Avenida Octavio Paz,pmr,2,
PLAZ-PMR-77977,APARCAPMR_1353,36.7315666,-4.4617024,Avenida Octavio Paz,pmr,1,
PLAZ-PMR-78089,APARCAPMR_1372,36.669036,-4.5161223,Calle Corea,pmr,1,
PLAZ-PMR-78087,APARCAPMR_1370,36.6683731,-4.5143623,Calle Corea,pmr,1,
PLAZ-PMR-77274,APARCAPMR_1314,36.7348957,-4.4880879,Calle Astrea,pmr,1,
PLAZ-PMR-66126,APARCAPMR_810,36.7033632,-4.4496052,Bulevar Adolfo Suárez,pmr,1,
PLAZ-PMR-66359,APARCAPMR_887,36.7023358,-4.4520389,Bulevar Adolfo Suárez,pmr,1,
PLAZ-PMR-66135,APARCAPMR_812,36.702771,-4.450985,Bulevar Adolfo Suárez,pmr,1,
PLAZ-PMR-79737,APARCAPMR_1425,36.689321,-4.4625951,Calle Tucídides,pmr,1,
PLAZ-PMR-78098,APARCAPMR_1381,36.6721122,-4.5156311,Taiwán,pmr,1,
PLAZ-PMR-66235,APARCAPMR_764,36.723629,-4.53432,Calle Violeta,pmr,1,
PLAZ-PMR-66476,APARCAPMR_064,36.720794,-4.414585,Jardines Alcalde Pedro Luis Alonso,pmr,2,
PLAZ-PMR-77965,APARCAPMR_1341,36.7278871,-4.463215,Avenida Octavio Paz,pmr,1,
PLAZ-PMR-77966,APARCAPMR_1342,36.7278828,-4.4629841,Avenida Octavio Paz,pmr,1,
PLAZ-PMR-78100,APARCAPMR_1383,36.6711607,-4.5133192,Taiwán,pmr,1,
PLAZ-PMR-66657,APARCAPMR_627,36.7236888,-4.5341208,Calle Violeta,pmr,1,
PLAZ-PMR-77970,APARCAPMR_1346,36.7294116,-4.4626589,Avenida Octavio Paz,pmr,1,
PLAZ-PMR-77971,APARCAPMR_1347,36.7293719,-4.4624698,Avenida Octavio Paz,pmr,1,
PLAZ-PMR-66427,APARCAPMR_1088,36.664258,-4.459902,Calle Castellón de la Plana,pmr,1,
PLAZ-PMR-66309,APARCAPMR_873,36.695401,-4.453046,Calle Gallito,pmr,1,
PLAZ-PMR-66423,APARCAPMR_1029,36.692407,-4.441263,Calle Pacífico,pmr,1,
PLAZ-PMR-66469,APARCAPMR_1263,36.7272342,-4.424517,Calle Salamanca,pmr,1,
PLAZ-PMR-66147,APARCAPMR_822,36.699598,-4.445503,Calle Luis Carreras,pmr,1,
PLAZ-PMR-66611,APARCAPMR_1177,36.7258328,-4.4368648,Calle Domingo Lozano,pmr,1,
PLAZ-PMR-67235,APARCAPMR_343,36.694645,-4.4451794,Calle Francisco Jiménez Lomas,pmr,2,
PLAZ-PMR-66348,APARCAPMR_116,36.697186,-4.4559686,Avenida de Isaac Peral,pmr,2,
PLAZ-PMR-66974,APARCAPMR_388,36.7053816,-4.4315137,Paseo de Antonio Machado,pmr,2,
PLAZ-PMR-66892,APARCAPMR_579,36.7021634,-4.4566787,Calle Rodolfo Halffter,pmr,1,
PLAZ-PMR-81005,APARCAPMR_1468,36.7326387,-4.4350084,Calle Josep Pla,pmr,1,
PLAZ-PMR-66384,APARCAPMR_596,36.722825,-4.4375975,Pasaje Begoña,pmr,2,
PLAZ-PMR-66275,APARCAPMR_771,36.721091,-4.439758,Plaza Aparejador Federico Bermúdez,pmr,2,
PLAZ-PMR-67115,APARCAPMR_290,36.7237624,-4.4383143,Calle José María Freuiller,pmr,2,
PLAZ-PMR-67113,APARCAPMR_009,36.7227353,-4.4370852,Pasaje Aránzazu,pmr,2,
PLAZ-PMR-66444,APARCAPMR_944,36.710795,-4.438821,Calle Reboul,pmr,1,
PLAZ-PMR-66630,APARCAPMR_560,36.7306879,-4.4355932,Avenida del Arroyo de los Ángeles,pmr,2,
PLAZ-PMR-66995,APARCAPMR_424,36.711541,-4.4416717,Calle Antonio Martelo,pmr,2,
PLAZ-PMR-66401,APARCAPMR_931,36.714023,-4.436033,Calle Maestro Lecuona,pmr,2,
PLAZ-PMR-66479,APARCAPMR_635,36.7215249,-4.430737,Calle Mármoles,pmr,1,
PLAZ-PMR-66701,APARCAPMR_989,36.74553,-4.424239,Avenida del Guadalmedina,pmr,1,
PLAZ-PMR-79735,APARCAPMR_1429,36.7080865,-4.4548367,Calle Alpandeire,pmr,1,
PLAZ-PMR-80150,APARCAPMR_1440,36.7435193,-4.4277059,Calle Massenet,pmr,1,
PLAZ-PMR-66646,APARCAPMR_291,36.7302837,-4.4347483,Avenida del Arroyo de los Ángeles,pmr,2,
PLAZ-PMR-66873,APARCAPMR_551,36.7106197,-4.4493529,Avenida de José Ortega y Gasset,pmr,1,
PLAZ-PMR-66211,APARCAPMR_1144,36.6659731,-4.5023713,Calle del Maestro Vert,pmr,2,
PLAZ-PMR-81050,APARCAPMR_1223,36.7313574,-4.5663596,Calle la Celestina,pmr,1,
PLAZ-PMR-67079,APARCAPMR_168,36.7341079,-4.4247437,Avenida de Jorge Silvela,pmr,1,
PLAZ-PMR-66372,APARCAPMR_917,36.744876,-4.424184,Avenida del Guadalmedina,pmr,1,
PLAZ-PMR-74588,APARCAPMR_1264,36.7278974,-4.4179107,Calle Ejido,pmr,3,
PLAZ-PMR-66585,APARCAPMR_950,36.729646,-4.414581,Calle Gordón,pmr,2,
PLAZ-PMR-80967,APARCAPMR_638_B,36.7215276,-4.4315085,Calle Mármoles,pmr,1,
PLAZ-PMR-66769,APARCAPMR_582,36.7308942,-4.4474123,Calle Alcalde José Luis Estrada,pmr,2,
PLAZ-PMR-67252,APARCAPMR_232,36.6966403,-4.4441789,Calle Pintor José de Ribera,pmr,2,
PLAZ-PMR-66146,APARCAPMR_820,36.686473,-4.453064,Camino del Pato,pmr,2,
PLAZ-PMR-66307,APARCAPMR_874,36.688308,-4.448349,Parque Francisco Moreno Portales,pmr,1,
PLAZ-PMR-66855,APARCAPMR_939,36.724399,-4.546039,Calle Estocolmo,pmr,1,
PLAZ-PMR-66739,APARCAPMR_925,36.733275,-4.48156,Calle Halcón,pmr,1,
PLAZ-PMR-66352,APARCAPMR_257,36.7005463,-4.4450426,Calle Héroe de Sostoa,pmr,2,
PLAZ-PMR-66601,APARCAPMR_986,36.730048,-4.568235,Calle la Celestina,pmr,2,
PLAZ-PMR-66550,APARCAPMR_1054,36.7296,-4.434916,Calle Tomás de Burgos,pmr,2,
PLAZ-PMR-66865,APARCAPMR_1038,36.730227,-4.435958,Calle Tomás de Burgos,pmr,1,
PLAZ-PMR-66190,APARCAPMR_742,36.6939778,-4.4407779,Calle Pacífico,pmr,1,
PLAZ-PMR-66302,APARCAPMR_847,36.740431,-4.428225,Calle Antonio María Isola,pmr,1,
PLAZ-PMR-81016,APARCAPMR_1228,36.6967922,-4.4448855,Pasaje Frigiliana,pmr,3,
PLAZ-PMR-77450,APARCAPMR_1310,36.6869518,-4.4489725,Calle Jalón,pmr,1,
PLAZ-PMR-76890,APARCAPMR_129,36.7160871,-4.4250662,Alameda de Colón,pmr,3,
PLAZ-PMR-66138,APARCAPMR_807,36.709213,-4.433495,Calle Héroe de Sostoa,pmr,2,
PLAZ-PMR-66155,APARCAPMR_1098,36.701837,-4.449072,Calle Cortijo de Echarte,pmr,1,
PLAZ-PMR-66387,APARCAPMR_640,36.7016414,-4.4491531,Calle Cortijo de Echarte,pmr,1,
PLAZ-PMR-66822,APARCAPMR_473,36.7218269,-4.4402301,Plaza Aparejador Federico Bermúdez,pmr,2,
PLAZ-PMR-67009,APARCAPMR_445,36.7502216,-4.4212299,Calle Borde Alegre,pmr,2,
PLAZ-PMR-66198,APARCAPMR_761,36.721217,-4.352379,Calle Pedro de Valdivia,pmr,1,
PLAZ-PMR-66904,APARCAPMR_392,36.7191185,-4.4101256,Calle Arenal,pmr,1,
PLAZ-PMR-67120,APARCAPMR_315,36.7400362,-4.4328754,Calle Ebro,pmr,1,
PLAZ-PMR-67122,APARCAPMR_023,36.7400475,-4.432869,Calle Ebro,pmr,2,
PLAZ-PMR-75827,APARCAPMR_1306,36.7400519,-4.4327258,Calle Ebro,pmr,1,
PLAZ-PMR-77783,APARCAPMR_1329,36.7254488,-4.3681476,Calle Manuel de Palacio,pmr,1,
PLAZ-PMR-77787,APARCAPMR_1333,36.6662417,-4.5031208,Calle del Maestro Vert,pmr,1,
PLAZ-PMR-66532,APARCAPMR_656,36.7229336,-4.3705603,Calle Pintor Martínez Cubells,pmr,1,
PLAZ-PMR-66271,APARCAPMR_1172,36.7189276,-4.4196273,Calle Cortina del Muelle,pmr,2,
PLAZ-PMR-66523,APARCAPMR_535,36.6649142,-4.4986895,Calle Enrique Van Dulken,pmr,2,
PLAZ-PMR-81034,APARCAPMR_1116,36.6732857,-4.5112603,Calle Decano López Arjona,pmr,1,
PLAZ-PMR-66574,APARCAPMR_1285,36.7207673,-4.4066501,Calle Navas de Tolosa,pmr,1,
PLAZ-PMR-76874,APARCAPMR_1304_B,36.7483486,-4.4184586,Calle Héctor Villa-lobos,pmr,1,
PLAZ-PMR-66555,APARCAPMR_1150,36.7277185,-4.3717824,Calle Fernández Shaw,pmr,1,
PLAZ-PMR-66596,APARCAPMR_976,36.723596,-4.373542,Calle Fernández Shaw,pmr,1,
PLAZ-PMR-66979,APARCAPMR_396,36.7496847,-4.417949,Calle Pintor Ramos Rosas,pmr,1,
PLAZ-PMR-66948,APARCAPMR_311,36.7329552,-4.4033913,Calle la Era,pmr,1,
PLAZ-PMR-66468,APARCAPMR_1265,36.7203901,-4.3614966,Avenida de la Estación de el Palo,pmr,2,
PLAZ-PMR-67208,APARCAPMR_238,36.7272902,-4.41076,Calle Ferrándiz,pmr,1,
PLAZ-PMR-66258,APARCAPMR_1163,36.7272533,-4.4115612,Calle Ferrándiz,pmr,1,
PLAZ-PMR-66368,APARCAPMR_891,36.727029,-4.410307,Calle Ferrándiz,pmr,2,
PLAZ-PMR-80968,APARCAPMR_674_B,36.7203777,-4.3651702,Avenida de Pío Baroja,pmr,1,
PLAZ-PMR-66738,APARCAPMR_920,36.665146,-4.4996,Calle del Maestro Vert,pmr,1,
PLAZ-PMR-66489,APARCAPMR_665,36.7208087,-4.3570333,Calle Almería,pmr,2,
PLAZ-PMR-67045,APARCAPMR_124,36.7202677,-4.3617654,Avenida de Pío Baroja,pmr,2,
PLAZ-PMR-66664,APARCAPMR_690,36.7319083,-4.4163832,Calle Paco Miranda,pmr,2,
PLAZ-PMR-66882,APARCAPMR_500,36.7200957,-4.4159514,Calle Alcalde Pedro Luis Alonso,pmr,1,
PLAZ-PMR-66485,APARCAPMR_630,36.7333889,-4.4157462,Plaza de Olletas,pmr,1,
PLAZ-PMR-77963,APARCAPMR_1331,36.7294996,-4.4188053,Calle Miguel Bueno Lara,pmr,1,
PLAZ-PMR-81017,APARCAPMR_1259,36.7399152,-4.4311481,Calle Cabriel,pmr,3,
PLAZ-PMR-66132,APARCAPMR_798,36.726735,-4.362037,Calle Francisco Guillón,pmr,1,
PLAZ-PMR-67219,APARCAPMR_293,36.7323984,-4.4203399,Calle Rojas,pmr,1,
PLAZ-PMR-66825,APARCAPMR_1148,36.7333103,-4.4161517,Plaza de Olletas,pmr,2,
PLAZ-PMR-67054,APARCAPMR_166,36.7254016,-4.3695264,Calle Manuel de Palacio,pmr,4,
PLAZ-PMR-66953,APARCAPMR_362,36.7329246,-4.4205084,Calle Moya,pmr,1,
PLAZ-PMR-66251,APARCAPMR_778,36.742822,-4.418188,Calle Chirimoyos,pmr,2,
PLAZ-PMR-66833,APARCAPMR_1066,36.738607,-4.420894,Plaza de Nazaret,pmr,1,
PLAZ-PMR-67273,APARCAPMR_483,36.7384349,-4.4201919,Plaza de Nazaret,pmr,1,
PLAZ-PMR-66443,APARCAPMR_959,36.738952,-4.420408,Avenida de la Cibeles,pmr,1,
PLAZ-PMR-66277,APARCAPMR_795,36.739069,-4.420626,Avenida de la Cibeles,pmr,1,
PLAZ-PMR-66530,APARCAPMR_632,36.7245675,-4.367854,Calle Octavio Picón,pmr,2,
PLAZ-PMR-67052,APARCAPMR_239,36.7213798,-4.3644302,Calle Escultor Marín Higuero,pmr,2,
PLAZ-PMR-66752,APARCAPMR_984,36.743945,-4.488804,Calle de Helio,pmr,1,
PLAZ-PMR-66837,APARCAPMR_1287,36.7258794,-4.4367313,Calle Domingo Lozano,pmr,1,
PLAZ-PMR-66812,APARCAPMR_990,36.732588,-4.482234,Calle Cristo de los Milagros,pmr,2,
PLAZ-PMR-76811,APARCAPMR_1257,36.7342928,-4.4807457,Calle Canarios,pmr,1,
PLAZ-PMR-76812,APARCAPMR_666,36.736869,-4.4842146,Calle Plauto,pmr,1,
PLAZ-PMR-66219,APARCAPMR_1151,36.7347853,-4.4859048,Calle Plauto,pmr,1,
PLAZ-PMR-81060,APARCAPMR_1321,36.7350852,-4.4857524,Calle Plauto,pmr,1,
PLAZ-PMR-66678,APARCAPMR_570,36.7262186,-4.4808125,Avenida María Victoria Atencia,pmr,2,
PLAZ-PMR-66698,APARCAPMR_979,36.726012,-4.543997,Carril de Segovia,pmr,1,
PLAZ-PMR-67280,APARCAPMR_494,36.7279002,-4.54974,Calle de Penélope,pmr,2,
PLAZ-PMR-66925,APARCAPMR_478,36.6910162,-4.450466,Camino del Pato,pmr,2,
PLAZ-PMR-66165,APARCAPMR_1179,36.7375323,-4.4810299,Calle Escritora Ana María Matute,pmr,1,
PLAZ-PMR-66694,APARCAPMR_581,36.7314488,-4.5683263,Plaza de el Salvador,pmr,2,
PLAZ-PMR-66420,APARCAPMR_1044,36.743932,-4.492051,Calle Retama,pmr,2,
PLAZ-PMR-80953,APARCAPMR_314_B,36.6884943,-4.4432631,Calle Pacífico,pmr,2,
PLAZ-PMR-66856,APARCAPMR_951,36.725358,-4.468886,Calle Juana Castro,pmr,1,
PLAZ-PMR-66932,APARCAPMR_081,36.7377729,-4.4816467,Avenida de Andersen,pmr,2,
PLAZ-PMR-80991,APARCAPMR_748_B,36.7372487,-4.4821488,Avenida de Andersen,pmr,2,
PLAZ-PMR-66784,APARCAPMR_156,36.7233963,-4.4815512,Calle Esquilo,pmr,3,
PLAZ-PMR-66567,APARCAPMR_712,36.739897,-4.4853998,Calle Oro,pmr,1,
PLAZ-PMR-66455,APARCAPMR_1274,36.7344115,-4.4790101,Calle Abetos,pmr,1,
PLAZ-PMR-80622,APARCAPMR_1450,36.7235616,-4.4813125,Calle Esquilo,pmr,1,
PLAZ-PMR-66814,APARCAPMR_897,36.734351,-4.479599,Calle Forja,pmr,1,
PLAZ-PMR-67259,APARCAPMR_241,36.687791,-4.4526292,Camino del Pato,pmr,1,
PLAZ-PMR-67135,APARCAPMR_146,36.7121254,-4.4420385,Avenida de José Ortega y Gasset,pmr,1,
PLAZ-PMR-67220,APARCAPMR_22,36.7139294,-4.4241221,Alameda de Colón,pmr,2,
PLAZ-PMR-66184,APARCAPMR_722,36.669068,-4.464939,Calle Guadalhorce,pmr,2,
PLAZ-PMR-66501,APARCAPMR_250,36.6977962,-4.4572735,Calle Calerito,pmr,2,
PLAZ-PMR-66792,APARCAPMR_423,36.698443,-4.457761,Calle Calerito,pmr,1,
PLAZ-PMR-66203,APARCAPMR_1192,36.7078744,-4.4869649,Calle Daniel Blanxart,pmr,1,
PLAZ-PMR-66575,APARCAPMR_1290,36.7080822,-4.4890848,Calle Daniel Blanxart,pmr,1,
PLAZ-PMR-67116,APARCAPMR_049,36.7250931,-4.4390955,Calle José María Coopello,pmr,2,
PLAZ-PMR-77269,APARCAPMR_1317,36.6657942,-4.4566673,Calle Manuel Curros Enríquez,pmr,1,
PLAZ-PMR-66557,APARCAPMR_685,36.7213528,-4.4766322,Avenida de Plutarco,pmr,1,
PLAZ-PMR-66326,APARCAPMR_857,36.704952,-4.439079,Calle Héroe de Sostoa,pmr,1,
PLAZ-PMR-66623,APARCAPMR_644,36.6682656,-4.460067,Calle Campanillas,pmr,1,
PLAZ-PMR-66565,APARCAPMR_710,36.6948133,-4.4569275,Avenida de Isaac Peral,pmr,1,
PLAZ-PMR-76803,APARCAPMR_1025,36.711332,-4.4652457,Calle de Quasimodo,pmr,3,
PLAZ-PMR-66583,APARCAPMR_1090,36.708291,-4.46531,Calle de Quasimodo,pmr,2,
PLAZ-PMR-66660,APARCAPMR_658,36.7253672,-4.4619083,Carril del Capitán,pmr,1,
PLAZ-PMR-66966,APARCAPMR_378,36.7262815,-4.4494589,Calle Núñez Vela,pmr,4,
PLAZ-PMR-66785,APARCAPMR_283,36.7262955,-4.4666934,Calle Tamayo y Baus,pmr,1,
PLAZ-PMR-66945,APARCAPMR_182,36.7189347,-4.4549561,Plaza José Bergamín,pmr,1,
PLAZ-PMR-66687,APARCAPMR_552,36.7128611,-4.4519769,Calle Corregidor Francisco de Molina,pmr,2,
PLAZ-PMR-66416,APARCAPMR_1100,36.694229,-4.45755,Avenida de Isaac Peral,pmr,1,
PLAZ-PMR-66951,APARCAPMR_359,36.696221,-4.4559017,Avenida de Isaac Peral,pmr,1,
PLAZ-PMR-66457,APARCAPMR_1061,36.725147,-4.451687,Calle Núñez Vela,pmr,1,
PLAZ-PMR-67164,APARCAPMR_018,36.7119865,-4.4521022,Calle Corregidor Pedro Zapata,pmr,2,
PLAZ-PMR-66356,APARCAPMR_879,36.7221695,-4.4664367,Calle Andrés Bernáldez,pmr,2,
PLAZ-PMR-67086,APARCAPMR_152,36.7246105,-4.4562945,Avenida Carlos de Haya,pmr,1,
PLAZ-PMR-80959,APARCAPMR_110_B,36.6821997,-4.4505297,Calle Pilar Lorengar,pmr,1,
PLAZ-PMR-80739,APARCAPMR_1455,36.7209316,-4.4389807,Calle Francisco Rueda Pérez,pmr,1,
PLAZ-PMR-67096,APARCAPMR_259,36.7231051,-4.4396098,Calle Doctor Escassi,pmr,4,
PLAZ-PMR-66960,APARCAPMR_372,36.7201172,-4.4532897,Calle Soliva,pmr,1,
PLAZ-PMR-80625,APARCAPMR_1447,36.7129958,-4.4508753,Calle Corregidor Francisco de Molina,pmr,1,
PLAZ-PMR-66377,APARCAPMR_1006,36.71315,-4.450591,Calle Corregidor Francisco de Molina,pmr,1,
PLAZ-PMR-66641,APARCAPMR_171,36.7284721,-4.4503849,Calle Padre Martín,pmr,1,
PLAZ-PMR-67171,APARCAPMR_747,36.7432259,-4.474901,Calle del Trombón,pmr,1,
PLAZ-PMR-66432,APARCAPMR_1193,36.7113153,-4.4690173,Calle Marea Baja,pmr,1,
PLAZ-PMR-66584,APARCAPMR_898,36.711392,-4.470106,Calle Marea Baja,pmr,1,
PLAZ-PMR-77993,APARCAPMR_1369,36.7005963,-4.4390273,Calle Carlos Rein,pmr,1,
PLAZ-PMR-66835,APARCAPMR_1286,36.7271919,-4.4392641,Calle Jamaica,pmr,1,
PLAZ-PMR-67153,APARCAPMR_245,36.7208525,-4.4430162,Calle Argéntea,pmr,1,
PLAZ-PMR-66867,APARCAPMR_586,36.7355685,-4.4335748,Calle de Máximo Gorky,pmr,2,
PLAZ-PMR-66838,APARCAPMR_1048,36.729538,-4.441175,Calle Juan Antonio Tercero,pmr,2,
PLAZ-PMR-80737,APARCAPMR_1459,36.7054307,-4.4384104,Calle Héroe de Sostoa,pmr,1,
PLAZ-PMR-78795,APARCAPMR_1402,36.7085686,-4.4346439,Calle Héroe de Sostoa,pmr,1,
PLAZ-PMR-66430,APARCAPMR_1185,36.7249746,-4.4152035,Calle Victoria,pmr,1,
PLAZ-PMR-66663,APARCAPMR_568,36.7257279,-4.4667403,Calle Tamayo y Baus,pmr,1,
PLAZ-PMR-66717,APARCAPMR_1232,36.6911444,-4.4629587,Calle Licurgo,pmr,1,
PLAZ-PMR-67134,APARCAPMR_303,36.7223327,-4.4483618,Avenida Carlos de Haya,pmr,1,
PLAZ-PMR-74964,APARCAPMR_1293,36.7406849,-4.4752616,Calle del Trombón,pmr,1,
PLAZ-PMR-66541,APARCAPMR_1175,36.7093721,-4.4406782,Calle Reboul,pmr,1,
PLAZ-PMR-67178,APARCAPMR_347,36.7090339,-4.4551311,Calle Alfarnate,pmr,1,
PLAZ-PMR-66886,APARCAPMR_534,36.7241569,-4.4609702,Calle Flaubert,pmr,1,
PLAZ-PMR-67147,APARCAPMR_215,36.7097569,-4.4536753,Avenida de José Ortega y Gasset,pmr,1,
PLAZ-PMR-66894,APARCAPMR_601,36.7110884,-4.4651598,Calle de Quasimodo,pmr,2,
PLAZ-PMR-67161,APARCAPMR_016,36.7145072,-4.4497539,Calle de Conan Doyle,pmr,2,
PLAZ-PMR-66708,APARCAPMR_122,36.7172813,-4.4498119,Calle Corregidor José Viciana,pmr,3,
PLAZ-PMR-81011,APARCAPMR_1432_B,36.7232154,-4.4663623,Calle Pablo Bruna,pmr,1,
PLAZ-PMR-66279,APARCAPMR_806,36.7075422,-4.4356318,Calle Héroe de Sostoa,pmr,1,
PLAZ-PMR-66127,APARCAPMR_808,36.7227776,-4.4672261,Calle Manuel Amaro,pmr,1,
PLAZ-PMR-66938,APARCAPMR_285,36.7288821,-4.4670823,Calle Tamayo y Baus,pmr,2,
PLAZ-PMR-66294,APARCAPMR_819,36.684921,-4.45768,Calle Pilar Lorengar,pmr,1,
PLAZ-PMR-66716,APARCAPMR_1202,36.7435772,-4.4191852,Calle los Ficus,pmr,1,
PLAZ-PMR-66905,APARCAPMR_399,36.7226547,-4.450228,Calle Pedro Espinosa,pmr,3,
PLAZ-PMR-67035,APARCAPMR_292,36.7337231,-4.4142696,Calle Toquero,pmr,1,
PLAZ-PMR-67283,APARCAPMR_507,36.7233061,-4.3967152,Calle Idris,pmr,1,
PLAZ-PMR-67284,APARCAPMR_508,36.719813,-4.3648392,Avenida de Salvador Allende,pmr,1,
PLAZ-PMR-81020,APARCAPMR_1262,36.7183051,-4.4424936,Calle Virgen Inmaculada,pmr,2,
PLAZ-PMR-66961,APARCAPMR_373,36.6944552,-4.4456649,Calle Francisco Jiménez Lomas,pmr,2,
PLAZ-PMR-78718,APARCAPMR_1393,36.7345293,-4.4211008,Calle Rojas,pmr,1,
PLAZ-PMR-74586,APARCAPMR_1097,36.7262169,-4.3994553,Calle República Argentina,pmr,1,
PLAZ-PMR-66579,APARCAPMR_1240,36.7328104,-4.4308131,Calle Poeta Salvador Ibarra España,pmr,1,
PLAZ-PMR-66681,APARCAPMR_564,36.702622,-4.4454503,Avenida de Europa,pmr,2,
PLAZ-PMR-66884,APARCAPMR_516,36.7479612,-4.4197816,Calle Sancho Miranda,pmr,2,
PLAZ-PMR-66980,APARCAPMR_401,36.7412485,-4.4184995,Calle Armijo,pmr,1,
PLAZ-PMR-80989,APARCAPMR_360,36.7060803,-4.437558,Calle Héroe de Sostoa,pmr,1,
PLAZ-PMR-67058,APARCAPMR_062,36.720157,-4.4081327,Calle Puerto,pmr,2,
PLAZ-PMR-67127,APARCAPMR_138,36.7323162,-4.4320057,Calle Poetisa Juana Luna,pmr,1,
PLAZ-PMR-66586,APARCAPMR_955,36.731993,-4.432093,Calle Poetisa Juana Luna,pmr,1,
PLAZ-PMR-66403,APARCAPMR_1017,36.719532,-4.361599,Avenida de Salvador Allende,pmr,2,
PLAZ-PMR-78940,APARCAPMR_1412,36.7032876,-4.4425966,Avenida de Europa,pmr,1,
PLAZ-PMR-66344,APARCAPMR_185,36.7039408,-4.4410937,Avenida de Europa,pmr,2,
PLAZ-PMR-67177,APARCAPMR_219,36.7200377,-4.438844,Calle Ingeniero de la Torre Acosta,pmr,2,
PLAZ-PMR-66175,APARCAPMR_708,36.7322582,-4.4243118,Calle Actriz Rosario Pino,pmr,1,
PLAZ-PMR-67215,APARCAPMR_180,36.7358673,-4.4174045,Calle Marmolista,pmr,3,
PLAZ-PMR-66533,APARCAPMR_609,36.7243934,-4.3591489,Calle Villafuerte,pmr,2,
PLAZ-PMR-67125,APARCAPMR_137,36.7330079,-4.4319373,Calle Poetisa Juana Luna,pmr,1,
PLAZ-PMR-67046,APARCAPMR_187,36.7187794,-4.3558793,Avenida de Salvador Allende,pmr,2,
PLAZ-PMR-81046,APARCAPMR_1212,36.7318786,-4.5734159,Calle Ronda del Poniente,pmr,1,
PLAZ-PMR-80932,APARCAPMR_741,36.7320038,-4.4534378,Calle del Pisuerga,pmr,1,
PLAZ-PMR-67047,APARCAPMR_210,36.7176361,-4.3505967,Avenida de Salvador Allende,pmr,2,
PLAZ-PMR-66977,APARCAPMR_394,36.728923,-4.4412714,Calle Enrique de Egas,pmr,3,
PLAZ-PMR-66506,APARCAPMR_515,36.7525469,-4.4210073,Calle María de Zayas y Sotomayor,pmr,2,
PLAZ-PMR-67152,APARCAPMR_179,36.7111702,-4.4552479,Calle Peñarrubia,pmr,1,
PLAZ-PMR-66898,APARCAPMR_726,36.7110949,-4.4552746,Calle Peñarrubia,pmr,1,
PLAZ-PMR-66715,APARCAPMR_1194,36.6639403,-4.4592547,Pasaje Bernarda Alba,pmr,1,
PLAZ-PMR-80988,APARCAPMR_281_B,36.6743639,-4.5083497,Calle Linares,pmr,2,
PLAZ-PMR-66578,APARCAPMR_1115,36.6738009,-4.5119171,Calle Decano López Arjona,pmr,1,
PLAZ-PMR-75486,APARCAPMR_1302,36.672294,-4.5099848,Calle Decano López Arjona,pmr,1,
PLAZ-PMR-81041,APARCAPMR_1209,36.6625732,-4.4982008,Calle Decano Manuel Domínguez,pmr,1,
PLAZ-PMR-66239,APARCAPMR_767,36.698206,-4.472287,Calle Gea,pmr,1,
PLAZ-PMR-66566,APARCAPMR_711,36.7220027,-4.4922327,Calle Félix Gancedo,pmr,1,
PLAZ-PMR-66911,APARCAPMR_434,36.7043788,-4.5064119,Calle Nemoroso,pmr,1,
PLAZ-PMR-66650,APARCAPMR_620,36.6938606,-4.4626989,Calle Luis Recuerda Montilla,pmr,1,
PLAZ-PMR-67251,APARCAPMR_314,36.6888725,-4.4432702,Calle Pacífico,pmr,7,
PLAZ-PMR-66723,APARCAPMR_1244,36.7047031,-4.5061923,Calle Nemoroso,pmr,2,
PLAZ-PMR-66194,APARCAPMR_737,36.7248943,-4.411692,Calle Pinosol,pmr,1,
PLAZ-PMR-78801,APARCAPMR_1403,36.673286,-4.5134722,Calle de Gonzalo de Ayora,pmr,1,
PLAZ-PMR-66563,APARCAPMR_695,36.7058019,-4.5078861,Calle Generación,pmr,2,
PLAZ-PMR-67237,APARCAPMR_294,36.7052912,-4.4387629,Calle Héroe de Sostoa,pmr,1,
PLAZ-PMR-77972,APARCAPMR_1348,36.7274455,-4.4620397,Calle César Manrique,pmr,1,
PLAZ-PMR-77973,APARCAPMR_1349,36.727523,-4.4619516,Calle César Manrique,pmr,1,
PLAZ-PMR-76025,APARCAPMR_1296,36.6621971,-4.5016643,Calle Maestro Serrano,pmr,1,
PLAZ-PMR-66325,APARCAPMR_869,36.731217,-4.569996,Calle del Día,pmr,1,
PLAZ-PMR-66441,APARCAPMR_893,36.7319236,-4.5643817,Calle Vasija,pmr,1,
PLAZ-PMR-80992,APARCAPMR_870,36.6635267,-4.5048538,Calle Ángeles Rubio-argüelles,pmr,1,
PLAZ-PMR-67080,APARCAPMR_352,36.7349699,-4.4227541,Calle Salesianos,pmr,2,
PLAZ-PMR-66278,APARCAPMR_757,36.721085,-4.492935,Calle Navarro Ledesma,pmr,2,
PLAZ-PMR-66725,APARCAPMR_1253,36.6620214,-4.5012204,Calle Ricardo López Barroso,pmr,1,
PLAZ-PMR-66296,APARCAPMR_836,-4.4524995,-4.4524995,Calle Hungría,pmr,1,
PLAZ-PMR-77987,APARCAPMR_1363,36.7064489,-4.4408145,Calle Santa Justa,pmr,2,
PLAZ-PMR-77969,APARCAPMR_1345,36.7286413,-4.4619121,Calle César Manrique,pmr,1,
PLAZ-PMR-77978,APARCAPMR_1354,36.731408,-4.4609095,Calle César Manrique,pmr,1,
PLAZ-PMR-77974,APARCAPMR_1350,36.7300629,-4.4613748,Calle César Manrique,pmr,1,
PLAZ-PMR-66376,APARCAPMR_999,36.662713,-4.50143,Calle Ángeles Rubio-argüelles,pmr,1,
PLAZ-PMR-66188,APARCAPMR_730,36.743501,-4.41998,Calle los Ficus,pmr,1,
PLAZ-PMR-66869,APARCAPMR_600,36.6968393,-4.4732086,Calle Bachiller Palma,pmr,2,
PLAZ-PMR-66691,APARCAPMR_576,36.7015899,-4.4473179,Pasaje de la Alborada,pmr,1,
PLAZ-PMR-66417,APARCAPMR_1120,36.7226,-4.5392,Calle Veronés,pmr,1,
PLAZ-PMR-66572,APARCAPMR_717,36.7188648,-4.3551229,Calle Pintor Dámaso Ruano,pmr,2,
PLAZ-PMR-66747,APARCAPMR_952,36.668071,-4.471239,Calle Bogotá,pmr,2,
PLAZ-PMR-67267,APARCAPMR_321,36.6626205,-4.5041838,Calle Maestro Serrano,pmr,1,
PLAZ-PMR-66928,APARCAPMR_489,36.7317987,-4.5663006,Calle de Ítaca,pmr,2,
PLAZ-PMR-66677,APARCAPMR_559,36.7288848,-4.4387213,Calle Segismundo Moret,pmr,3,
PLAZ-PMR-67163,APARCAPMR_301,36.7153468,-4.4514759,Calle Corregidor Nicolás Isidro,pmr,2,
PLAZ-PMR-67202,APARCAPMR_297,36.7124909,-4.4274668,Calle Plaza de Toros Vieja,pmr,2,
PLAZ-PMR-78796,APARCAPMR_1407,36.6691209,-4.4602779,Calle Wilkinson,pmr,1,
PLAZ-PMR-67008,APARCAPMR_444,36.7093005,-4.4428331,Calle la Unión,pmr,1,
PLAZ-PMR-67112,APARCAPMR_195,36.7237344,-4.4370724,Calle Eduardo San Martín,pmr,2,
PLAZ-PMR-66182,APARCAPMR_728,36.707483,-4.4361355,Calle Rafael Salinas,pmr,1,
PLAZ-PMR-80935,APARCAPMR_775,36.7100748,-4.4503953,Calle Río Tera,pmr,1,
PLAZ-PMR-80961,APARCAPMR_227_B,36.7389874,-4.4818714,Calle Pirita,pmr,1,
PLAZ-PMR-66191,APARCAPMR_738,36.7290949,-4.4144829,Calle Mitjana,pmr,1,
PLAZ-PMR-67287,APARCAPMR_521,36.7004973,-4.4513378,Avenida de Europa,pmr,1,
PLAZ-PMR-66582,APARCAPMR_1083,36.700785,-4.450622,Avenida de Europa,pmr,1,
PLAZ-PMR-66343,APARCAPMR_106,36.7010345,-4.45017,Avenida de Europa,pmr,2,
PLAZ-PMR-66846,APARCAPMR_1023,36.724785,-4.468884,Calle Navarro Ledesma,pmr,1,
PLAZ-PMR-67029,APARCAPMR_479,36.71164,-4.4369819,Calle la Unión,pmr,1,
PLAZ-PMR-66330,APARCAPMR_075,36.7089806,-4.4434775,Calle la Unión,pmr,3,
PLAZ-PMR-66839,APARCAPMR_1064,36.69621,-4.448472,Calle Princesa Polixena,pmr,1,
PLAZ-PMR-66761,APARCAPMR_585,36.7239828,-4.4729376,Calle Navarro Ledesma,pmr,1,
PLAZ-PMR-79698,APARCAPMR_1427,36.7247673,-4.4695633,Calle Navarro Ledesma,pmr,1,
PLAZ-PMR-80623,APARCAPMR_1452,36.7220119,-4.4758184,Calle Hermes,pmr,1,
PLAZ-PMR-77790,APARCAPMR_1332,36.7021655,-4.4475659,Avenida de Europa,pmr,1,
PLAZ-PMR-66409,APARCAPMR_1016,36.701988,-4.447502,Avenida de Europa,pmr,1,
PLAZ-PMR-66230,APARCAPMR_770,36.711446,-4.437768,Calle la Unión,pmr,1,
PLAZ-PMR-66242,APARCAPMR_791,36.679782,-4.447249,Paseo Tanima,pmr,1,
PLAZ-PMR-66824,APARCAPMR_1027,36.715168,-4.452577,Calle Corregidor Nicolás Isidro,pmr,2,
PLAZ-PMR-67017,APARCAPMR_457,36.7149765,-4.4526172,Calle Corregidor Nicolás Isidro,pmr,2,
PLAZ-PMR-66909,APARCAPMR_418,36.7149383,-4.4535331,Calle Corregidor Nicolás Isidro,pmr,2,
PLAZ-PMR-66422,APARCAPMR_1031,36.718517,-4.409318,Calle Fernando Camino,pmr,1,
PLAZ-PMR-77268,APARCAPMR_1311,36.6868706,-4.4566821,Calle Villanueva de Algaidas,pmr,1,
PLAZ-PMR-66202,APARCAPMR_1190,36.7219872,-4.4748976,Calle Hermes,pmr,1,
PLAZ-PMR-67217,APARCAPMR_164,36.7195055,-4.4301651,Calle Montes de Oca,pmr,2,
PLAZ-PMR-66695,APARCAPMR_563,36.7272763,-4.4123901,Calle Hurtado de Mendoza,pmr,2,
PLAZ-PMR-66301,APARCAPMR_876,36.713997,-4.447238,Calle Virgen de la Fuensanta,pmr,1,
PLAZ-PMR-66672,APARCAPMR_1062,36.721028,-4.47291,Calle Francisco Barbín,pmr,1,
PLAZ-PMR-76810,APARCAPMR_1230,36.7332449,-4.4807438,Calle Cristo del Puerto,pmr,1,
PLAZ-PMR-80963,APARCAPMR_1230_B,36.7333479,-4.4807963,Calle Cristo del Puerto,pmr,1,
PLAZ-PMR-66809,APARCAPMR_923,36.730099,-4.436256,Calle Cristino Martos,pmr,1,
PLAZ-PMR-66458,APARCAPMR_1127,36.7244803,-4.4802865,Calle Navarro Ledesma,pmr,2,
PLAZ-PMR-67275,APARCAPMR_486,36.7128252,-4.4320527,Calle Mendívil,pmr,2,
PLAZ-PMR-66749,APARCAPMR_1019,36.745145,-4.423212,Calle Cronista Madrid Muñoz,pmr,1,
PLAZ-PMR-81033,APARCAPMR_1112,36.7008781,-4.4503916,Avenida de Europa,pmr,1,
PLAZ-PMR-66172,APARCAPMR_1073,36.728119,-4.436015,Calle Sebastián de Eslava,pmr,1,
PLAZ-PMR-67258,APARCAPMR_132,36.6816877,-4.4598699,Calle Miguel de Mérida Nicolich,pmr,13,
PLAZ-PMR-81047,APARCAPMR_1213,36.714648,-4.4388114,Calle Santa Teresa,pmr,1,
PLAZ-PMR-66358,APARCAPMR_852,36.696344,-4.4476528,Calle Montaña Blanca,pmr,2,
PLAZ-PMR-66688,APARCAPMR_558,36.7314875,-4.4526654,Calle Industrial,pmr,1,
PLAZ-PMR-66143,APARCAPMR_802,36.712921,-4.4532778,Calle Viñuela,pmr,1,
PLAZ-PMR-66754,APARCAPMR_1071,36.717526,-4.44441,Calle Virgen del Rosario,pmr,1,
PLAZ-PMR-66337,APARCAPMR_130,36.7179618,-4.4445068,Calle Virgen del Rosario,pmr,2,
PLAZ-PMR-67194,APARCAPMR_198,36.7310125,-4.4246632,Calle Actriz Rosario Pino,pmr,2,
PLAZ-PMR-66529,APARCAPMR_577,36.7199162,-4.3668991,Calle Bolivia,pmr,2,
PLAZ-PMR-66528,APARCAPMR_589,36.7199312,-4.3670118,Calle Bolivia,pmr,2,
PLAZ-PMR-66561,APARCAPMR_693,36.7212363,-4.3567973,Calle Antofagasta,pmr,1,
PLAZ-PMR-66248,APARCAPMR_772,36.721612,-4.374729,Calle Bolivia,pmr,2,
PLAZ-PMR-76872,APARCAPMR_1299_,36.7192172,-4.4098851,Calle Cervantes,pmr,1,
PLAZ-PMR-66250,APARCAPMR_750,36.750607,-4.417735,Calle del Marqués de Mantua,pmr,1,
PLAZ-PMR-66445,APARCAPMR_906,36.7478,-4.423482,Calle Dolores Cortés,pmr,1,
PLAZ-PMR-66888,APARCAPMR_491,36.7256446,-4.4254893,Avenida de la Rosaleda,pmr,1,
PLAZ-PMR-80927,APARCAPMR_718,36.7216166,-4.3575013,Calle Antofagasta,pmr,1,
PLAZ-PMR-66227,APARCAPMR_1102,36.748037,-4.422816,Calle Dolores Cortés,pmr,1,
PLAZ-PMR-66891,APARCAPMR_573,36.7500905,-4.4152164,Calle del Marqués de Mantua,pmr,1,
PLAZ-PMR-66400,APARCAPMR_919,36.722123,-4.357865,Calle Antofagasta,pmr,1,
PLAZ-PMR-67196,APARCAPMR_004,36.7128484,-4.4244989,Calle Alemania,pmr,2,
PLAZ-PMR-66312,APARCAPMR_387,36.723189,-4.42526,Avenida de la Rosaleda,pmr,3,
PLAZ-PMR-66647,APARCAPMR_288,36.7390152,-4.426762,Calle Doctor Gálvez Moll,pmr,3,
PLAZ-PMR-81056,APARCAPMR_1266,36.7395628,-4.4291264,Calle Doctor Gálvez Moll,pmr,1,
PLAZ-PMR-66878,APARCAPMR_496,36.7257542,-4.4343165,Calle Martínez de la Rosa,pmr,2,
PLAZ-PMR-66464,APARCAPMR_1125,36.7302693,-4.4284926,Avenida del Doctor Marañón,pmr,1,
PLAZ-PMR-66527,APARCAPMR_633,36.7178877,-4.3540996,Calle Banda del Mar,pmr,2,
PLAZ-PMR-74589,APARCAPMR_1199,36.7161114,-4.4122043,Paseo Marítimo Ciudad de Melilla,pmr,4,
PLAZ-PMR-66316,APARCAPMR_872,36.666465,-4.5015391,Calle de Dolores Ponce de León,pmr,1,
PLAZ-PMR-66931,APARCAPMR_501,36.7200113,-4.4152895,Avenida de Cervantes,pmr,3,
PLAZ-PMR-81038,APARCAPMR_1203,36.7415846,-4.4171819,Calle Romeral,pmr,1,
PLAZ-PMR-67195,APARCAPMR_907,36.721557,-4.376417,Calle Bolivia,pmr,1,
PLAZ-PMR-66490,APARCAPMR_628,36.7210793,-4.3718042,Calle Bolivia,pmr,1,
PLAZ-PMR-77786,APARCAPMR_1339,36.7394336,-4.4281877,Calle Doctor Gálvez Moll,pmr,2,
PLAZ-PMR-79860,APARCAPMR_1433,36.7394008,-4.4226958,Calle Donato Jiménez,pmr,1,
PLAZ-PMR-66507,APARCAPMR_517,36.7486076,-4.420267,Calle Comendador Bobadilla,pmr,3,
PLAZ-PMR-66556,APARCAPMR_694,36.7246546,-4.3585192,Calle Caballero Platir,pmr,1,
PLAZ-PMR-66262,APARCAPMR_1124,36.7526251,-4.4186126,Calle Sor Juana Inés de la Cruz,pmr,1,
PLAZ-PMR-66768,APARCAPMR_597,36.7515137,-4.4218744,Calle Quintanar de la Orden,pmr,2,
PLAZ-PMR-66473,APARCAPMR_1051,36.748554,-4.42182,Calle Dolores Cortés,pmr,1,
PLAZ-PMR-67212,APARCAPMR_126,36.7262336,-4.4152352,Calle Lagunillas,pmr,2,
PLAZ-PMR-67106,APARCAPMR_059,36.7215023,-4.4326381,Calle Martínez Maldonado,pmr,2,
PLAZ-PMR-66252,APARCAPMR_777,36.663833,-4.499805,Calle Francisco Soto de Langa,pmr,1,
PLAZ-PMR-67063,APARCAPMR_040,36.7166492,-4.4115432,Paseo Marítimo Ciudad de Melilla,pmr,2,
PLAZ-PMR-76030,APARCAPMR_1298,36.717114,-4.4110581,Paseo Marítimo Ciudad de Melilla,pmr,2,
PLAZ-PMR-80923,APARCAPMR_700,36.7309481,-4.418652,Alameda de Capuchinos,pmr,1,
PLAZ-PMR-67078,APARCAPMR_092,36.7350236,-4.4225442,Calle Obispo Bartolomé Espejo,pmr,3,
PLAZ-PMR-66952,APARCAPMR_361,36.7319565,-4.4216056,Calle Marruecos,pmr,1,
PLAZ-PMR-66213,APARCAPMR_1280,36.7231597,-4.4237699,Calle Carretería,pmr,1,
PLAZ-PMR-66232,APARCAPMR_769,36.728182,-4.408882,Calle Empinada,pmr,2,
PLAZ-PMR-80973,APARCAPMR_1097_B,36.7261037,-4.3994647,Calle República Argentina,pmr,1,
PLAZ-PMR-67131,APARCAPMR_267,36.7154538,-4.4394415,Avenida de la Aurora,pmr,2,
PLAZ-PMR-66860,APARCAPMR_963,36.731794,-4.420797,Calle Montserrat,pmr,1,
PLAZ-PMR-66732,APARCAPMR_1161,36.7346672,-4.415751,Calle Portazgo,pmr,1,
PLAZ-PMR-66397,APARCAPMR_654,36.7322748,-4.4170041,Alameda de Capuchinos,pmr,1,
PLAZ-PMR-80936,APARCAPMR_780,36.7282407,-4.3926658,Calle Federico Fellini,pmr,1,
PLAZ-PMR-66180,APARCAPMR_745,36.7201473,-4.3684988,Calle Bolivia,pmr,1,
PLAZ-PMR-66844,APARCAPMR_1050,36.721252,-4.37227,Calle Bolivia,pmr,2,
PLAZ-PMR-66150,APARCAPMR_768,36.730121,-4.419681,Alameda de Capuchinos,pmr,1,
PLAZ-PMR-66472,APARCAPMR_1279,36.7220491,-4.4246788,Calle Carretería,pmr,1,
PLAZ-PMR-66314,APARCAPMR_840,36.727345,-4.388455,Calle Federico Fellini,pmr,1,
PLAZ-PMR-66418,APARCAPMR_974,36.727209,-4.388465,Calle Federico Fellini,pmr,1,
PLAZ-PMR-66599,APARCAPMR_904,36.733241,-4.421391,Calle Montserrat,pmr,1,
PLAZ-PMR-66480,APARCAPMR_571,36.7338661,-4.4215538,Calle Montserrat,pmr,1,
PLAZ-PMR-80924,APARCAPMR_701,36.7214839,-4.3794444,Calle Bolivia,pmr,1,
PLAZ-PMR-66920,APARCAPMR_465,36.7347872,-4.4125316,Camino de los Almendrales,pmr,1,
PLAZ-PMR-67193,APARCAPMR_065,36.7244235,-4.4254437,Avenida de la Rosaleda,pmr,2,
PLAZ-PMR-66648,APARCAPMR_060,36.7322039,-4.4305506,Calle Poeta Narciso Franquelo Martínez,pmr,3,
PLAZ-PMR-66617,APARCAPMR_1191,36.7207452,-4.3573147,Calle Aguilar y Cano,pmr,1,
PLAZ-PMR-66642,APARCAPMR_264,36.7324017,-4.4209926,Calle Montserrat,pmr,2,
PLAZ-PMR-67104,APARCAPMR_051,36.7223951,-4.4332436,Calle Natalia,pmr,1,
PLAZ-PMR-67175,APARCAPMR_113,36.7101059,-4.4621959,Calle Hamlet,pmr,2,
PLAZ-PMR-66883,APARCAPMR_511,36.6997694,-4.4663621,Calle Cuevas de San Marcos,pmr,2,
PLAZ-PMR-66459,APARCAPMR_1128,36.7459485,-4.4769018,Calle de Lorenzo Valla,pmr,1,
PLAZ-PMR-66903,APARCAPMR_379,36.7339542,-4.4529397,Calle Tambre,pmr,1,
PLAZ-PMR-66321,APARCAPMR_855,36.702605,-4.446826,Plaza Colmenillas,pmr,1,
PLAZ-PMR-77792,APARCAPMR_1336,36.7437752,-4.4834118,Calle Cenit,pmr,1,
PLAZ-PMR-67173,APARCAPMR_226,36.7101531,-4.4628511,Calle Hamlet,pmr,2,
PLAZ-PMR-66519,APARCAPMR_527,36.7184918,-4.4617742,Calle Mallarmé,pmr,1,
PLAZ-PMR-66313,APARCAPMR_845,36.7198647,-4.4688115,Avenida del Doctor Manuel Domínguez,pmr,1,
PLAZ-PMR-66935,APARCAPMR_308,36.7312889,-4.470829,Calle Atabalero,pmr,1,
PLAZ-PMR-67286,APARCAPMR_514,36.6959704,-4.4641547,Calle Dolores Ibárruri,pmr,1,
PLAZ-PMR-67197,APARCAPMR_353,36.7268769,-4.4152339,Calle Altozano,pmr,3,
PLAZ-PMR-66669,APARCAPMR_686,36.7426105,-4.4780145,Calle Artemisa,pmr,1,
PLAZ-PMR-66364,APARCAPMR_884,36.725443,-4.4167,Calle Lagunillas,pmr,1,
PLAZ-PMR-67166,APARCAPMR_253,36.7039871,-4.4565449,Calle Dan,pmr,1,
PLAZ-PMR-66222,APARCAPMR_1085,36.7038782,-4.456584,Calle Dan,pmr,2,
PLAZ-PMR-66322,APARCAPMR_851,36.696478,-4.457433,Calle Miguel Ángel,pmr,1,
PLAZ-PMR-76802,APARCAPMR_1258,36.707141,-4.4648736,Calle Max Estrella,pmr,2,
PLAZ-PMR-66247,APARCAPMR_756,36.708695,-4.450806,Calle Alcalde Díaz Zafra,pmr,3,
PLAZ-PMR-66990,APARCAPMR_415,36.7100477,-4.4511909,Calle Alcalde Díaz Zafra,pmr,3,
PLAZ-PMR-66859,APARCAPMR_942,36.721539,-4.442276,Calle Martínez Maldonado,pmr,1,
PLAZ-PMR-66456,APARCAPMR_1026,36.7203841,-4.4785335,Calle de Andrómeda,pmr,1,
PLAZ-PMR-66890,APARCAPMR_569,36.7296238,-4.4680452,Calle Nuzas,pmr,1,
PLAZ-PMR-66253,APARCAPMR_784,36.729075,-4.467703,Calle Nuzas,pmr,1,
PLAZ-PMR-78937,APARCAPMR_1411,36.6825279,-4.4551291,Calle Concha Lagos,pmr,1,
PLAZ-PMR-67165,APARCAPMR_160,36.7123017,-4.4481379,Calle Corregidor Ruiz de Pereda,pmr,2,
PLAZ-PMR-66569,APARCAPMR_713,36.7268877,-4.4674505,Calle Nuzas,pmr,1,
PLAZ-PMR-66185,APARCAPMR_744,36.7177737,-4.4637376,Bulevar Louis Pasteur,pmr,1,
PLAZ-PMR-66760,APARCAPMR_593,36.7173846,-4.4520653,Calle Alhaurín el Grande,pmr,1,
PLAZ-PMR-66764,APARCAPMR_371,36.7115303,-4.4471408,Plaza de Nuestra Señora del Carmen,pmr,3,
PLAZ-PMR-66936,APARCAPMR_050,36.7255204,-4.4680298,Calle Corregidor Horacio Coppola,pmr,2,
PLAZ-PMR-66503,APARCAPMR_505,36.7135106,-4.448671,Calle Corregidor Ruiz de Pereda,pmr,2,
PLAZ-PMR-66212,APARCAPMR_1180,36.7382781,-4.4804955,Calle Escritor Atienza Huertos,pmr,1,
PLAZ-PMR-66671,APARCAPMR_1270,36.723567,-4.4652196,Calle de Charles Dickens,pmr,2,
PLAZ-PMR-67156,APARCAPMR_172,36.7163429,-4.4527431,Calle Benagalbón,pmr,1,
PLAZ-PMR-81040,APARCAPMR_1207,36.7199923,-4.452314,Calle Antonio Merlo,pmr,1,
PLAZ-PMR-66413,APARCAPMR_1146,36.7218815,-4.4563977,Calle Alonso de Aguilar,pmr,1,
PLAZ-PMR-66340,APARCAPMR_236,36.7217485,-4.4519003,Calle Gómez Ocaña,pmr,1,
PLAZ-PMR-81037,APARCAPMR_1201,36.7232776,-4.4400308,Calle Palo Mayor,pmr,1,
PLAZ-PMR-66930,APARCAPMR_495,36.718738,-4.4463602,Avenida del Obispo Ángel Herrera Oria,pmr,2,
PLAZ-PMR-81014,APARCAPMR_1413,36.7127485,-4.4461899,Calle Hernando de Soto,pmr,2,
PLAZ-PMR-76816,APARCAPMR_890_,36.7431508,-4.4764275,Calle Ortosa,pmr,1,
PLAZ-PMR-66379,APARCAPMR_928,36.7287262,-4.444065,Calle César Arbasia,pmr,2,
PLAZ-PMR-67102,APARCAPMR_248,36.7273666,-4.4412466,Calle Martínez de la Rosa,pmr,1,
PLAZ-PMR-66488,APARCAPMR_674,36.7072844,-4.4371292,Calle Jordán Marbella,pmr,1,
PLAZ-PMR-67181,APARCAPMR_304,36.7088226,-4.463008,Calle Max Estrella,pmr,2,
PLAZ-PMR-66220,APARCAPMR_1111,36.745269,-4.486054,Calle Lanzarote del Lago,pmr,1,
PLAZ-PMR-67109,APARCAPMR_286,36.7255414,-4.4457816,Camino de Castillejos,pmr,2,
PLAZ-PMR-80804,APARCAPMR_1463,36.7251892,-4.4449699,Camino de Castillejos,pmr,1,
PLAZ-PMR-67157,APARCAPMR_099,36.7110298,-4.4635177,Robinson Crusoe,pmr,2,
PLAZ-PMR-66462,APARCAPMR_1245,36.720507,-4.4663035,Carril de las Morillas,pmr,1,
PLAZ-PMR-67139,APARCAPMR_275,36.7052853,-4.4572721,Avenida de Nehemías,pmr,5,
PLAZ-PMR-67140,APARCAPMR_506,36.7045165,-4.4569597,Avenida de Nehemías,pmr,4,
PLAZ-PMR-77791,APARCAPMR_1335,36.7073894,-4.4663867,Calle Elena Soriano,pmr,1,
PLAZ-PMR-66424,APARCAPMR_1052,36.726162,-4.465855,Calle de Juan de Rihuerga,pmr,1,
PLAZ-PMR-66604,APARCAPMR_934,36.721415,-4.441863,Calle Martínez Maldonado,pmr,1,
PLAZ-PMR-66512,APARCAPMR_176,36.696672,-4.4526735,Avenida de la Luz,pmr,2,
PLAZ-PMR-66390,APARCAPMR_676,36.696593,-4.4527191,Avenida de la Luz,pmr,1,
PLAZ-PMR-66349,APARCAPMR_326,36.6971898,-4.4550338,Avenida de la Luz,pmr,1,
PLAZ-PMR-66772,APARCAPMR_184,36.697207,-4.4550104,Avenida de la Luz,pmr,2,
PLAZ-PMR-66177,APARCAPMR_727,36.6972252,-4.4538209,Avenida de la Luz,pmr,2,
PLAZ-PMR-81059,APARCAPMR_1301,36.71342,-4.4740643,Calle Alfredo Corrochano,pmr,1,
PLAZ-PMR-66373,APARCAPMR_892,36.6883198,-4.4492832,Calle la Crónica,pmr,1,
PLAZ-PMR-67099,APARCAPMR_260,36.7226842,-4.4356415,Calle González Anaya,pmr,1,
PLAZ-PMR-76894,APARCAPMR_702,36.7022709,-4.4384104,Calle Infantes,pmr,1,
PLAZ-PMR-66331,APARCAPMR_133,36.7113319,-4.438893,Calle Flores García,pmr,2,
PLAZ-PMR-66492,APARCAPMR_692,36.7012715,-4.4526058,Calle Panerón,pmr,2,
PLAZ-PMR-66805,APARCAPMR_636,36.7245283,-4.4390311,Calle Álvarez Curiel,pmr,1,
PLAZ-PMR-66375,APARCAPMR_962,36.734157,-4.434727,Calle de la Defensa,pmr,1,
PLAZ-PMR-67006,APARCAPMR_442,36.7110685,-4.4514893,Calle Corregidor Francisco de Luján,pmr,1,
PLAZ-PMR-66808,APARCAPMR_562,36.7287666,-4.4424295,Camino de Suárez,pmr,2,
PLAZ-PMR-67111,APARCAPMR_109,36.728759,-4.4424509,Camino de Suárez,pmr,2,
PLAZ-PMR-66721,APARCAPMR_1246,36.6835727,-4.4548579,Calle Concha Lagos,pmr,1,
PLAZ-PMR-79690,APARCAPMR_1428,36.7039519,-4.4477986,Calle Puerto de los Pinos,pmr,1,
PLAZ-PMR-66958,APARCAPMR_368,36.7247568,-4.4372564,Calle Eugenio Rioboo,pmr,2,
PLAZ-PMR-67185,APARCAPMR_331,36.7104407,-4.4477932,Calle Coronel Osuna,pmr,1,
PLAZ-PMR-66209,APARCAPMR_1036,36.696569,-4.445462,Calle Frigiliana,pmr,1,
PLAZ-PMR-66992,APARCAPMR_420,36.7011479,-4.4511366,Calle Canchal,pmr,2,
PLAZ-PMR-67260,APARCAPMR_256,36.6954585,-4.4533353,Calle Antillas,pmr,1,
PLAZ-PMR-66552,APARCAPMR_1028,36.69515,-4.453717,Calle Antillas,pmr,1,
PLAZ-PMR-67257,APARCAPMR_202,36.6996456,-4.4433611,Calle Vicente Aleixandre,pmr,1,
PLAZ-PMR-66982,APARCAPMR_403,36.7099816,-4.4285738,Avenida Ingeniero José María Garnica,pmr,2,
PLAZ-PMR-66386,APARCAPMR_650,36.7115448,-4.4466499,Plaza de Nuestra Señora del Carmen,pmr,1,
PLAZ-PMR-78447,APARCAPMR_1398,36.709515,-4.4509668,Calle Alcalde Díaz Zafra,pmr,1,
PLAZ-PMR-66282,APARCAPMR_837,36.7134608,-4.4384947,Calle Merlo,pmr,2,
PLAZ-PMR-67015,APARCAPMR_453,36.7266624,-4.4393507,Calle Martínez de la Rosa,pmr,2,
PLAZ-PMR-67141,APARCAPMR_309,36.7048246,-4.4551834,Avenida de Nehemías,pmr,1,
PLAZ-PMR-66125,APARCAPMR_835,36.704899,-4.4561612,Avenida de Nehemías,pmr,1,
PLAZ-PMR-66470,APARCAPMR_1108,36.735361,-4.481271,Calle Lara Castañeda,pmr,1,
PLAZ-PMR-66776,APARCAPMR_178,36.6978912,-4.443562,Calle Emilio Prados,pmr,1,
PLAZ-PMR-77793,APARCAPMR_1330,36.7442845,-4.4235887,Calle Pastor de Iberia,pmr,1,
PLAZ-PMR-66675,APARCAPMR_1241,36.7355454,-4.5630705,Calle Compositor Carmelo Bernaola,pmr,1,
PLAZ-PMR-66621,APARCAPMR_614,36.7245191,-4.4451036,Grupo los Millones,pmr,2,
PLAZ-PMR-67090,APARCAPMR_161,36.7241494,-4.4319749,Plaza Bailén,pmr,2,
PLAZ-PMR-76891,APARCAPMR_1205,36.726509,-4.4255697,Avenida de la Rosaleda,pmr,2,
PLAZ-PMR-67002,APARCAPMR_431,36.7263787,-4.4403682,Calle Lorenzo Silva,pmr,1,
PLAZ-PMR-78794,APARCAPMR_1406,36.7338959,-4.4818705,Calle Ruiseñores,pmr,1,
PLAZ-PMR-66828,APARCAPMR_1281,36.724275,-4.4209575,Calle Carretería,pmr,1,
PLAZ-PMR-80149,APARCAPMR_1439,36.7188958,-4.4288995,Calle Cerrojo,pmr,1,
PLAZ-PMR-66616,APARCAPMR_1147,36.6953198,-4.4502773,Calle Schubert,pmr,2,
PLAZ-PMR-67101,APARCAPMR_280,36.7262852,-4.4369182,Calle Martínez de la Rosa,pmr,1,
PLAZ-PMR-66729,APARCAPMR_1152,36.7273281,-4.5469469,Calle Jumillano,pmr,1,
PLAZ-PMR-67128,APARCAPMR_017,36.730769,-4.4290526,Calle Godino,pmr,2,
PLAZ-PMR-66434,APARCAPMR_1049,36.712426,-4.427598,Calle Constancia,pmr,1,
PLAZ-PMR-66224,APARCAPMR_1252,36.7013029,-4.4511957,Calle Canchal,pmr,1,
PLAZ-PMR-66778,APARCAPMR_295,36.7001602,-4.4443533,Calle Vicente Aleixandre,pmr,1,
PLAZ-PMR-66889,APARCAPMR_530,36.7151721,-4.4242307,Calle San Lorenzo,pmr,2,
PLAZ-PMR-66731,APARCAPMR_1154,36.6882532,-4.4517227,Calle Nuestra Señora de las Candelas,pmr,1,
PLAZ-PMR-67218,APARCAPMR_173,36.7200086,-4.4321848,Calle Peso de la Harina,pmr,2,
PLAZ-PMR-67244,APARCAPMR_135,36.6973156,-4.4445947,Calle Manuel Altolaguirre,pmr,2,
PLAZ-PMR-67114,APARCAPMR_192,36.7234023,-4.435844,Pasaje Archanda,pmr,3,
PLAZ-PMR-66419,APARCAPMR_1039,36.732604,-4.436419,Calle Alcalde Ronquillo,pmr,1,
PLAZ-PMR-77784,APARCAPMR_1338,36.7163975,-4.4313029,Avenida de la Aurora,pmr,1,
PLAZ-PMR-66955,APARCAPMR_364,36.6946104,-4.4499002,Calle Chopín,pmr,1,
PLAZ-PMR-66899,APARCAPMR_723,36.6981726,-4.4440589,Calle Emilio Prados,pmr,1,
PLAZ-PMR-67240,APARCAPMR_325,36.6971795,-4.4467518,Calle Frigiliana,pmr,1,
PLAZ-PMR-66297,APARCAPMR_803,36.6973627,-4.4469614,Calle Frigiliana,pmr,1,
PLAZ-PMR-66354,APARCAPMR_246,36.7004624,-4.4526406,Calle Balazón,pmr,2,
PLAZ-PMR-80960,APARCAPMR_202_B,36.6997782,-4.4433327,Calle Vicente Aleixandre,pmr,1,
PLAZ-PMR-66571,APARCAPMR_715,36.719075,-4.4713531,Calle del Marqués de Beccaria,pmr,2,
PLAZ-PMR-67103,APARCAPMR_204,36.7303009,-4.4425788,Calle Mero,pmr,2,
PLAZ-PMR-66640,APARCAPMR_205,36.7305603,-4.441824,Calle Mero,pmr,2,
PLAZ-PMR-66151,APARCAPMR_838,36.707219,-4.433313,Calle María Villanueva Gallego,pmr,1,
PLAZ-PMR-80492,APARCAPMR_1445,36.7066644,-4.4336372,Calle María Villanueva Gallego,pmr,1,
PLAZ-PMR-66160,APARCAPMR_1196,36.7295786,-4.4364531,Plaza de Eduardo Dato,pmr,1,
PLAZ-PMR-66496,APARCAPMR_659,36.7181575,-4.4305084,Calle Compositor Lehmberg Ruiz,pmr,1,
PLAZ-PMR-66787,APARCAPMR_386,36.695201,-4.4511822,Calle Beethoven,pmr,2,
PLAZ-PMR-67000,APARCAPMR_429,36.6948854,-4.450922,Calle Beethoven,pmr,2,
PLAZ-PMR-75826,APARCAPMR_1307,36.6941905,-4.4507754,Calle Brahms,pmr,1,
PLAZ-PMR-66881,APARCAPMR_015,36.7177436,-4.4311038,Calle Compositor Lehmberg Ruiz,pmr,3,
PLAZ-PMR-66613,APARCAPMR_1198,36.7295546,-4.5717061,Calle Paz,pmr,1,
PLAZ-PMR-66658,APARCAPMR_657,36.732757,-4.462324,Avenida de Julio Cortázar,pmr,2,
PLAZ-PMR-66831,APARCAPMR_1141,36.7297935,-4.428327,Avenida del Doctor Marañón,pmr,2,
PLAZ-PMR-77270,APARCAPMR_1395,36.6685128,-4.5124872,Calle el Avisador Malagueño,pmr,1,
PLAZ-PMR-66656,APARCAPMR_610,36.707827,-4.4371187,Calle Borgoña,pmr,1,
PLAZ-PMR-66595,APARCAPMR_947,36.707513,-4.437461,Calle Borgoña,pmr,1,
PLAZ-PMR-66169,APARCAPMR_1045,36.662111,-4.5045,Calle Maestro Tomás Bretón,pmr,1,
PLAZ-PMR-80143,APARCAPMR_1437,36.6578988,-4.4735325,Carretera Campo de Golf,pmr,1,
PLAZ-PMR-66310,APARCAPMR_860,36.663404,-4.502366,Calle Doctor Ramos Acosta,pmr,1,
PLAZ-PMR-66923,APARCAPMR_476,36.657191,-4.5057444,Calle Remedios Varo,pmr,1,
PLAZ-PMR-66997,APARCAPMR_426,36.7312898,-4.4699898,Avenida del Atabal,pmr,3,
PLAZ-PMR-66967,APARCAPMR_380,36.7228701,-4.3982941,Paseo de Sancha,pmr,1,
PLAZ-PMR-67265,APARCAPMR_031,36.7281147,-4.5454001,Calle Ignacio Sánchez Mejías,pmr,2,
PLAZ-PMR-80926,APARCAPMR_704,36.6630772,-4.5012172,Calle Doctor Ramos Acosta,pmr,1,
PLAZ-PMR-67277,APARCAPMR_488,36.7276761,-4.5490748,Calle Jacob,pmr,2,
PLAZ-PMR-66564,APARCAPMR_705,36.6578445,-4.4738811,Carretera Campo de Golf,pmr,1,
PLAZ-PMR-80945,APARCAPMR_850,36.732113,-4.5660369,Calle Jardinera,pmr,1,
PLAZ-PMR-66201,APARCAPMR_1165,36.6636231,-4.5028739,Calle Doctor Ramos Acosta,pmr,1,
PLAZ-PMR-66509,APARCAPMR_519,36.7413796,-4.4307627,Calle Esla,pmr,3,
PLAZ-PMR-66877,APARCAPMR_490,36.7232459,-4.538063,Calle de Matisse,pmr,2,
PLAZ-PMR-66763,APARCAPMR_574,36.7087613,-4.4292598,Calle López Pinto,pmr,1,
PLAZ-PMR-66818,APARCAPMR_967,36.696695,-4.463071,Calle Dolores Ibárruri,pmr,2,
PLAZ-PMR-66216,APARCAPMR_1142,36.7312277,-4.4282528,Avenida del Doctor Marañón,pmr,2,
PLAZ-PMR-80627,APARCAPMR_1451,36.7037665,-4.4905898,Calle Gran Bretaña,pmr,1,
PLAZ-PMR-66381,APARCAPMR_953,36.726814,-4.444514,Calle Albacete,pmr,1,
PLAZ-PMR-66864,APARCAPMR_1035,36.714351,-4.437425,Calle Gerona,pmr,1,
PLAZ-PMR-66795,APARCAPMR_617,36.7264432,-4.4359774,Calle Domingo Savio,pmr,1,
PLAZ-PMR-67168,APARCAPMR_268,36.7153931,-4.4394312,Avenida de la Aurora,pmr,2,
PLAZ-PMR-66770,APARCAPMR_217,36.7154097,-4.4389305,Avenida de la Aurora,pmr,2,
PLAZ-PMR-67133,APARCAPMR_266,36.715168,-4.4403005,Avenida de la Aurora,pmr,3,
PLAZ-PMR-66710,APARCAPMR_231,36.7149921,-4.4414451,Avenida de la Aurora,pmr,2,
PLAZ-PMR-66645,APARCAPMR_088,36.7275665,-4.4388118,Camino de Suárez,pmr,2,
PLAZ-PMR-66562,APARCAPMR_716,36.7144475,-4.4278932,Calle Conde Duque de Olivares,pmr,2,
PLAZ-PMR-66815,APARCAPMR_913,36.724063,-4.476236,Calle de Andrómeda,pmr,2,
PLAZ-PMR-66187,APARCAPMR_746,36.7203967,-4.4883871,Calle María Barrientos,pmr,1,
PLAZ-PMR-80476,APARCAPMR_1442,36.7214638,-4.4890383,Calle María Barrientos,pmr,1,
PLAZ-PMR-66461,APARCAPMR_1227,36.6620634,-4.5043204,Calle Maestro Tomás Bretón,pmr,1,
PLAZ-PMR-66934,APARCAPMR_251,36.721778,-4.4823153,Calle Aristófanes,pmr,1,
PLAZ-PMR-67281,APARCAPMR_498,36.7357641,-4.4803257,Calle Lara Castañeda,pmr,3,
PLAZ-PMR-81036,APARCAPMR_1174,36.7352828,-4.4805959,Calle Ciruelos,pmr,1,
PLAZ-PMR-66515,APARCAPMR_536,36.6677477,-4.4651082,Pasaje Mari-gaila,pmr,1,
PLAZ-PMR-66226,APARCAPMR_1269,36.7433892,-4.4855442,Calle Lanzarote del Lago,pmr,1,
PLAZ-PMR-66608,APARCAPMR_914,36.722662,-4.483069,Calle Aristófanes,pmr,3,
PLAZ-PMR-67264,APARCAPMR_169,36.6659737,-4.4617391,Calle Acacias de Guadalmar,pmr,1,
PLAZ-PMR-66811,APARCAPMR_957,36.732516,-4.566026,Calle Mosaico,pmr,1,
PLAZ-PMR-66545,APARCAPMR_1221,36.6875377,-4.4505229,Calle Nuestra Señora de las Candelas,pmr,1,
PLAZ-PMR-67088,APARCAPMR_002,36.7282572,-4.444206,Calle Martínez de la Rosa,pmr,3,
PLAZ-PMR-67201,APARCAPMR_467,36.7189869,-4.4352425,Calle Compositor Lehmberg Ruiz,pmr,2,
PLAZ-PMR-66393,APARCAPMR_419,36.7065228,-4.4368578,Calle Amadeo Vives,pmr,2,
PLAZ-PMR-81045,APARCAPMR_1211,36.7366657,-4.4795201,Calle Lara Castañeda,pmr,1,
PLAZ-PMR-67143,APARCAPMR_212,36.7186606,-4.4434393,Avenida del Obispo Ángel Herrera Oria,pmr,1,
PLAZ-PMR-66748,APARCAPMR_968,36.68699,-4.472554,Calle Hemingway,pmr,1,
PLAZ-PMR-67170,APARCAPMR_181,36.7131233,-4.443965,Calle Fernández Fermina,pmr,2,
PLAZ-PMR-67030,APARCAPMR_481,36.7131392,-4.4439603,Calle Fernández Fermina,pmr,2,
PLAZ-PMR-67266,APARCAPMR_307,36.6641353,-4.456438,Calle Acacias de Guadalmar,pmr,4,
PLAZ-PMR-66820,APARCAPMR_973,36.728143,-4.546696,Calle Jumillano,pmr,2,
PLAZ-PMR-76899,APARCAPMR_1272,36.7241104,-4.5393996,Calle Camoens,pmr,1,
PLAZ-PMR-79734,APARCAPMR_1424,36.7231237,-4.4768708,Calle de Andrómeda,pmr,1,
PLAZ-PMR-67110,APARCAPMR_071,36.726914,-4.4352889,Camino de Suárez,pmr,2,
PLAZ-PMR-66963,APARCAPMR_375,36.7283857,-4.5486462,Calle Jacob,pmr,1,
PLAZ-PMR-66651,APARCAPMR_591,36.725385,-4.5476089,Calle de Bartolomé Escobedo,pmr,1,
PLAZ-PMR-66521,APARCAPMR_1130,36.7027239,-4.4395913,Calle Abogado Federico Orellana Toledano,pmr,2,
PLAZ-PMR-66559,APARCAPMR_696,36.6890826,-4.45034,Avenida de Gregorio Diego,pmr,1,
PLAZ-PMR-80925,APARCAPMR_703,36.6897756,-4.451357,Avenida de Gregorio Diego,pmr,1,
PLAZ-PMR-67232,APARCAPMR_230,36.6925049,-4.447504,Calle Francisco Padilla,pmr,2,
PLAZ-PMR-66439,APARCAPMR_1157,36.6929911,-4.4483083,Calle Francisco Padilla,pmr,1,
PLAZ-PMR-66324,APARCAPMR_867,36.691647,-4.454005,Calle Viña del Mar,pmr,2,
PLAZ-PMR-66388,APARCAPMR_603,36.6902661,-4.4524194,Avenida de Gregorio Diego,pmr,2,
PLAZ-PMR-66771,APARCAPMR_270,36.691884,-4.4550721,Avenida de Gregorio Diego,pmr,2,
PLAZ-PMR-67276,APARCAPMR_487,36.7326843,-4.5324766,Calle Principal de Colmenarejo,pmr,2,
PLAZ-PMR-81048,APARCAPMR_1219,36.6990559,-4.4567725,Calle Luis García Berlanga,pmr,1,
PLAZ-PMR-66214,APARCAPMR_1024,36.730346,-4.572273,Calle Cueva de Viera,pmr,1,
PLAZ-PMR-66625,APARCAPMR_587,36.692418,-4.4638811,Calle Fidias,pmr,1,
PLAZ-PMR-66847,APARCAPMR_1030,36.689153,-4.463974,Calle Fidias,pmr,1,
PLAZ-PMR-66463,APARCAPMR_1243,36.6642673,-4.4612525,Calle Rogelio Oliva,pmr,1,
PLAZ-PMR-78093,APARCAPMR_1376,36.6695035,-4.5146017,Calle Nepal,pmr,1,
PLAZ-PMR-66399,APARCAPMR_970,36.702889,-4.447684,Calle Torre del Paso,pmr,1,
PLAZ-PMR-77449,APARCAPMR_1309,36.7096986,-4.446586,Calle Río Duratón,pmr,1,
PLAZ-PMR-67027,APARCAPMR_472,36.7120861,-4.4539496,Calle Río Távora,pmr,1,
PLAZ-PMR-67282,APARCAPMR_499,36.7176205,-4.4444291,Calle Virgen de la Paloma,pmr,1,
PLAZ-PMR-81035,APARCAPMR_1145,36.662837,-4.5053269,Pasaje Narciso Yepes,pmr,1,
PLAZ-PMR-78091,APARCAPMR_1374,36.6702955,-4.5164901,Calle Nepal,pmr,1,
PLAZ-PMR-66762,APARCAPMR_584,36.7087597,-4.4488353,Calle Valle de Abdalajís,pmr,2,
PLAZ-PMR-66719,APARCAPMR_1034,36.668686,-4.51411,Calle Caliza,pmr,1,
PLAZ-PMR-66215,APARCAPMR_1122,36.7450517,-4.4888357,Calle Uranio,pmr,1,
PLAZ-PMR-66703,APARCAPMR_956,36.732774,-4.568587,Calle Travesía de Maqueda,pmr,1,
PLAZ-PMR-81049,APARCAPMR_1222,36.6635931,-4.4592873,Calle Rogelio Oliva,pmr,1,
PLAZ-PMR-78092,APARCAPMR_1375,36.6699143,-4.5155701,Calle Nepal,pmr,1,
PLAZ-PMR-66558,APARCAPMR_683,36.7406843,-4.4803532,Calle Zurita,pmr,1,
PLAZ-PMR-66581,APARCAPMR_1242,36.7253019,-4.4938852,Calle Francisco Fernández Golfín,pmr,2,
PLAZ-PMR-66334,APARCAPMR_211,36.7171894,-4.4468846,Calle Virgen de la Paloma,pmr,2,
PLAZ-PMR-66573,APARCAPMR_709,36.7184762,-4.4118409,Calle Vélez Málaga,pmr,1,
PLAZ-PMR-66735,APARCAPMR_969,36.717044,-4.422475,Calle Trinidad Grund,pmr,1,
PLAZ-PMR-66339,APARCAPMR_240,36.7116109,-4.441661,Camino de San Rafael,pmr,1,
PLAZ-PMR-67028,APARCAPMR_475,36.714426,-4.4351399,Calle Mauricio Moro Pareto,pmr,1,
PLAZ-PMR-66638,APARCAPMR_254,36.7152968,-4.4355979,Calle Mauricio Moro Pareto,pmr,2,
PLAZ-PMR-66683,APARCAPMR_554,36.714347,-4.445166,Calle Virgen de la Esperanza,pmr,2,
PLAZ-PMR-67066,APARCAPMR_222,36.7218941,-4.4011737,Paseo de Sancha,pmr,1,
PLAZ-PMR-66452,APARCAPMR_1077,36.721649,-4.404474,Paseo de Sancha,pmr,1,
PLAZ-PMR-78717,APARCAPMR_1392,36.7486363,-4.4238331,Calle Hermanos Álvarez Quintero,pmr,1,
PLAZ-PMR-66289,APARCAPMR_826,36.7174586,-4.4461627,Calle Virgen de la Esperanza,pmr,1,
PLAZ-PMR-66823,APARCAPMR_484,36.7517136,-4.4207867,Calle Ventillas de Toledo,pmr,1,
PLAZ-PMR-80736,APARCAPMR_1458,36.6934406,-4.4544521,Avenida de la Virgen de Belén,pmr,1,
PLAZ-PMR-66465,APARCAPMR_1268,36.7519889,-4.4205612,Calle Badajoz,pmr,1,
PLAZ-PMR-74587,APARCAPMR_1214,36.72675,-4.4213074,Calle Postigos,pmr,1,
PLAZ-PMR-66543,APARCAPMR_1158,36.7155725,-4.447467,Calle Virgen del Gran Poder,pmr,1,
PLAZ-PMR-66874,APARCAPMR_606,36.7166546,-4.4458754,Calle Virgen de la Esperanza,pmr,1,
PLAZ-PMR-66365,APARCAPMR_881,36.749028,-4.418612,Pasaje de Llobregat,pmr,1,
PLAZ-PMR-66718,APARCAPMR_1225,36.7491352,-4.4187388,Pasaje de Llobregat,pmr,1,
PLAZ-PMR-66153,APARCAPMR_858,36.668416,-4.510669,Calle el Indicador Malagueño,pmr,1,
PLAZ-PMR-66644,APARCAPMR_139,36.7288397,-4.4399048,Calle Venegas,pmr,2,
PLAZ-PMR-66692,APARCAPMR_575,36.7006597,-4.4393778,Calle Soldado Muñoz Cañero,pmr,2,
PLAZ-PMR-66848,APARCAPMR_1075,36.722621,-4.398949,Paseo de Sancha,pmr,1,
PLAZ-PMR-66139,APARCAPMR_794,36.722127,-4.400462,Paseo de Sancha,pmr,1,
PLAZ-PMR-66350,APARCAPMR_118,36.696422,-4.4422343,Avenida de Sor Teresa Prat,pmr,2,
PLAZ-PMR-66922,APARCAPMR_474,36.6986812,-4.4404319,Avenida de Sor Teresa Prat,pmr,2,
PLAZ-PMR-66245,APARCAPMR_786,36.726275,-4.367044,Calle Pintor José Ponce,pmr,1,
PLAZ-PMR-66773,APARCAPMR_269,36.7018124,-4.4389446,Avenida de Sor Teresa Prat,pmr,1,
PLAZ-PMR-81052,APARCAPMR_1237,36.7106469,-4.4431476,Camino de San Rafael,pmr,1,
PLAZ-PMR-66686,APARCAPMR_553,36.7180129,-4.4423416,Calle Virgen de la Paloma,pmr,2,
PLAZ-PMR-76892,APARCAPMR_1216,36.7330453,-4.4219592,Calle San Juan Bosco,pmr,1,
PLAZ-PMR-78802,APARCAPMR_1404,36.6677679,-4.5109332,Calle el Indicador Malagueño,pmr,1,
PLAZ-PMR-67269,APARCAPMR_032,36.6695366,-4.5027852,Plaza de la Inmaculada,pmr,2,
PLAZ-PMR-66225,APARCAPMR_1254,36.7156636,-4.4466514,Calle Virgen del Gran Poder,pmr,1,
PLAZ-PMR-67247,APARCAPMR_188,36.7055779,-4.4349465,Plaza de Reyna Manescau,pmr,2,
PLAZ-PMR-67155,APARCAPMR_011,36.7154156,-4.436481,Calle Babel,pmr,3,
PLAZ-PMR-66957,APARCAPMR_367,36.7213642,-4.3664324,Calle Eugenio Sellés,pmr,4,
PLAZ-PMR-66162,APARCAPMR_1068,36.731787,-4.413764,Calle General Ibáñez,pmr,1,
PLAZ-PMR-66154,APARCAPMR_859,36.6675927,-4.5106878,Calle Preste Juan de las Indias,pmr,1,
PLAZ-PMR-66186,APARCAPMR_333,36.7102977,-4.443554,Camino de San Rafael,pmr,1,
PLAZ-PMR-66704,APARCAPMR_1012,36.733168,-4.421891,Calle San Juan Bosco,pmr,1,
PLAZ-PMR-67248,APARCAPMR_162,36.6990145,-4.4506283,Calle Gaucín,pmr,2,
PLAZ-PMR-66788,APARCAPMR_390,36.6979306,-4.4484329,Calle Gaucín,pmr,2,
PLAZ-PMR-66605,APARCAPMR_993,36.698424,-4.449572,Calle Gaucín,pmr,1,
PLAZ-PMR-66590,APARCAPMR_916,36.699929,-4.452333,Calle Gaucín,pmr,1,
PLAZ-PMR-66720,APARCAPMR_1033,36.698822,-4.450393,Calle Gaucín,pmr,1,
PLAZ-PMR-66950,APARCAPMR_358,36.694089,-4.4555341,Avenida de la Virgen de Belén,pmr,2,
PLAZ-PMR-66298,APARCAPMR_854,36.692847,-4.444044,Avenida de Sor Teresa Prat,pmr,1,
PLAZ-PMR-66680,APARCAPMR_566,36.7371194,-4.4225121,Calle San Juan Bosco,pmr,2,
PLAZ-PMR-80971,APARCAPMR_1036_B,36.7334818,-4.4143478,Calle General Ibáñez,pmr,1,
PLAZ-PMR-66668,APARCAPMR_688,36.7369797,-4.4807784,Calle Filigrana,pmr,1,
PLAZ-PMR-78097,APARCAPMR_1380,36.6712218,-4.5160581,Calle Bangladesh,pmr,1,
PLAZ-PMR-66722,APARCAPMR_1248,36.6926983,-4.4531047,Calle Viña del Mar,pmr,1,
PLAZ-PMR-78096,APARCAPMR_1379,36.6706711,-4.5147399,Calle Bangladesh,pmr,1,
PLAZ-PMR-78095,APARCAPMR_1378,36.6706765,-4.5147334,Calle Bangladesh,pmr,1,
PLAZ-PMR-77984,APARCAPMR_1360,36.728217,-4.5446754,Calle Guardia Civil Diego Díaz Díaz,pmr,1,
PLAZ-PMR-80966,APARCAPMR_453_B,36.7267379,-4.4396046,Pasaje Martínez de la Rosa,pmr,1,
PLAZ-PMR-78094,APARCAPMR_1377,36.6702437,-4.5137448,Calle Bangladesh,pmr,1,
PLAZ-PMR-66619,APARCAPMR_1236,36.7190173,-4.4657601,Calle Arturo Toscanini,pmr,1,
PLAZ-PMR-66229,APARCAPMR_781,36.719672,-4.362254,Carril de la Virgen Milagrosa,pmr,1,
PLAZ-PMR-66531,APARCAPMR_548,36.7199753,-4.3598865,Calle Ortega Munilla,pmr,1,
PLAZ-ELEC-9441,PRVE_10,36.7105565,-4.4278867,Calle Jacinto Verdaguer,eléctrico,,
PLAZ-ELEC-9444,PRVE_13,36.7149286,-4.4611311,Calle Fiscal Luis Portero García,eléctrico,,
PLAZ-ELEC-9438,PRVE_7,36.7173264,-4.4310902,Avenida de Andalucía,eléctrico,,
PLAZ-ELEC-9443,PRVE_12,36.682887,-4.4587121,Avenida Alicia de Larrocha,eléctrico,,
PLAZ-ELEC-9446,PRVE_15,36.7371538,-4.553196,Avenida de Juan López de Peñalver,eléctrico,,
PLAZ-ELEC-9435,PRVE_4,36.7200833,-4.4153815,Calle Francisco Bejarano Robles,eléctrico,,
PLAZ-ELEC-9433,PRVE_3,36.7209,-4.4095797,Paseo de Reding,eléctrico,,
PLAZ-ELEC-9437,PRVE_6,36.7164468,-4.4251828,Alameda de Colón,eléctrico,,
PLAZ-ELEC-9442,PRVE_11,36.6897612,-4.4428201,Calle Pacífico,eléctrico,,
PLAZ-ELEC-9432,PRVE_2,36.7231501,-4.3966027,Calle Idris,eléctrico,,
PLAZ-ELEC-9440,PRVE_8,36.7127703,-4.4322536,Calle Mendívil,eléctrico,,
PLAZ-ELEC-9431,PRVE_1,36.7499983,-4.4235508,Plaza de John F. Kennedy,eléctrico,,
PLAZ-ELEC-9436,PRVE_5,36.7238897,-4.419699,Calle Álamos,eléctrico,,
PLAZ-ELEC-9447,PRVE_9,36.7074838,-4.4648341,Calle Max Estrella,eléctrico,,
PLAZ-ELEC-9445,PRVE_14,36.719268,-4.4771872,Calle de Demóstenes,eléctrico,,
PLAZ-RECARGA-9409,CVE_06 PASEO CERRADO DE CALDERÓN,36.7254363,-4.3816635,Paseo Cerrado de Calderón,electrico_recarga,4,
PLAZ-RECARGA-12344,CVE_01 PASEO DE LA FAROLA,36.718959,-4.4120765,Paseo de la Farola,electrico_recarga,2,
PLAZ-RECARGA-9394,CVE_10 CALLE ALCALDE JOAQUÍN QUILES,36.7494793,-4.4169447,Calle Alcalde Joaquín Quiles,electrico_recarga,2,
PLAZ-RECARGA-9402,CVE_17 CALLE ESPERANTO,36.7188002,-4.4334259,Calle Esperanto,electrico_recarga,2,
PLAZ-RECARGA-9414,CVE_12 CALLE VELARDE,36.7263845,-4.4312814,Calle Velarde,electrico_recarga,2,
PLAZ-RECARGA-9411,CVE_05 AVENIDA DEL PINTOR JOAQUÍN SOROLLA,36.7232205,-4.3974114,Avenida del Pintor Joaquín Sorolla,electrico_recarga,2,
PLAZ-RECARGA-9410,CVE_14 PASEO MARTIRICOS,36.728821,-4.4271816,Paseo Martiricos,electrico_recarga,2,
PLAZ-RECARGA-9407,CVE_26 CALLE MARÍA CURIE,36.7363458,-4.5482887,Calle María Curie,electrico_recarga,2,
PLAZ-RECARGA-9396,CVE_25 AVENIDA DE JUAN LÓPEZ DE PEÑALVER,36.7365724,-4.5528448,Avenida de Juan López de Peñalver,electrico_recarga,2,
PLAZ-RECARGA-9404,CVE_27 CALLE LOPE DE RUEDA,36.7437709,-4.4899529,Calle Lope de Rueda,electrico_recarga,2,
PLAZ-RECARGA-11466,CVE_19 CONCEJAL MUÑOZ CERVÁN,36.6975697,-4.4387892,Calle Concejal Muñoz Cerván,electrico_recarga,2,
PLAZ-RECARGA-9403,CVE_09 AVENIDA DE JORGE SILVELA,36.7350025,-4.4246464,Avenida de Jorge Silvela,electrico_recarga,2,
PLAZ-RECARGA-9399,CVE_04 CALLE EJIDO,36.7278988,-4.4179348,Calle Ejido,electrico_recarga,2,
PLAZ-RECARGA-11464,CVE_15 AVENIDA ARROYO DE LOS ANGELES,36.7291212,-4.43238,Avenida del Arroyo de los Ángeles,electrico_recarga,2,
PLAZ-RECARGA-9406,CVE_03 AVENIDA DE MANUEL AGUSTÍN HEREDIA,36.714417,-4.4231013,Avenida de Manuel Agustín Heredia,electrico_recarga,4,
PLAZ-RECARGA-11468,CVE_29 NAVARRO LEDESMA,36.7242171,-4.477881,Calle Navarro Ledesma,electrico_recarga,2,
PLAZ-RECARGA-12144,CVE_31 MIGUEL MÉRIDA NICOLICH,36.6813022,-4.4601272,Calle Miguel de Mérida Nicolich,electrico_recarga,2,
PLAZ-RECARGA-9395,CVE_11 AVENIDA CARLOS DE HAYA,36.7223959,-4.4479738,Avenida Carlos de Haya,electrico_recarga,2,
PLAZ-RECARGA-9398,CVE_07 AVENIDA DE SALVADOR ALLENDE,36.7197396,-4.3628101,Avenida de Salvador Allende,electrico_recarga,2,
PLAZ-RECARGA-9405,CVE_23 CALLE DEL MAESTRO VERT,36.6655552,-4.5013607,Calle del Maestro Vert,electrico_recarga,2,
PLAZ-RECARGA-13704,CVE_21 HEROE DE SOSTOA,36.7105083,-4.4323103,Calle Héroe de Sostoa,electrico_recarga,2,
PLAZ-RECARGA-9400,CVE_20 CALLE PACÍFICO,36.6891885,-4.443623,Calle Pacífico,electrico_recarga,4,
PLAZ-RECARGA-9413,CVE_08 PLAZA DE JOHN F. KENNEDY,36.750011,-4.4235841,Plaza de John F. Kennedy,electrico_recarga,2,
PLAZ-RECARGA-9415,CVE_18 AVENIDA DE LA AURORA,36.7147284,-4.442157,Avenida de la Aurora,electrico_recarga,4,
PLAZ-RECARGA-9397,CVE_02 AVENIDA DE LA ROSALEDA,36.7228755,-4.4252844,Avenida de la Rosaleda,electrico_recarga,2,
PLAZ-RECARGA-9412,CVE_28 CALLE PIRANDELLO,36.7167265,-4.4614867,Calle Pirandello,electrico_recarga,2,
PLAZ-RECARGA-11465,CVE_16 COMPOSITOR LEHMBERG RUIZ,36.717573,-4.430986,Calle Compositor Lehmberg Ruiz,electrico_recarga,2,
PLAZ-RECARGA-11469,CVE_30 DEMOSTENES,36.7192751,-4.4772512,Calle de Demóstenes,electrico_recarga,2,
PLAZ-RECARGA-9408,CVE_13 CALLE MARTÍNEZ MALDONADO,36.7214056,-4.4362385,Calle Martínez Maldonado,electrico_recarga,2,
PLAZ-RECARGA-9401,CVE_22 CARRETERA AZUCARERA-INTELHORCE,36.68828,-4.4788,Carretera Azucarera-intelhorce,electrico_recarga,2,
PLAZ-RECARGA-11467,CVE_24 TORREMOLINOS,36.6624834,-4.5056537,Calle Torremolinos,electrico_recarga,2,
PLAZ-CYD-68724,CYD_242,36.721283,-4.371765,Calle Ángel Guimerá,carga_descarga,,17
PLAZ-CYD-68808,CYD_024,36.732629,-4.415516,Calle Cristo de la Epidemia,carga_descarga,,9
PLAZ-CYD-68809,CYD_025,36.732011,-4.415363,Calle Cristo de la Epidemia,carga_descarga,,27
PLAZ-CYD-68745,CYD_735,36.723114,-4.432574,Calle Cataluña,carga_descarga,,19
PLAZ-CYD-68536,CYD_095,36.734847,-4.421836,Calle Albéniz,carga_descarga,,29
PLAZ-CYD-74688,CYD_740,36.7338147,-4.4158988,Camino Colmenar,carga_descarga,,23
PLAZ-CYD-68540,CYD_101,36.7360259,-4.4207118,Calle Obispo Juan de Lancaste,carga_descarga,,12
PLAZ-CYD-75488,CYD_780,36.7248734,-4.3986172,Paseo del Limonar,carga_descarga,,14
PLAZ-CYD-68739,CYD_277,36.730728,-4.414971,Calle Cristo de la Epidemia,carga_descarga,,15
PLAZ-CYD-68694,CYD_269,36.720427,-4.405195,Calle Gutenberg,carga_descarga,,19
PLAZ-CYD-68538,CYD_099,36.740771,-4.421044,Calle José Tallavi,carga_descarga,,15
PLAZ-CYD-68734,CYD_728,36.74908,-4.419318,Calle Alcalde Nicolás Maroto,carga_descarga,,20
PLAZ-CYD-68751,CYD_730,36.749492,-4.420227,Calle Alcalde Joaquín Quiles,carga_descarga,,20
PLAZ-CYD-68696,CYD_271,36.722288,-4.365857,Avenida de Juan Sebastián Elcano,carga_descarga,,15
PLAZ-CYD-68858,CYD_081,36.720461,-4.358316,Calle Pérez Zúñiga,carga_descarga,,23
PLAZ-CYD-68753,CYD_729,36.74959,-4.419337,Calle Alcalde Joaquín Quiles,carga_descarga,,15
PLAZ-CYD-68665,CYD_263,36.721588,-4.371772,Calle Ángel Guimerá,carga_descarga,,17
PLAZ-CYD-68818,CYD_035,36.7244471,-4.4174078,Calle Frailes,carga_descarga,,20
PLAZ-CYD-68611,CYD_189,36.701983,-4.444497,Avenida de la Paloma,carga_descarga,,29
PLAZ-CYD-68564,CYD_126,36.730668,-4.449755,Calle Nuestra Sra. de Tíscar,carga_descarga,,14
PLAZ-CYD-68786,CYD_234,36.719697,-4.477267,Calle de Antígona,carga_descarga,,31
PLAZ-CYD-68643,CYD_157,36.720384,-4.460201,Calle Mesonero Romanos,carga_descarga,,24
PLAZ-CYD-68568,CYD_130,36.724415,-4.443162,Calle Tomás Escalonilla,carga_descarga,,15
PLAZ-CYD-68651,CYD_238,36.725817,-4.465706,Pasaje Tamayo y Baus,carga_descarga,,20
PLAZ-CYD-68684,CYD_291,36.708747,-4.433938,Calle Orfila,carga_descarga,,21
PLAZ-CYD-68799,CYD_011,36.719582,-4.429373,Calle Armengual de la Mota,carga_descarga,,17
PLAZ-CYD-68658,CYD_209,36.707339,-4.434278,Calle Leopoldo Alas 'clarín',carga_descarga,,19
PLAZ-CYD-68551,CYD_113,36.731247,-4.436612,Calle Carraca,carga_descarga,,28
PLAZ-CYD-68566,CYD_128,36.723846,-4.433019,Calle Rafaela,carga_descarga,,26
PLAZ-CYD-68567,CYD_129,36.723855,-4.432998,Calle Rafaela,carga_descarga,,14
PLAZ-CYD-68814,CYD_031,36.727187,-4.4238089,Calle Duque de Rivas,carga_descarga,,43
PLAZ-CYD-68623,CYD_052,36.715118,-4.430803,Calle Rachmaninov,carga_descarga,,19
PLAZ-CYD-68810,CYD_026,36.729372,-4.41471,Calle Cristo de la Epidemia,carga_descarga,,15
PLAZ-CYD-68638,CYD_098,36.746052,-4.421682,Calle Jerez Perchet,carga_descarga,,37
PLAZ-CYD-68633,CYD_248,36.7132386,-4.430387,Calle Eslava,carga_descarga,,33
PLAZ-CYD-68801,CYD_013,36.718182,-4.428581,Calle Calvo,carga_descarga,,35
PLAZ-CYD-68816,CYD_033,36.718819,-4.432868,Calle Esperanto,carga_descarga,,33
PLAZ-CYD-68805,CYD_020,36.727186,-4.413727,Calle Compás de la Victoria,carga_descarga,,11
PLAZ-CYD-68620,CYD_007,36.727062,-4.429804,Avenida del Doctor Gálvez Ginachero,carga_descarga,,16
PLAZ-CYD-68769,CYD_215,36.688803,-4.455693,Calle Palma del Río,carga_descarga,,22
PLAZ-CYD-68838,CYD_058,36.7251641,-4.4295374,Calle Ventura Rodríguez,carga_descarga,,15
PLAZ-CYD-68626,CYD_224,36.7304466,-4.4235387,Calle Martínez Barrionuevo,carga_descarga,,13
PLAZ-CYD-68662,CYD_191,36.698252,-4.454667,Calle Currito de la Cruz,carga_descarga,,19
PLAZ-CYD-68582,CYD_150,36.714248,-4.437552,Calle Asalto,carga_descarga,,15
PLAZ-CYD-77964,CYD_785,36.7451257,-4.4195862,Calle Jerez Perchet,carga_descarga,,20
PLAZ-CYD-74304,CYD_748,36.7453293,-4.4265561,Avenida de Jane Bowles,carga_descarga,,14
PLAZ-CYD-68628,CYD_243,36.7258665,-4.4287194,Calle la Regente,carga_descarga,,13
PLAZ-CYD-68656,CYD_225,36.665502,-4.503543,Avenida de San Javier,carga_descarga,,14
PLAZ-CYD-68783,CYD_232,36.722569,-4.536981,Calle José Calderón,carga_descarga,,10
PLAZ-CYD-68797,CYD_009,36.736701,-4.417334,Avenida de Manuel Gorría,carga_descarga,,10
PLAZ-CYD-68703,CYD_289,36.71816,-4.420483,Plaza de la Marina,carga_descarga,,72
PLAZ-CYD-68610,CYD_188,36.69074,-4.453109,Calle Catapilco,carga_descarga,,9
PLAZ-CYD-68776,CYD_175,36.691162,-4.447965,Avenida de los Guindos,carga_descarga,,26
PLAZ-CYD-68691,CYD_717,36.72086,-4.476502,Calle de Antígona,carga_descarga,,10
PLAZ-CYD-68726,CYD_749,36.7210393,-4.4721026,Avenida de José Ribera,carga_descarga,,15
PLAZ-CYD-68608,CYD_185,36.7058396,-4.4360237,Calle Ayala,carga_descarga,,26
PLAZ-CYD-68784,CYD_231,36.723656,-4.538358,Calle José Calderón,carga_descarga,,12
PLAZ-CYD-74305,CYD_766,36.7208554,-4.4799083,Avenida de Parménides,carga_descarga,,25
PLAZ-CYD-74306,CYD_767,36.7219399,-4.4798977,Avenida de Parménides,carga_descarga,,20
PLAZ-CYD-68785,CYD_230,36.725048,-4.540483,Calle José Calderón,carga_descarga,,11
PLAZ-CYD-80688,CYD_789,36.7074431,-4.4809807,Calle Abentofail,carga_descarga,,5
PLAZ-CYD-68657,CYD_208,36.70479,-4.439062,Calle la Caramba,carga_descarga,,14
PLAZ-CYD-68677,CYD_272,36.721936,-4.476133,Calle de Antígona,carga_descarga,,24
PLAZ-CYD-68823,CYD_040,36.7116523,-4.4292095,Calle Jacinto Verdaguer,carga_descarga,,32
PLAZ-CYD-68675,CYD_276,36.7111,-4.437803,Calle Francisco de Sarriá,carga_descarga,,14
PLAZ-CYD-68692,CYD_718,36.725875,-4.492787,Calle Manuel Flores Calderón,carga_descarga,,10
PLAZ-CYD-68722,CYD_756,36.7165806,-4.4446196,Calle Virgen de la Servita,carga_descarga,,20
PLAZ-CYD-68865,CYD_088,36.72269,-4.374942,Calle Ventura de la Vega,carga_descarga,,16
PLAZ-CYD-68613,CYD_194,36.702368,-4.437701,Calle Emilio de la Cerda,carga_descarga,,12
PLAZ-CYD-68612,CYD_190,36.698677,-4.45365,Calle Conejito de Málaga,carga_descarga,,12
PLAZ-CYD-68767,CYD_214,36.701381,-4.449075,Calle Niño de Gloria,carga_descarga,,15
PLAZ-CYD-68762,CYD_207,36.695397,-4.450736,Calle Juan Sebastián Bach,carga_descarga,,26
PLAZ-CYD-68771,CYD_218,36.698287,-4.446573,Calle Vázquez Claver,carga_descarga,,15
PLAZ-CYD-68781,CYD_228,36.6686437,-4.5020972,Calle de la Vega,carga_descarga,,11
PLAZ-CYD-77794,cyd_784,36.7312481,-4.4163328,Calle Santa María Micaela,carga_descarga,,20
PLAZ-CYD-68698,CYD_258,36.744775,-4.423009,Avenida de Santiago Ramón y Cajal,carga_descarga,,16
PLAZ-CYD-68697,CYD_286,36.731611,-4.417145,Calle Santa María Micaela,carga_descarga,,15
PLAZ-CYD-68840,CYD_060,36.727608,-4.424505,Calle Tirso de Molina,carga_descarga,,27
PLAZ-CYD-68861,CYD_084,36.718976,-4.360269,Calle Quitapenas,carga_descarga,,12
PLAZ-CYD-68535,CYD_094,36.746416,-4.422301,Avenida de Santiago Ramón y Cajal,carga_descarga,,21
PLAZ-CYD-68624,CYD_057,36.72885,-4.419944,Calle San Millán,carga_descarga,,32
PLAZ-CYD-68693,CYD_292,36.72242,-4.366339,Calle Conde de las Navas,carga_descarga,,20
PLAZ-CYD-68735,CYD_485,36.719448,-4.367397,Paseo Marítimo el Pedregal,carga_descarga,,12
PLAZ-CYD-68649,CYD_245,36.712516,-4.441081,Calle Conde de Guadalhorce,carga_descarga,,16
PLAZ-CYD-68617,CYD_198,36.703114,-4.437892,Calle Garcerán,carga_descarga,,18
PLAZ-CYD-68778,CYD_192,36.703484,-4.438627,Calle Eduardo Marquina,carga_descarga,,16
PLAZ-CYD-68844,CYD_065,36.720574,-4.352972,Carretera de Olías,carga_descarga,,12
PLAZ-CYD-68580,CYD_147,36.717752,-4.439221,Calle Diego Vázquez Otero,carga_descarga,,20
PLAZ-CYD-68707,CYD_305,36.720752,-4.426027,Calle Padre Jorge Lamothe,carga_descarga,,7
PLAZ-CYD-68868,CYD_092,36.753448,-4.42434,Camino de Casabermeja,carga_descarga,,22
PLAZ-CYD-68681,CYD_280,36.721358,-4.362972,Calle Arquitecto Eduardo Esteve,carga_descarga,,10
PLAZ-CYD-68856,CYD_079,36.720511,-4.359218,Calle Mar,carga_descarga,,25
PLAZ-CYD-68727,CYD_296,36.7198311,-4.3577579,Calle Practicante Fernández Alcolea,carga_descarga,,10
PLAZ-CYD-68731,CYD_755,36.7030654,-4.4336982,Calle Tomás Echeverría,carga_descarga,,20
PLAZ-CYD-68578,CYD_145,36.720042,-4.43298,Calle Blanco Coris,carga_descarga,,15
PLAZ-CYD-68846,CYD_067,36.723552,-4.394361,Avenida del Pintor Joaquín Sorolla,carga_descarga,,15
PLAZ-CYD-68793,CYD_004,36.731791,-4.418455,Alameda Barceló,carga_descarga,,14
PLAZ-CYD-78720,CYD_786,36.7187764,-4.4658793,Calle Giordano Bruno,carga_descarga,,15
PLAZ-CYD-68712,CYD_285,36.710378,-4.445526,Calle Alozaina,carga_descarga,,11
PLAZ-CYD-74630,CYD_758_,36.7124456,-4.4475225,Calle Corregidor Paz y Guzmán,carga_descarga,,25
PLAZ-CYD-78860,CYD_787,36.7129243,-4.4378288,Paseo de los Tilos,carga_descarga,,10
PLAZ-CYD-68775,CYD_171,36.706245,-4.434559,Plaza de Moreno Villa,carga_descarga,,17
PLAZ-CYD-68577,CYD_144,36.717481,-4.452896,Calle Archidona,carga_descarga,,19
PLAZ-CYD-68761,CYD_203,36.698899,-4.445309,Glorieta del Escultor Antonio Leiva Jiménez,carga_descarga,,35
PLAZ-CYD-74569,CYD_745,36.7186103,-4.4247943,Plaza de Arriola,carga_descarga,,26
PLAZ-CYD-68825,CYD_043,36.718191,-4.424487,Plaza de Arriola,carga_descarga,,22
PLAZ-CYD-68556,CYD_118,36.723939,-4.443651,Calle Magistrado Salvador Barberá,carga_descarga,,23
PLAZ-CYD-68728,CYD_733,36.7196,-4.452709,Calle Juan de Valdés,carga_descarga,,18
PLAZ-CYD-68552,CYD_114,36.724461,-4.448233,Calle del Ciprés,carga_descarga,,19
PLAZ-CYD-68603,CYD_180,36.699713,-4.445998,Avenida de Velázquez,carga_descarga,,12
PLAZ-CYD-68625,CYD_063,36.7183733,-4.4244738,Plaza de Arriola,carga_descarga,,16
PLAZ-CYD-74568,CYD_773,36.7188547,-4.4249989,Plaza de Arriola,carga_descarga,,28
PLAZ-CYD-68744,CYD_743,36.7043317,-4.4342679,Calle de Antonio Soler,carga_descarga,,30
PLAZ-CYD-68606,CYD_183,36.697865,-4.450005,Calle Alcalde José María de Llanos,carga_descarga,,14
PLAZ-CYD-68706,CYD_306,36.730182,-4.437964,Calle Moreno Nieto,carga_descarga,,10
PLAZ-CYD-68813,CYD_030,36.719304,-4.43016,Calle Don Ricardo,carga_descarga,,21
PLAZ-CYD-68648,CYD_235,36.716677,-4.463818,Calle Franz Kafka,carga_descarga,,29
PLAZ-CYD-68563,CYD_124,36.712569,-4.438588,Paseo de los Tilos,carga_descarga,,24
PLAZ-CYD-68590,CYD_159,36.721291,-4.435898,Calle Santa Elena,carga_descarga,,22
PLAZ-CYD-68743,CYD_299,36.722995,-4.417971,Plaza de la Merced,carga_descarga,,20
PLAZ-CYD-68594,CYD_143,36.711741,-4.437019,Calle Antonio Luis Carrión,carga_descarga,,14
PLAZ-CYD-68587,CYD_155,36.713526,-4.434573,Paseo de los Tilos,carga_descarga,,31
PLAZ-CYD-68795,CYD_006,36.725441,-4.430841,Avenida de Barcelona,carga_descarga,,26
PLAZ-CYD-68713,CYD_737,36.7173174,-4.4223659,Calle Córdoba,carga_descarga,,40
PLAZ-CYD-68604,CYD_181,36.698612,-4.448059,Avenida de Velázquez,carga_descarga,,9
PLAZ-CYD-68782,CYD_227,36.6682161,-4.5037542,Camino Nuevo,carga_descarga,,4
PLAZ-CYD-68831,CYD_050,36.7217641,-4.4325945,Calle Pelayo,carga_descarga,,13
PLAZ-CYD-68822,CYD_039,36.721856,-4.429159,Calle Jaboneros,carga_descarga,,19
PLAZ-CYD-68857,CYD_080,36.72034,-4.355389,Calle Padre Lerchundi,carga_descarga,,13
PLAZ-CYD-68632,CYD_247,36.7140154,-4.4294764,Calle la Serna,carga_descarga,,24
PLAZ-CYD-68537,CYD_097,36.749086,-4.421698,Calle Emilio Thuillier,carga_descarga,,22
PLAZ-CYD-68585,CYD_135,36.748914,-4.42546,Calle Bruckner,carga_descarga,,14
PLAZ-CYD-74692,CYD_723,36.7245245,-4.4264899,Calle San Quintín,carga_descarga,,10
PLAZ-CYD-68794,CYD_005,36.721648,-4.431596,Avenida de Barcelona,carga_descarga,,52
PLAZ-CYD-68754,CYD_734,36.698993,-4.4746758,Camino de los Prados,carga_descarga,,15
PLAZ-CYD-68584,CYD_152,36.7138186,-4.4398505,Calle Horacio Lengo,carga_descarga,,14
PLAZ-CYD-77276,CYD_783,36.6966873,-4.4500382,Avenida de Velázquez,carga_descarga,,20
PLAZ-CYD-68597,CYD_137,36.713261,-4.436265,Paseo de los Tilos,carga_descarga,,28
PLAZ-CYD-68645,CYD_167,36.699088,-4.472789,Camino de los Prados,carga_descarga,,10
PLAZ-CYD-68618,CYD_200,36.705208,-4.436905,Calle Goya,carga_descarga,,21
PLAZ-CYD-68683,CYD_288,36.705909,-4.437661,Calle Goya,carga_descarga,,31
PLAZ-CYD-68687,CYD_724,36.737859,-4.48031,Calle Lope de Rueda,carga_descarga,,15
PLAZ-CYD-68672,CYD_252,36.725972,-4.47593,Calle Poeta Aurora de Albornoz,carga_descarga,,9
PLAZ-CYD-76693,CYD_782,36.7219006,-4.4692399,Avenida Diego Fernández de Mendoza,carga_descarga,,15
PLAZ-CYD-68763,CYD_210,36.706855,-4.43527,Calle Maestro Chapí,carga_descarga,,27
PLAZ-CYD-68819,CYD_036,36.7245342,-4.4183801,Calle Gómez Pallete,carga_descarga,,84
PLAZ-CYD-80809,CYD_790,36.7002436,-4.4645657,Calle Paquiro,carga_descarga,,5
PLAZ-CYD-68576,CYD_142,36.709884,-4.44792,Calle Alozaina,carga_descarga,,15
PLAZ-CYD-68787,CYD_236,36.737439,-4.48119,Calle Víctor Hugo,carga_descarga,,21
PLAZ-CYD-74686,CYD_111_,36.7242635,-4.4325299,Calle Bailén,carga_descarga,,16
PLAZ-CYD-68547,CYD_093,36.746375,-4.418014,Avenida Málaga Oloroso,carga_descarga,,25
PLAZ-CYD-68828,CYD_046,36.7289611,-4.4150984,Calle Tejeros,carga_descarga,,10
PLAZ-CYD-68548,CYD_109,36.724804,-4.434695,Calle Bailén,carga_descarga,,16
PLAZ-CYD-68640,CYD_110,36.724395,-4.433058,Calle Bailén,carga_descarga,,59
PLAZ-CYD-68561,CYD_123,36.729579,-4.439992,Calle Nuestra Señora de los Clarines,carga_descarga,,15
PLAZ-CYD-68546,CYD_108,36.730677,-4.438732,Calle Nuestra Señora de los Clarines,carga_descarga,,19
PLAZ-CYD-68740,CYD_747,36.7196628,-4.4289904,Calle Ríos Rosas,carga_descarga,,23
PLAZ-CYD-68634,CYD_251,36.7152329,-4.4269618,Calle Medellín,carga_descarga,,10
PLAZ-CYD-68562,CYD_125,36.731068,-4.438153,Calle Nuestra Señora de los Clarines,carga_descarga,,23
PLAZ-CYD-68678,CYD_278,36.721877,-4.482233,Calle de Sófocles,carga_descarga,,16
PLAZ-CYD-68855,CYD_078,36.719569,-4.40819,Calle Maestranza,carga_descarga,,43
PLAZ-CYD-74567,CYD_744,36.7188273,-4.4248264,Plaza de Arriola,carga_descarga,,30
PLAZ-CYD-68738,CYD_295,36.745522,-4.415874,Avenida Málaga Oloroso,carga_descarga,,16
PLAZ-CYD-68689,CYD_241,36.717263,-4.349242,Calle Róbalo,carga_descarga,,13
PLAZ-CYD-68550,CYD_112,36.728675,-4.434567,Calle Blas de Lezo,carga_descarga,,24
PLAZ-CYD-68770,CYD_217,36.702436,-4.441224,Calle Spiteri,carga_descarga,,21
PLAZ-CYD-68655,CYD_233,36.727596,-4.544772,Calle José Fernando Carvajal,carga_descarga,,11
PLAZ-CYD-68673,CYD_259,36.721964,-4.469846,Avenida Diego Fernández de Mendoza,carga_descarga,,20
PLAZ-CYD-68863,CYD_086,36.730105,-4.40279,Calle Sierra de Grazalema,carga_descarga,,18
PLAZ-CYD-68609,CYD_186,36.703823,-4.4404212,Calle Héroe de Sostoa,carga_descarga,,15
PLAZ-CYD-68862,CYD_085,36.732109,-4.403123,Calle Sierra de Grazalema,carga_descarga,,15
PLAZ-CYD-68867,CYD_091,36.738251,-4.421215,Plaza de Nazaret,carga_descarga,,16
PLAZ-CYD-68777,CYD_206,36.702301,-4.445203,Calle Juan Porras,carga_descarga,,17
PLAZ-CYD-68741,CYD_777,36.7271626,-4.4431717,Calle Vandelvira,carga_descarga,,20
PLAZ-CYD-68760,CYD_202,36.701762,-4.437407,Calle Guadalete,carga_descarga,,24
PLAZ-CYD-68615,CYD_176,36.697181,-4.455753,Avenida de Isaac Peral,carga_descarga,,15
PLAZ-CYD-68627,CYD_240,36.7267818,-4.4123438,Calle Pinos,carga_descarga,,20
PLAZ-CYD-68639,CYD_105,36.723619,-4.437121,Pasaje Aránzazu,carga_descarga,,14
PLAZ-CYD-68671,CYD_257,36.714721,-4.424116,Calle de Pinzón,carga_descarga,,15
PLAZ-CYD-68663,CYD_195,36.703291,-4.447778,Calle Ingeniero Díaz Petersen,carga_descarga,,19
PLAZ-CYD-68607,CYD_184,36.697769,-4.443511,Calle Alhucemas,carga_descarga,,34
PLAZ-CYD-68796,CYD_008,36.716125,-4.421411,Avenida de Manuel Agustín Heredia,carga_descarga,,24
PLAZ-CYD-68647,CYD_170,36.711781,-4.440826,Plaza Cruz de Humilladero,carga_descarga,,26
PLAZ-CYD-68800,CYD_012_b,36.71827,-4.423561,Calle Atarazanas,carga_descarga,,42
PLAZ-CYD-68589,CYD_158,36.709031,-4.441146,Calle Reboul,carga_descarga,,20
PLAZ-CYD-68737,CYD_726,36.688208,-4.448381,Parque Francisco Moreno Portales,carga_descarga,,16
PLAZ-CYD-68573,CYD_136,36.7411168,-4.4318261,Calle Ebro,carga_descarga,,8
PLAZ-CYD-68792,CYD_003,36.715507,-4.424637,Alameda de Colón,carga_descarga,,26
PLAZ-CYD-68710,CYD_308,36.721634,-4.428679,Calle Mármoles,carga_descarga,,20
PLAZ-CYD-68541,CYD_102,36.742598,-4.421754,Calle Pedro de Valdés,carga_descarga,,21
PLAZ-CYD-68772,CYD_219,36.68736,-4.452486,Camino del Pato,carga_descarga,,20
PLAZ-CYD-68586,CYD_153,36.720858,-4.439319,Pasaje Turia,carga_descarga,,27
PLAZ-CYD-68544,CYD_106,36.723152,-4.437665,Pasaje Begoña,carga_descarga,,17
PLAZ-CYD-68699,CYD_075,36.7190738,-4.410359,Calle Arenal,carga_descarga,,16
PLAZ-CYD-68719,CYD_764,36.7194335,-4.4187745,Calle Cortina del Muelle,carga_descarga,,29
PLAZ-CYD-68779,CYD_226,36.6663223,-4.5035014,Calle del Maestro Vert,carga_descarga,,14
PLAZ-CYD-68685,CYD_287,36.719274,-4.41908,Calle Cortina del Muelle,carga_descarga,,45
PLAZ-CYD-68720,CYD_763,36.7197271,-4.4183432,Calle Cortina del Muelle,carga_descarga,,48
PLAZ-CYD-74693,CYD_012_a,36.7183661,-4.4231964,Calle Atarazanas,carga_descarga,,30
PLAZ-CYD-68817,CYD_034,36.7272988,-4.4112173,Calle Ferrándiz,carga_descarga,,28
PLAZ-CYD-68768,CYD_742,36.7198663,-4.4065091,Paseo Marítimo Pablo Ruiz Picasso,carga_descarga,,11
PLAZ-CYD-68848,CYD_070,36.7208177,-4.3608373,Calle Alonso Carrillo de Albornoz,carga_descarga,,20
PLAZ-CYD-68637,CYD_096,36.739716,-4.422645,Calle Lorenza Correa,carga_descarga,,14
PLAZ-CYD-68847,CYD_068,36.720253,-4.362764,Avenida de Pío Baroja,carga_descarga,,24
PLAZ-CYD-68542,CYD_103,36.750902,-4.420657,Calle Juan Montes Hoyo,carga_descarga,,20
PLAZ-CYD-68854,CYD_077,36.719957,-4.364497,Calle Escultor Marín Higuero,carga_descarga,,12
PLAZ-CYD-68682,CYD_281,36.721038,-4.361345,Avenida de la Estación de el Palo,carga_descarga,,11
PLAZ-CYD-68845,CYD_066,36.72074,-4.357268,Calle Almería,carga_descarga,,29
PLAZ-CYD-68827,CYD_045,36.729798,-4.416086,Calle Lozano de Torres,carga_descarga,,26
PLAZ-CYD-68850,CYD_072,36.718838,-4.4083862,Calle Arenal,carga_descarga,,7
PLAZ-CYD-68631,CYD_246,36.719553,-4.417596,Calle Cortina del Muelle,carga_descarga,,45
PLAZ-CYD-68717,CYD_279,36.721644,-4.364308,Calle Escultor Marín Higuero,carga_descarga,,15
PLAZ-CYD-68746,CYD_770,36.7209765,-4.4735346,Avenida de Plutarco,carga_descarga,,20
PLAZ-CYD-68642,CYD_148,36.715624,-4.44167,Calle Eduardo Carvajal,carga_descarga,,14
PLAZ-CYD-68700,CYD_273,36.721617,-4.477849,Avenida de Plutarco,carga_descarga,,34
PLAZ-CYD-68773,CYD_220,36.688816,-4.451862,Camino del Pato,carga_descarga,,22
PLAZ-CYD-68676,CYD_204,36.704433,-4.437284,Calle Salvador Espada Leal,carga_descarga,,26
PLAZ-CYD-68788,CYD_237,36.739689,-4.481538,Carril del Molino,carga_descarga,,36
PLAZ-CYD-68733,CYD_753,36.7143838,-4.4391931,Calle Encio,carga_descarga,,10
PLAZ-CYD-68766,CYD_213,36.702186,-4.434833,Calle Mendoza,carga_descarga,,10
PLAZ-CYD-68670,CYD_256,36.714696,-4.424313,Calle de Pinzón,carga_descarga,,15
PLAZ-CYD-68652,CYD_264,36.726513,-4.442341,Calle Enrique de Egas,carga_descarga,,20
PLAZ-CYD-68759,CYD_329,36.70746,-4.476105,Avenida de José Ortega y Gasset,carga_descarga,,15
PLAZ-CYD-68579,CYD_146,36.713174,-4.450141,Calle Corregidor Francisco de Molina,carga_descarga,,23
PLAZ-CYD-74626,CYD_732,36.7195231,-4.451053,Calle Pedro Espinosa,carga_descarga,,25
PLAZ-CYD-68679,CYD_300,36.72015,-4.454625,Plaza José Bergamín,carga_descarga,,10
PLAZ-CYD-68674,CYD_275,36.709823,-4.441798,Calle Juan Bárcena Mancheño,carga_descarga,,23
PLAZ-CYD-68842,CYD_062,36.7246831,-4.4154806,Calle Victoria,carga_descarga,,23
PLAZ-CYD-68575,CYD_140,36.721622,-4.444667,Avenida Carlos de Haya,carga_descarga,,20
PLAZ-CYD-68565,CYD_127,36.726201,-4.44979,Calle Núñez Vela,carga_descarga,,24
PLAZ-CYD-68690,CYD_484,36.718602,-4.463884,Avenida de Gregorio Prieto,carga_descarga,,15
PLAZ-CYD-68591,CYD_160,36.71752,-4.455508,Calle de Stendhal,carga_descarga,,17
PLAZ-CYD-68545,CYD_107,36.722061,-4.446257,Avenida Carlos de Haya,carga_descarga,,11
PLAZ-CYD-68695,CYD_268,36.722669,-4.396625,Calle Idris,carga_descarga,,16
PLAZ-CYD-68721,CYD_090,36.724615,-4.358855,Calle Villafuerte,carga_descarga,,15
PLAZ-CYD-68866,CYD_089,36.721521,-4.359971,Calle Villafuerte,carga_descarga,,14
PLAZ-CYD-68635,CYD_069,36.719523,-4.360715,Avenida de Salvador Allende,carga_descarga,,17
PLAZ-CYD-68704,CYD_266,36.667301,-4.512117,Calle Escritora Carmen Bravo-villasante,carga_descarga,,14
PLAZ-CYD-68730,CYD_754,36.7054606,-4.4361496,Calle del Río Rocío,carga_descarga,,15
PLAZ-CYD-68821,CYD_038,36.719357,-4.434388,Calle Hilera,carga_descarga,,28
PLAZ-CYD-68654,CYD_239,36.73886,-4.481793,Calle Pirita,carga_descarga,,12
PLAZ-CYD-74689,CYD_779,36.7126901,-4.4322371,Calle Mendívil,carga_descarga,,20
PLAZ-CYD-68752,CYD_750,36.7007506,-4.4506592,Avenida de Europa,carga_descarga,,15
PLAZ-CYD-68598,CYD_173,36.701919,-4.446923,Avenida de Europa,carga_descarga,,17
PLAZ-CYD-68709,CYD_274,36.7124106,-4.4353944,Calle la Unión,carga_descarga,,16
PLAZ-CYD-68702,CYD_267,36.715973,-4.451152,Calle Corregidor Nicolás Isidro,carga_descarga,,20
PLAZ-CYD-76032,CYD_781,36.7182561,-4.4110532,Calle Reding,carga_descarga,,38
PLAZ-CYD-68650,CYD_250,36.714416,-4.444694,Calle Virgen de la Fuensanta,carga_descarga,,14
PLAZ-CYD-68599,CYD_174,36.698603,-4.454493,Avenida de Europa,carga_descarga,,18
PLAZ-CYD-68629,CYD_244,36.72096,-4.4299331,Calle Montes de Oca,carga_descarga,,14
PLAZ-CYD-68593,CYD_165,36.717964,-4.443202,Calle Virgen de Flores,carga_descarga,,15
PLAZ-CYD-68543,CYD_104,36.747512,-4.421526,Calle Sancho Miranda,carga_descarga,,21
PLAZ-CYD-68830,CYD_049,36.72139,-4.4309154,Calle Peso de la Harina,carga_descarga,,21
PLAZ-CYD-68851,CYD_073,36.718456,-4.356876,Calle Banda del Mar,carga_descarga,,15
PLAZ-CYD-68711,CYD_293,36.719428,-4.410903,Calle Periodista Leovigildo Caballero Gutiérrez,carga_descarga,,34
PLAZ-CYD-68572,CYD_134,36.7410164,-4.4322569,Calle Esla,carga_descarga,,30
PLAZ-CYD-68852,CYD_074,36.721563,-4.376965,Calle Bolivia,carga_descarga,,36
PLAZ-CYD-68716,CYD_297,36.721521,-4.43411,Calle Martínez Maldonado,carga_descarga,,15
PLAZ-CYD-74691,CYD_725,36.7196013,-4.4167459,Avenida de Cervantes,carga_descarga,,32
PLAZ-CYD-68826,CYD_044,36.7259015,-4.4155477,Calle Lagunillas,carga_descarga,,9
PLAZ-CYD-68824,CYD_042,36.726293,-4.415107,Calle Lagunillas,carga_descarga,,19
PLAZ-CYD-68812,CYD_028,36.7253117,-4.4288762,Calle Don Juan de Austria,carga_descarga,,39
PLAZ-CYD-68859,CYD_082,36.722047,-4.374555,Calle Practicante Pedro Román,carga_descarga,,40
PLAZ-CYD-68539,CYD_100,36.735156,-4.42198,Calle Obispo Bartolomé Espejo,carga_descarga,,27
PLAZ-CYD-68790,CYD_001,36.730296,-4.419455,Alameda de Capuchinos,carga_descarga,,25
PLAZ-CYD-68757,CYD_774,36.7230321,-4.4238907,Calle Carretería,carga_descarga,,30
PLAZ-CYD-68588,CYD_156,36.708876,-4.463321,Calle Max Estrella,carga_descarga,,21
PLAZ-CYD-68641,CYD_141,36.707377,-4.449828,Calle Alcalde Díaz Zafra,carga_descarga,,18
PLAZ-CYD-68653,CYD_154,36.721425,-4.441503,Calle Martínez Maldonado,carga_descarga,,12
PLAZ-CYD-68605,CYD_182,36.692419,-4.458347,Calle Alejandro Dumas,carga_descarga,,23
PLAZ-CYD-68755,CYD_746,36.7214116,-4.4380207,Calle Martínez Maldonado,carga_descarga,,20
PLAZ-CYD-68560,CYD_122,36.721556,-4.441732,Calle Martínez Maldonado,carga_descarga,,17
PLAZ-CYD-68748,CYD_776,36.7239193,-4.4220595,Calle Carretería,carga_descarga,,28
PLAZ-CYD-68756,CYD_775,36.7238638,-4.4221817,Calle Carretería,carga_descarga,,38
PLAZ-CYD-68686,CYD_309,36.694485,-4.449145,Calle Manuel de Falla,carga_descarga,,15
PLAZ-CYD-68601,CYD_178,36.696152,-4.451926,Avenida de la Luz,carga_descarga,,15
PLAZ-CYD-68804,CYD_019,36.718801,-4.429152,Calle Cerrojo,carga_descarga,,28
PLAZ-CYD-68616,CYD_197,36.697743,-4.448081,Calle Frigiliana,carga_descarga,,10
PLAZ-CYD-68836,CYD_041,36.710318,-4.431295,Calle Juana Jugan,carga_descarga,,24
PLAZ-CYD-68680,CYD_205,36.702313,-4.438326,Calle Infantes,carga_descarga,,88
PLAZ-CYD-68581,CYD_149,36.7120372,-4.4397399,Calle Flores García,carga_descarga,,23
PLAZ-CYD-68570,CYD_132,36.727226,-4.436527,Camino de Suárez,carga_descarga,,20
PLAZ-CYD-68600,CYD_177,36.697233,-4.454637,Avenida de la Luz,carga_descarga,,25
PLAZ-CYD-68622,CYD_023,36.717611,-4.431453,Calle Compositor Lehmberg Ruiz,carga_descarga,,29
PLAZ-CYD-68807,CYD_022,36.7174931,-4.4313724,Calle Compositor Lehmberg Ruiz,carga_descarga,,49
PLAZ-CYD-68749,CYD_765,36.7114117,-4.4464261,Plaza de Nuestra Señora del Carmen,carga_descarga,,20
PLAZ-CYD-68571,CYD_133,36.728253,-4.441127,Camino de Suárez,carga_descarga,,19
PLAZ-CYD-80148,CYD_788,36.7111917,-4.4504658,Calle Corregidor Francisco de Luján,carga_descarga,,15
PLAZ-CYD-68764,CYD_211,36.697664,-4.445275,Calle Manuel Altolaguirre,carga_descarga,,29
PLAZ-CYD-68555,CYD_117,36.72991,-4.441455,Calle Ibrahín,carga_descarga,,23
PLAZ-CYD-68614,CYD_196,36.695515,-4.443277,Calle Frigiliana,carga_descarga,,15
PLAZ-CYD-68557,CYD_119,36.727302,-4.44095,Calle Martínez de la Rosa,carga_descarga,,25
PLAZ-CYD-68806,CYD_021,36.717866,-4.433753,Calle Compositor Lehmberg Ruiz,carga_descarga,,14
PLAZ-CYD-68765,CYD_212,36.697031,-4.443963,Calle Manuel Altolaguirre,carga_descarga,,29
PLAZ-CYD-74631,CYD_761,36.7178126,-4.4319185,Calle Compositor Lehmberg Ruiz,carga_descarga,,10
PLAZ-CYD-68708,CYD_282,36.713824,-4.438791,Calle Merlo,carga_descarga,,25
PLAZ-CYD-74645,CYD_172_,36.6944956,-4.4504394,Calle Beethoven,carga_descarga,,
PLAZ-CYD-68750,CYD_751,36.7345665,-4.4339478,Calle de la Defensa,carga_descarga,,15
PLAZ-CYD-68574,CYD_139,36.714992,-4.441284,Avenida de la Aurora,carga_descarga,,8
PLAZ-CYD-68569,CYD_131,36.727671,-4.439048,Camino de Suárez,carga_descarga,,13
PLAZ-CYD-68668,CYD_255,36.70635,-4.436351,Calle Maestro Alonso,carga_descarga,,21
PLAZ-CYD-68747,CYD_768,36.7224588,-4.4771859,Calle de Andrómeda,carga_descarga,,20
PLAZ-CYD-68558,CYD_120,36.728236,-4.443953,Calle Martínez de la Rosa,carga_descarga,,33
PLAZ-CYD-68723,CYD_769,36.7208671,-4.4766052,Calle de Andrómeda,carga_descarga,,20
PLAZ-CYD-68559,CYD_121,36.726828,-4.439537,Calle Martínez de la Rosa,carga_descarga,,10
PLAZ-CYD-68736,CYD_303,36.723881,-4.539401,Calle Camoens,carga_descarga,,16
PLAZ-CYD-68705,CYD_294,36.715692,-4.427482,Avenida de la Aurora,carga_descarga,,17
PLAZ-CYD-68701,CYD_262,36.662508,-4.505642,Calle Torremolinos,carga_descarga,,18
PLAZ-CYD-68780,CYD_229,36.6643214,-4.4612143,Calle Rogelio Oliva,carga_descarga,,12
PLAZ-CYD-79218,CYD_313,36.7090036,-4.4463129,Camino de San Rafael,carga_descarga,,48
PLAZ-CYD-68789,CYD_164,36.717207,-4.446001,Calle Virgen de la Esperanza,carga_descarga,,16
PLAZ-CYD-68644,CYD_163,36.710495,-4.449284,Calle Valle de Abdalajís,carga_descarga,,14
PLAZ-CYD-68864,CYD_738,36.7184084,-4.411378,Calle Vélez Málaga,carga_descarga,,28
PLAZ-CYD-68646,CYD_169,36.711373,-4.442143,Camino de San Rafael,carga_descarga,,16
PLAZ-CYD-68758,CYD_736,36.716744,-4.423508,Calle Trinidad Grund,carga_descarga,,11
PLAZ-CYD-68669,CYD_260,36.699726,-4.451875,Calle Gaucín,carga_descarga,,24
PLAZ-CYD-68714,CYD_757,36.7263117,-4.4434693,Calle Torelli,carga_descarga,,10
PLAZ-CYD-68630,CYD_199,36.698482,-4.44952,Calle Gaucín,carga_descarga,,35
PLAZ-CYD-68725,CYD_307,36.726375,-4.426898,Calle Luchana,carga_descarga,,16
PLAZ-CYD-68596,CYD_138,36.715098,-4.438777,Plaza Villa de Castelldefels,carga_descarga,,18
PLAZ-CYD-68732,CYD_752,36.7314395,-4.4286263,Calle Vázquez Díaz,carga_descarga,,21
PLAZ-CYD-68595,CYD_168,36.710188,-4.443758,Camino de San Rafael,carga_descarga,,31
PLAZ-CYD-68837,CYD_056,36.727639,-4.4242649,Calle Salomón,carga_descarga,,37
