id,nombre_establecimiento,tipo_ocupacion,direccion,latitud,longitud,ocupacion_longitud,ocupacion_superficie,titularidad,estado_autorizacion,fecha_inicio_autorizacion,fecha_fin_autorizacion,notas
OCUP-0001,ARROZ EN CAZUELA,terraza,Carril Conde,36.695307167037484,-4.452042102221109,,11.0,privada,activa,,,
OCUP-0002,RESTAURANTE PADILLA,terraza,Carril Conde,36.69537085368484,-4.452657699635279,,27.0,privada,activa,,,
OCUP-0003,BURGUER DALLAS,terraza,Carril Conde,36.69567518821321,-4.45328779924621,,35.0,privada,activa,,,
OCUP-0004,CAFETERIA JAMI,terraza,Carril Conde,36.69560620224522,-4.453617382170269,,6.0,privada,activa,,,
OCUP-0005,BAR TORRES,terraza,Carril Conde,36.69564540229396,-4.454011169876191,,5.0,privada,activa,,,
OCUP-0006,LA BATEA CHURRIANERA,terraza,Carretera Coin,36.65836664823931,-4.48885220226775,,16.0,privada,activa,,,
OCUP-0007,POOL HABANA 8,terraza,Carretera Coin,36.66012823232782,-4.497919613229522,,11.0,privada,activa,,,
OCUP-0008,BODEGUITA RINCON DE DANI,terraza,Carretera Coin,36.66178183404301,-4.504377580552204,,27.0,privada,activa,,,
OCUP-0009,EXOTIC,terraza,Calle Realenga de San Luis,36.69392097033581,-4.448558894139069,,21.0,privada,activa,,,
OCUP-0010,CASA DE MELILLA,terraza,Pasaje Aralar,36.72287642396915,-4.437987356586617,,21.0,privada,activa,,,
OCUP-0011,MORENO S COFFEE,terraza,Pasaje Aranzazu,36.72322652657784,-4.436999739051174,,11.0,privada,activa,,,
OCUP-0012,BAMVU,terraza,Camino Colmenar,36.73437405679103,-4.4157065757120515,,16.0,privada,activa,,,
OCUP-0013,HELADERIA MAYKE,terraza,Alameda Barcelo,36.73116203341434,-4.421331292141054,,21.0,privada,activa,,,
OCUP-0014,CAFE-BAR KATE,terraza,Alameda Capuchinos,36.73010855717737,-4.419969951426092,,7.0,privada,activa,,,
OCUP-0015,VALDI,terraza,Alameda Capuchinos,36.730004694806844,-4.419869205616072,,25.0,privada,activa,,,
OCUP-0016,CAPUCHINOS´S PARK,terraza,Alameda Capuchinos,36.73009296041714,-4.419695653233511,,26.0,privada,activa,,,
OCUP-0017,LA Q FRAO,terraza,Alameda Capuchinos,36.73053788055884,-4.419152057560452,,11.0,privada,activa,,,
OCUP-0018,CAFETERIA JUAN Y CONCHA,terraza,Alameda Capuchinos,36.732024266366444,-4.417205204581723,,8.0,privada,activa,,,
OCUP-0019,LA DERIVA,terraza,Alameda Colon,36.71584403386154,-4.424767671974544,,49.0,privada,activa,,,
OCUP-0020,GRANIER,terraza,Alameda Colon,36.71524670807727,-4.424539457508453,,19.0,privada,activa,,,
OCUP-0021,BOMBON BOSS,terraza,Alameda Colon,36.71486809999882,-4.424401561940573,,20.0,privada,activa,,,
OCUP-0022,CAZORLA,terraza,Alameda Colon,36.71486809999882,-4.424401561940573,,35.0,privada,activa,,,
OCUP-0023,CAZORLA,terraza,Alameda Colon,36.71486809999882,-4.424401561940573,,22.0,privada,activa,,,
OCUP-0024,BAR REGINA,terraza,Alameda Colon,36.71486809999882,-4.424401561940573,,12.0,privada,activa,,,
OCUP-0025,ISTURK KEBAB,terraza,Avenida Jose Ribera,36.72159844837683,-4.472383496232762,,22.0,privada,activa,,,
OCUP-0026,CLEOPATRE,terraza,Calle Nuestra Se?ora de los Clarines,36.73057132481754,-4.438589246596837,,7.0,privada,activa,,,
OCUP-0027,PACO JOS?,terraza,Calle Caldereria,36.721994443609184,-4.420578083141372,,8.0,privada,activa,,,
OCUP-0028,BAR MONSERRAT,terraza,Avenida Juan Xxiii,36.71234050590391,-4.446812658894837,,20.0,privada,activa,,,
OCUP-0029,FRIEND´S,terraza,Calle Juan de Padilla,36.72255590025471,-4.421263370573123,,10.0,privada,activa,,,
OCUP-0030,MAYJO,terraza,Calle Sevilla,36.72581626281823,-4.429550745668176,,8.0,privada,activa,,,
OCUP-0031,BODEGUITA EL CENACHERO,terraza,Avenida Rosaleda,36.723689210328004,-4.425331009275863,,10.0,privada,activa,,,
OCUP-0032,SNACK BAR AQUA,terraza,Alameda Colon,36.714495874447195,-4.424271891689104,,11.0,privada,activa,,,
OCUP-0033,BAR LUCA,terraza,Alameda Colon,36.714226991443596,-4.424174157871053,,9.0,privada,activa,,,
OCUP-0034,ALMA ALPUJARRE?A,terraza,Alameda Colon,36.71444262827484,-4.424543203372043,,23.0,privada,activa,,,
OCUP-0035,MATACOPAS,terraza,Calle Pirandello,36.715953958083816,-4.462309325200291,,116.0,privada,activa,,,
OCUP-0036,RUBICO,terraza,Alameda Colon,36.71405917983171,-4.424508527846065,,12.0,privada,activa,,,
OCUP-0037,ONLY YOU HOTEL MALAGA,terraza,Alameda Principal,36.71776858727525,-4.421080666020303,,74.0,privada,activa,,,
OCUP-0038,TRAGAT? MALAGA,terraza,Alameda Principal,36.71768662970366,-4.421338008084372,,42.0,privada,activa,,,
OCUP-0039,BURGUER KING,terraza,Alameda Principal,36.718152220595385,-4.421846190295134,,26.0,privada,activa,,,
OCUP-0040,FIVE GUYS,terraza,Alameda Principal,36.718152220595385,-4.421846190295134,,26.0,privada,activa,,,
OCUP-0041,ESTAMBUL,terraza,Alameda Principal,36.7180861524744,-4.422071407989323,,13.0,privada,activa,,,
OCUP-0042,A LA TURCA,terraza,Alameda Principal,36.71803970949865,-4.422256473413283,,13.0,privada,activa,,,
OCUP-0043,BAR LA MARINA,terraza,Alameda Principal,36.71752883038388,-4.421914814189762,,13.0,privada,activa,,,
OCUP-0044,LA BARRA DE DO?A INES,terraza,Alameda Principal,36.71745566212548,-4.422181370738274,,13.0,privada,activa,,,
OCUP-0045,LUCCIANOS,terraza,Alameda Principal,36.71743089279806,-4.422275605172293,,13.0,privada,activa,,,
OCUP-0046,STREET FOOD BURGER,terraza,Alameda Principal,36.71743089279806,-4.422275605172293,,13.0,privada,activa,,,
OCUP-0047,VINOTECA BOUQUET,terraza,Alameda Principal,36.717547284651175,-4.4239573871871025,,13.0,privada,activa,,,
OCUP-0048,ALAMEDA MARTIRICOS,terraza,Alameda Principal,36.717135306436404,-4.423360268758192,,13.0,privada,activa,,,
OCUP-0049,DUMPLING HOUSE,terraza,Alameda Principal,36.717408059543835,-4.424433982851262,,26.0,privada,activa,,,
OCUP-0050,IL POSTTO,terraza,Alameda Principal,36.71736568450867,-4.424595990039234,,13.0,privada,activa,,,
OCUP-0051,ISTURK KEBAB,terraza,Alameda Principal,36.716947478203004,-4.424013411218493,,10.0,privada,activa,,,
OCUP-0052,MALV?N VIALIA,terraza,Avenida Americas de las,36.713150859042734,-4.431816028271696,,30.0,privada,activa,,,
OCUP-0053,CHUN LI DUMPLING HOUSE,terraza,Avenida Americas de las,36.71437332139305,-4.433435507605605,,5.0,privada,activa,,,
OCUP-0054,LA MESA,terraza,Avenida Americas de las,36.71453158615513,-4.433866336012445,,11.0,privada,activa,,,
OCUP-0055,SMASH HIRO,terraza,Avenida Americas de las,36.71453158615513,-4.433866336012445,,12.0,privada,activa,,,
OCUP-0056,CHAI CAFE Y BRUNCH,terraza,Avenida Andalucia,36.71660539144142,-4.431294775747686,,11.0,privada,activa,,,
OCUP-0057,LA CHALA,terraza,Avenida Andalucia,36.71647529082234,-4.438747196496367,,65.0,privada,activa,,,
OCUP-0058,VICTORIA,terraza,Avenida Andalucia,36.71607637328258,-4.440915267054096,,21.0,privada,activa,,,
OCUP-0059,RECREATIVOS HERMANOS GARCIA,terraza,Avenida Antonio Gaudi,36.69751440955431,-4.456108791737211,,23.0,privada,activa,,,
OCUP-0060,HELADERIA EL TORCAL,terraza,Avenida Manuel Torres,36.700698005307665,-4.448380287901859,,14.0,privada,activa,,,
OCUP-0061,PEPE LECHES,terraza,Avenida Arroyo de los Angeles,36.72749376310356,-4.428825603330165,,26.0,privada,activa,,,
OCUP-0062,CAFE BAR AROMAS,terraza,Avenida Arroyo de los Angeles,36.72756483081004,-4.428046017321874,,20.0,privada,activa,,,
OCUP-0063,EL SOL,terraza,Avenida Arroyo de los Angeles,36.73091712471955,-4.4360457334183545,,17.0,privada,activa,,,
OCUP-0064,CAFE BAR PLATA,terraza,Avenida Aurora,36.71567656578085,-4.427090437456654,,25.0,privada,activa,,,
OCUP-0065,CAFETERIA PLAZA,terraza,Plaza Marina de la,36.71841357511578,-4.420895728609094,,70.0,privada,activa,,,
OCUP-0066,NAVIN,terraza,Avenida Aurora,36.71567656578085,-4.427090437456654,,31.0,privada,activa,,,
OCUP-0067,TASKA LASKA,terraza,Avenida Aurora,36.71567656578085,-4.427090437456654,,20.0,privada,activa,,,
OCUP-0068,RIXTOR BURGERS,terraza,Avenida Aurora,36.71505242625621,-4.441108849020748,,15.0,privada,activa,,,
OCUP-0069,CHEEMA D0NER KEBAB - PIZZER?A,terraza,Avenida Aurora,36.71552674966415,-4.438421467250117,,11.0,privada,activa,,,
OCUP-0070,LA CANASTA,terraza,Avenida Aurora,36.71529448879638,-4.439123957017016,,42.0,privada,activa,,,
OCUP-0071,CASA BELEN,terraza,Avenida Barcelona,36.7225498102683,-4.431607052656375,,9.0,privada,activa,,,
OCUP-0072,TABERNA EL A?EJO,terraza,Avenida Barcelona,36.72531894153188,-4.431163913226205,,19.0,privada,activa,,,
OCUP-0073,TAPERIA EL BIGOTE,terraza,Avenida Bonaire,36.69518330605244,-4.4542342097019,,20.0,privada,activa,,,
OCUP-0074,CAFE PAULA BAR,terraza,Avenida Bonaire,36.6952362495746,-4.45517489912225,,7.0,privada,activa,,,
OCUP-0075,LA CANASTA,terraza,Avenida Canovas del Castillo,36.719503632497656,-4.411860091348121,,32.0,privada,activa,,,
OCUP-0076,MARRAKECH,terraza,Avenida Canovas del Castillo,36.71862838447196,-4.4106028991466815,,13.0,privada,activa,,,
OCUP-0077,TAJ TANDOORI,terraza,Avenida Canovas del Castillo,36.71862838447196,-4.4106028991466815,,12.0,privada,activa,,,
OCUP-0078,EL BOSQUE,terraza,Avenida Carlos de Haya,36.72137789001614,-4.442397664290707,,39.0,privada,activa,,,
OCUP-0079,MESON EL MARTINETE,terraza,Avenida Carlos de Haya,36.7217066277616,-4.445467783901966,,28.0,privada,activa,,,
OCUP-0080,AL NOOR TACO KEBAB,terraza,Avenida Carlos de Haya,36.72187172390279,-4.444952447468027,,26.0,privada,activa,,,
OCUP-0081,TURKY KEBAB Y PIZZER?A.,terraza,Avenida Carlos de Haya,36.72199738811683,-4.446948809115939,,18.0,privada,activa,,,
OCUP-0082,EL IMPERIAL,terraza,Avenida Carlos de Haya,36.72197614665111,-4.445590337820716,,29.0,privada,activa,,,
OCUP-0083,TEJERINGOS,terraza,Avenida Carlos de Haya,36.72218899572507,-4.446710224715776,,18.0,privada,activa,,,
OCUP-0084,AL-ANDALUS,terraza,Avenida Carlos de Haya,36.722207237106765,-4.448223895538157,,48.0,privada,activa,,,
OCUP-0085,SUSHI REST BARBACOA HAN WEI JU,terraza,Avenida Carlos de Haya,36.722207237106765,-4.448223895538157,,31.0,privada,activa,,,
OCUP-0086,CALAO CAF?,terraza,Avenida Carlos de Haya,36.72238195515257,-4.447647248802149,,14.0,privada,activa,,,
OCUP-0087,DOMINO SPIZZA,terraza,Avenida Diego Fernandez de Mendoza,36.72230546019663,-4.4694072775075036,,38.0,privada,activa,,,
OCUP-0088,BAR COMODORO,terraza,Avenida Doctor Ma?as Bernabeu,36.71093991929919,-4.442753434805868,,24.0,privada,activa,,,
OCUP-0089,PICOTEO PITAGORAS,terraza,Avenida Doctor Manuel Dominguez,36.715278896224696,-4.4667121228059825,,14.0,privada,activa,,,
OCUP-0090,CAFE BAR EL ENSUE?O DE MALAGA,terraza,Avenida Doctor Mara?on,36.73066162909785,-4.428507846140003,,13.0,privada,activa,,,
OCUP-0091,BAR MARTIRICOS,terraza,Avenida Doctor Mara?on,36.731061392414624,-4.428484564681773,,18.0,privada,activa,,,
OCUP-0092,MARHAHA KEBAB,terraza,Avenida Doctor Mara?on,36.73164190242099,-4.4284434756496935,,3.0,privada,activa,,,
OCUP-0093,EL BARCO,terraza,Avenida Doctor Mara?on,36.731768384756734,-4.428434675052803,,4.0,privada,activa,,,
OCUP-0094,ASADOR PADILLA,terraza,Avenida Doctor Mara?on,36.73187767661546,-4.428428187825054,,12.0,privada,activa,,,
OCUP-0095,BRISAS DEL SUR,terraza,Avenida Doctor Mara?on,36.73243429097619,-4.428465182425104,,26.0,privada,activa,,,
OCUP-0096,LE GRAND CAFE DE TEATINOS,terraza,Avenida Dolores Rodriguez de Aragon,36.71933424095791,-4.485928153180377,,80.0,privada,activa,,,
OCUP-0097,CAFETERIA ATALAYA,terraza,Avenida Editor Angel Caffarena,36.726194879878356,-4.474220332418844,,38.0,privada,activa,,,
OCUP-0098,TITA COSI,terraza,Avenida Editor Angel Caffarena,36.72621589857999,-4.475267717493025,,17.0,privada,activa,,,
OCUP-0099,ROSARIO S,terraza,Avenida Editor Angel Caffarena,36.726302658477195,-4.4795374943351955,,39.0,privada,activa,,,
OCUP-0100,PIZZER?A DI BELLO,terraza,Avenida Escritor Antonio Soler,36.72459733071781,-4.489856702764919,,20.0,privada,activa,,,
OCUP-0101,HORNOS VILLANUEVA,terraza,Avenida Escritor Antonio Soler,36.72317446494988,-4.492896087969359,,14.0,privada,activa,,,
OCUP-0102,TABERNA ALASKA,terraza,Avenida Europa,36.70210999605848,-4.448240499177357,,48.0,privada,activa,,,
OCUP-0103,TANO'S,terraza,Avenida Europa,36.702016165261206,-4.448442422866969,,77.0,privada,activa,,,
OCUP-0104,LA ALEGRIA DE SAN ANDRES,terraza,Avenida Europa,36.70052802593557,-4.4510715792734095,,8.0,privada,activa,,,
OCUP-0105,KAIKO´SPORT,terraza,Avenida Europa,36.69925741705671,-4.45401547623786,,21.0,privada,activa,,,
OCUP-0106,MAMUTH,terraza,Avenida Europa,36.69876307002314,-4.45417639627858,,30.0,privada,activa,,,
OCUP-0107,KEBAB XL EUROPA,terraza,Avenida Europa,36.69859438518045,-4.454466949855471,,26.0,privada,activa,,,
OCUP-0108,BURGUER MI BARRIO,terraza,Avenida Europa,36.698071739971354,-4.45548915041179,,45.0,privada,activa,,,
OCUP-0109,CASA COSME,terraza,Avenida Gregorio Diego,36.69062702390642,-4.45302288840131,,15.0,privada,activa,,,
OCUP-0110,ON DER MIGUE,terraza,Avenida Gregorio Diego,36.69047045687813,-4.452785096491159,,15.0,privada,activa,,,
OCUP-0111,EL TAP?N,terraza,Avenida Gregorio Diego,36.689459325887285,-4.450682224283919,,15.0,privada,activa,,,
OCUP-0112,CAFE BAR EL PASEITO,terraza,Avenida Gregorio Diego,36.68858993655768,-4.448461688960569,,20.0,privada,activa,,,
OCUP-0113,EL RENGUE,terraza,Avenida Gregorio Prieto,36.719541593187685,-4.464386550745421,,15.0,privada,activa,,,
OCUP-0114,MARIA TORMENTO,terraza,Avenida Gregorio Prieto,36.71736726985069,-4.463471061252992,,56.0,privada,activa,,,
OCUP-0115,CANTINA CATRINA,terraza,Avenida Gregorio Prieto,36.7163857941261,-4.463043767805281,,60.0,privada,activa,,,
OCUP-0116,LA ROMA?OLA,terraza,Avenida Gregorio Prieto,36.7163857941261,-4.463043767805281,,15.0,privada,activa,,,
OCUP-0117,RIALTO COFFEE,terraza,Avenida Gregorio Prieto,36.7163857941261,-4.463043767805281,,15.0,privada,activa,,,
OCUP-0118,RIALTO TEATINOS,terraza,Avenida Gregorio Prieto,36.7163857941261,-4.463043767805281,,28.0,privada,activa,,,
OCUP-0119,TABERNA LA NEW,terraza,Avenida Gregorio Prieto,36.7163857941261,-4.463043767805281,,25.0,privada,activa,,,
OCUP-0120,TAPERIA ALHAMBRA,terraza,Avenida Gregorio Prieto,36.7163857941261,-4.463043767805281,,42.0,privada,activa,,,
OCUP-0121,The Golden Stack,terraza,Avenida Gregorio Prieto,36.7163857941261,-4.463043767805281,,41.0,privada,activa,,,
OCUP-0122,BAR PATRICIA TEATINOS,terraza,Avenida Gregorio Prieto,36.715754447259755,-4.463136027655972,,48.0,privada,activa,,,
OCUP-0123,LA CHURROCATERIA,terraza,Avenida Gregorio Prieto,36.715754447259755,-4.463136027655972,,26.0,privada,activa,,,
OCUP-0124,CIRCUS,terraza,Avenida Gregorio Prieto,36.715754447259755,-4.463136027655972,,22.0,privada,activa,,,
OCUP-0125,EL TRIBUNAL,terraza,Avenida Gregorio Prieto,36.715754447259755,-4.463136027655972,,60.0,privada,activa,,,
OCUP-0126,LA CALLE BURGUER,terraza,Avenida Gregorio Prieto,36.71581942942383,-4.462964308521712,,21.0,privada,activa,,,
OCUP-0127,MAYTE III,terraza,Avenida Gregorio Prieto,36.71581942942383,-4.462964308521712,,30.0,privada,activa,,,
OCUP-0128,PADTHAIWOK,terraza,Avenida Guindos de los,36.69099398584816,-4.447535388814468,,9.0,privada,activa,,,
OCUP-0129,CAFE SANTANA,terraza,Avenida Guindos de los,36.690843013826175,-4.447626266551958,,17.0,privada,activa,,,
OCUP-0130,BURGUER NOMADAS COMPANY,terraza,Avenida Guindos de los,36.69074446081178,-4.447355713314547,,37.0,privada,activa,,,
OCUP-0131,LA PEPA Y SUS PEPITOS,terraza,Avenida Imperio Argentina,36.683695474824766,-4.456845766396721,,21.0,privada,activa,,,
OCUP-0132,LA CANASTA,terraza,Avenida Imperio Argentina,36.68297317183253,-4.45588172990977,,21.0,privada,activa,,,
OCUP-0133,HELADOS BY MARDEL,terraza,Avenida Imperio Argentina,36.68322378999583,-4.4557063404642605,,36.0,privada,activa,,,
OCUP-0134,RESTAURANTE LA SCALA,terraza,Avenida Imperio Argentina,36.68322378999583,-4.4557063404642605,,68.0,privada,activa,,,
OCUP-0135,TEJERINGOS COFFEE,terraza,Avenida Imperio Argentina,36.68322378999583,-4.4557063404642605,,32.0,privada,activa,,,
OCUP-0136,MAMMA FRANCA,terraza,Avenida Imperio Argentina,36.68322378999583,-4.4557063404642605,,39.0,privada,activa,,,
OCUP-0137,LA CALETA,terraza,Avenida Imperio Argentina,36.68288230549544,-4.454694513657159,,70.0,privada,activa,,,
OCUP-0138,LA GRADA LITORAL,terraza,Avenida Imperio Argentina,36.68264674755406,-4.454063097024648,,70.0,privada,activa,,,
OCUP-0139,LA TASKITA DE TOBITA,terraza,Avenida Imperio Argentina,36.682315401100695,-4.453345929705541,,50.0,privada,activa,,,
OCUP-0140,MARISQUERIA LA LUZ,terraza,Avenida Isaac Peral,36.69669896159467,-4.45580814723081,,5.0,privada,activa,,,
OCUP-0141,BUENAVISTA,terraza,Avenida Isaac Peral,36.696202198029404,-4.456190874141921,,2.0,privada,activa,,,
OCUP-0142,EL TRASIEGO,terraza,Avenida Isaac Peral,36.69591942343166,-4.455930945080689,,14.0,privada,activa,,,
OCUP-0143,AROMAS DEL SUR,terraza,Avenida Isaac Peral,36.69391125948178,-4.4578182717643395,,24.0,privada,activa,,,
OCUP-0144,EL PARQUE BROS,terraza,Avenida Isaac Peral,36.693560547153965,-4.458252274553751,,24.0,privada,activa,,,
OCUP-0145,LA PARROQUIA DEL TAPEO,terraza,Avenida Isaac Peral,36.693181602294736,-4.45866117128512,,36.0,privada,activa,,,
OCUP-0146,CAFETER?A EL PASEO,terraza,Avenida Jane Bowles,36.7437353082645,-4.426718346768862,,17.0,privada,activa,,,
OCUP-0147,TURKY KEBAB,terraza,Avenida Jane Bowles,36.7437353082645,-4.426718346768862,,9.0,privada,activa,,,
OCUP-0148,BEST KEBAB,terraza,Avenida Jane Bowles,36.74519839455405,-4.426629119598184,,13.0,privada,activa,,,
OCUP-0149,THE BEST KEBAB PIZZA,terraza,Avenida Jane Bowles,36.74519839455405,-4.426629119598184,,29.0,privada,activa,,,
OCUP-0150,KALUA HELADOS,terraza,Avenida Jane Bowles,36.74517342329942,-4.426266618968032,,18.0,privada,activa,,,
OCUP-0151,BAR KIVI,terraza,Avenida Jane Bowles,36.745707618350835,-4.4265695820700435,,17.0,privada,activa,,,
OCUP-0152,HELADERIA SABOREA,terraza,Avenida Jane Bowles,36.74612245524003,-4.426222082224794,,20.0,privada,activa,,,
OCUP-0153,LA PATATA FELIZ,terraza,Avenida Jane Bowles,36.74644917403007,-4.426535675709741,,14.0,privada,activa,,,
OCUP-0154,STREET TAPAS,terraza,Avenida Jane Bowles,36.74710163481172,-4.4264903515168825,,17.0,privada,activa,,,
OCUP-0155,TAPERIA ENCANTO,terraza,Avenida Jane Bowles,36.74710163481172,-4.4264903515168825,,48.0,privada,activa,,,
OCUP-0156,BURGUER LA AVENIDA,terraza,Avenida Jane Bowles,36.748648096905086,-4.426899435381053,,14.0,privada,activa,,,
OCUP-0157,KE TE PONGO,terraza,Avenida Jane Bowles,36.74701980573784,-4.426129559958503,,37.0,privada,activa,,,
OCUP-0158,CHOCOLATERIA MARY PEPA,terraza,Avenida Jose Ortega y Gasset,36.711990393736485,-4.441640879806157,,10.0,privada,activa,,,
OCUP-0159,CIAO,terraza,Avenida Jorge Luis Borges,36.72006323588199,-4.460926820786891,,50.0,privada,activa,,,
OCUP-0160,ROSARIO´S,terraza,Avenida Jorge Luis Borges,36.72006323588199,-4.460926820786891,,58.0,privada,activa,,,
OCUP-0161,CATI PASTELERIA,terraza,Avenida Jorge Luis Borges,36.719615589016875,-4.462918991891901,,45.0,privada,activa,,,
OCUP-0162,PATAGONIA II,terraza,Avenida Jorge Luis Borges,36.72029871746365,-4.471017869033974,,30.0,privada,activa,,,
OCUP-0163,LIBRERIA CAFETERIA Q PRO QUO,terraza,Avenida Jorge Luis Borges,36.720312589847055,-4.471113818456374,,26.0,privada,activa,,,
OCUP-0164,CAFETER?A TAPERIA EL PASO,terraza,Avenida Jose Ortega y Gasset,36.710596821108204,-4.4492281796919695,,31.0,privada,activa,,,
OCUP-0165,STAR KEBAB.,terraza,Avenida Jose Ortega y Gasset,36.710447354398816,-4.449884732896937,,21.0,privada,activa,,,
OCUP-0166,RETAMILLA,terraza,Avenida Jose Ortega y Gasset,36.709906464879886,-4.454445238342449,,19.0,privada,activa,,,
OCUP-0167,HELADERIA_VALENTINO,terraza,Avenida Jose Ortega y Gasset,36.70983131962821,-4.45481974833142,,18.0,privada,activa,,,
OCUP-0168,RESTAURANTE CHINO AMIGO,terraza,Avenida Jose Ortega y Gasset,36.70983131962821,-4.45481974833142,,28.0,privada,activa,,,
OCUP-0169,PIZZERIA HAMBURGUESERIA IBIZA,terraza,Avenida Jose Ortega y Gasset,36.7100070082785,-4.452240374479337,,21.0,privada,activa,,,
OCUP-0170,ISTURK KEBAB,terraza,Avenida Jose Ortega y Gasset,36.709765521429425,-4.45333689607775,,51.0,privada,activa,,,
OCUP-0171,CAFETERIA CHICO,terraza,Avenida Jose Ortega y Gasset,36.709632007104084,-4.453950574994611,,39.0,privada,activa,,,
OCUP-0172,LOS REYES DEL PICOTEO,terraza,Avenida Jose Ortega y Gasset,36.71117318685596,-4.447177909145028,,25.0,privada,activa,,,
OCUP-0173,PISCOMAR,terraza,Avenida Jose Ortega y Gasset,36.71076704452749,-4.448270646446807,,52.0,privada,activa,,,
OCUP-0174,TAPAMANIA,terraza,Avenida Jose Ribera,36.720372610411644,-4.471893413698504,,23.0,privada,activa,,,
OCUP-0175,BAR LOS BARCOS,terraza,Avenida Jose Ribera,36.72032940881417,-4.471548952144434,,20.0,privada,activa,,,
OCUP-0176,LA OFICINA CAFE,terraza,Avenida Juan Sebastian Elcano,36.72186705478032,-4.364593202835314,,29.0,privada,activa,,,
OCUP-0177,CAFETERIA EL PAN DE LOLA,terraza,Avenida Juan Sebastian Elcano,36.7211392394929,-4.362296579722141,,21.0,privada,activa,,,
OCUP-0178,CAFETERIA QUINTANA,terraza,Avenida Juan Xxiii,36.71163371835238,-4.446304924026068,,34.0,privada,activa,,,
OCUP-0179,CAFE-BAR BARBARELA,terraza,Avenida Juan Xxiii,36.711759059112936,-4.446395406407228,,35.0,privada,activa,,,
OCUP-0180,CAFE BAR LOS PASTORES,terraza,Avenida Juan Xxiii,36.71241859600977,-4.446881522336218,,14.0,privada,activa,,,
OCUP-0181,RESTAURANTE MISTER RICE,terraza,Avenida Lope de Vega de,36.73034655640113,-4.468118823981463,,30.0,privada,activa,,,
OCUP-0182,PIZZER?A KEBAB A TU GUSTO,terraza,Avenida Luz de la,36.696511153457664,-4.452661638768151,,14.0,privada,activa,,,
OCUP-0183,EL BARQUILLO,terraza,Avenida Luz de la,36.6967292035244,-4.4529704994530395,,45.0,privada,activa,,,
OCUP-0184,PIZZERIA CATALEYA,terraza,Avenida Luz de la,36.6970663314908,-4.452961382928327,,16.0,privada,activa,,,
OCUP-0185,BAR PIZZER?A INAS,terraza,Avenida Luz de la,36.69727906487394,-4.45363051916605,,19.0,privada,activa,,,
OCUP-0186,MARIPOSA,terraza,Avenida Luz de la,36.697393485426666,-4.455590433424031,,14.0,privada,activa,,,
OCUP-0187,IMPERIO GRILL,terraza,Avenida Manuel Agustin Heredia,36.71636585758483,-4.421148244152412,,25.0,privada,activa,,,
OCUP-0188,ROY´S,terraza,Avenida Manuel Agustin Heredia,36.71636585758483,-4.421148244152412,,43.0,privada,activa,,,
OCUP-0189,BAR AZUL,terraza,Avenida Manuel Agustin Heredia,36.71595827408417,-4.421542818002912,,5.0,privada,activa,,,
OCUP-0190,ORTEGA SOHO,terraza,Avenida Manuel Agustin Heredia,36.7155228908037,-4.421969782008723,,7.0,privada,activa,,,
OCUP-0191,MIMO HEALTHY,terraza,Avenida Manuel Agustin Heredia,36.71435235543215,-4.423122608454732,,14.0,privada,activa,,,
OCUP-0192,BAR ACUARIO,terraza,Avenida Manuel Agustin Heredia,36.714234085316704,-4.423238492639752,,12.0,privada,activa,,,
OCUP-0193,CHUPYTIRA,terraza,Calle Tomas Echeverria,36.70372714297146,-4.434194251425195,,26.0,privada,activa,,,
OCUP-0194,LA ALEGR?A DE LOS MONTES,terraza,Avenida Manuel Gorria,36.73612560616712,-4.416277386838461,,28.0,privada,activa,,,
OCUP-0195,PARAYTA,terraza,Avenida Manuel Gorria,36.73675169493944,-4.417401209818391,,13.0,privada,activa,,,
OCUP-0196,BAR PILETA,terraza,Avenida Manuel Rodriguez,36.73412680003672,-4.4801137580204555,,4.0,privada,activa,,,
OCUP-0197,GARDEN,terraza,Avenida Manuel Torres,36.69958293547989,-4.447037797420197,,16.0,privada,activa,,,
OCUP-0198,BELLAS DURMIENTES,terraza,Avenida Manuel Torres,36.70001649026968,-4.447842028926248,,21.0,privada,activa,,,
OCUP-0199,TABERNA EL SILLERO,terraza,Avenida Manuel Torres,36.70053348833577,-4.448182511864428,,5.0,privada,activa,,,
OCUP-0200,MI BARRIO,terraza,Avenida Manuel Torres,36.69997556229114,-4.447515331968389,,6.0,privada,activa,,,
OCUP-0201,HELADERIA IGNACIO MIRA,terraza,Avenida Mayorazgo,36.73166670462997,-4.396845755701008,,7.0,privada,activa,,,
OCUP-0202,LA CHEESEQUERIA,terraza,Avenida Mayorazgo,36.73186478213549,-4.397089088692047,,10.0,privada,activa,,,
OCUP-0203,KALUA,terraza,Avenida Moliere,36.68664476055096,-4.452207145166109,,40.0,privada,activa,,,
OCUP-0204,Kettu s,terraza,Avenida Moliere,36.68647313128067,-4.452039229156499,,28.0,privada,activa,,,
OCUP-0205,PIZZERIA NENINA,terraza,Avenida Moliere,36.68647313128067,-4.452039229156499,,34.0,privada,activa,,,
OCUP-0206,SAQQARA,terraza,Avenida Moliere,36.68647313128067,-4.452039229156499,,4.0,privada,activa,,,
OCUP-0207,LA MAGNA,terraza,Avenida Moliere,36.685062916382364,-4.449139145656579,,17.0,privada,activa,,,
OCUP-0208,TEJERINGOS COFFEE,terraza,Avenida Nuestra Se?ora de las Guias,36.73800074099624,-4.421762666421652,,14.0,privada,activa,,,
OCUP-0209,D RECHUPETE,terraza,Avenida Nuestra Se?ora de las Guias,36.7381207749765,-4.421361553958283,,38.0,privada,activa,,,
OCUP-0210,MI ROCIO,terraza,Avenida Nuestra Se?ora de las Guias,36.73915060789677,-4.421679561046092,,11.0,privada,activa,,,
OCUP-0211,NEW REX,terraza,Avenida Obispo Angel Herrera Oria,36.71795727917635,-4.438288361959496,,30.0,privada,activa,,,
OCUP-0212,CAFE BAR LA PALOMA,terraza,Avenida Paloma,36.701579801405884,-4.444257793600547,,35.0,privada,activa,,,
OCUP-0213,BAR LA TRAI?A,terraza,Avenida Paloma,36.70166663573509,-4.444459797847507,,12.0,privada,activa,,,
OCUP-0214,HERMANOS SOTO III,terraza,Avenida Paloma,36.701978523724655,-4.445153632773338,,40.0,privada,activa,,,
OCUP-0215,BAR LOS CUATRO PUNTALES,terraza,Avenida Paloma,36.70225868965666,-4.445776723343848,,14.0,privada,activa,,,
OCUP-0216,XIANGXIONG YE,terraza,Avenida Paloma,36.702182659369576,-4.444989882551898,,12.0,privada,activa,,,
OCUP-0217,MARISQUER?A MANZANO,terraza,Avenida Parmenides,36.72408650349575,-4.479815002043545,,49.0,privada,activa,,,
OCUP-0218,LA LONJA TAPAS,terraza,Avenida Parmenides,36.7229095207861,-4.479818631214275,,38.0,privada,activa,,,
OCUP-0219,YUKATHAN PIZZAS,terraza,Avenida Parmenides,36.7229095207861,-4.479818631214275,,61.0,privada,activa,,,
OCUP-0220,MES?N CASA ANTONIO,terraza,Avenida Parmenides,36.721060722362,-4.480064773091068,,11.0,privada,activa,,,
OCUP-0221,GRANIER,terraza,Calle Granada,36.72206459650017,-4.419037702696783,,9.0,privada,activa,,,
OCUP-0222,GITANA LOCA,terraza,Avenida Parmenides,36.721060722362,-4.480064773091068,,41.0,privada,activa,,,
OCUP-0223,LA CONSENTIDA TEATINOS,terraza,Avenida Parmenides,36.721060722362,-4.480064773091068,,10.0,privada,activa,,,
OCUP-0224,ESPRESSO COFFEE & TE,terraza,Avenida Parmenides,36.72108164831871,-4.4798664026392165,,22.0,privada,activa,,,
OCUP-0225,BAR EL BRILLANTE,terraza,Calle Heroe de Sostoa,36.700776201482654,-4.444762292044578,,14.0,privada,activa,,,
OCUP-0226,THE GARRISON TAVERN,terraza,Avenida Parmenides,36.72108164831871,-4.4798664026392165,,8.0,privada,activa,,,
OCUP-0227,BAR NEW SEVEN,terraza,Avenida Pintor Joaquin Sorolla,36.72334224969057,-4.396231572407786,,37.0,privada,activa,,,
OCUP-0228,LA TABERNITA DE ENMEDIO,terraza,Avenida Pintor Joaquin Sorolla,36.72334224969057,-4.396231572407786,,28.0,privada,activa,,,
OCUP-0229,ISTURK KEBAB,terraza,Avenida Pintor Joaquin Sorolla,36.72339383483062,-4.393922223902168,,39.0,privada,activa,,,
OCUP-0230,CAFETERIA MANHATTAN,terraza,Avenida Pintor Joaquin Sorolla,36.721752596688965,-4.381584465471136,,18.0,privada,activa,,,
OCUP-0231,BAR EL PRIMO,terraza,Avenida Pio Baroja,36.72033568176728,-4.365179856607282,,15.0,privada,activa,,,
OCUP-0232,EL COSTI,terraza,Avenida Pio Baroja,36.72033568176728,-4.365179856607282,,16.0,privada,activa,,,
OCUP-0233,LOS NI?OS,terraza,Avenida Pio Baroja,36.72033568176728,-4.365179856607282,,17.0,privada,activa,,,
OCUP-0234,WIN,terraza,Avenida Pio Baroja,36.72033568176728,-4.365179856607282,,16.0,privada,activa,,,
OCUP-0235,EL CARAJO,terraza,Avenida Pio Baroja,36.72032080042556,-4.364977695374792,,14.0,privada,activa,,,
OCUP-0236,LA PLAYA,terraza,Avenida Pio Baroja,36.72032080042556,-4.364977695374792,,13.0,privada,activa,,,
OCUP-0237,LA CHEESEQUERIA,terraza,Avenida Pio Baroja,36.72030443614084,-4.364773548467052,,11.0,privada,activa,,,
OCUP-0238,LA ESQUINITA,terraza,Avenida Pio Baroja,36.72030443614084,-4.364773548467052,,36.0,privada,activa,,,
OCUP-0239,LA FAROLA DE ORELLANA,terraza,Avenida Pio Baroja,36.72023800654237,-4.3641871153224026,,35.0,privada,activa,,,
OCUP-0240,JAPONES MATSUYA,terraza,Avenida Pio Baroja,36.72022269131965,-4.363982550631902,,26.0,privada,activa,,,
OCUP-0241,LO DE TOMAS,terraza,Avenida Pio Baroja,36.72022269131965,-4.363982550631902,,16.0,privada,activa,,,
OCUP-0242,BAR ZURICH,terraza,Avenida Pio Baroja,36.720209454065035,-4.363831847946713,,10.0,privada,activa,,,
OCUP-0243,RESTAURANTE AGUAERO,terraza,Avenida Pio Baroja,36.720460341885236,-4.363312506238212,,61.0,privada,activa,,,
OCUP-0244,PICHI DE C?I,terraza,Avenida Pio Baroja,36.72037681126732,-4.362599521729101,,29.0,privada,activa,,,
OCUP-0245,HELADERIA FRATELLY,terraza,Avenida Pio Baroja,36.72037681126732,-4.362599521729101,,27.0,privada,activa,,,
OCUP-0246,HOLA GUAPA,terraza,Avenida Pio Baroja,36.72036031963733,-4.3623880274558715,,14.0,privada,activa,,,
OCUP-0247,CORTIJO DE PEPE ECHEVERRIA,terraza,Avenida Pio Baroja,36.720348091405896,-4.362179676578722,,68.0,privada,activa,,,
OCUP-0248,LA CASARECCIA,terraza,Avenida Plutarco,36.72085488232505,-4.482914219638596,,46.0,privada,activa,,,
OCUP-0249,VOX SPORTS BAR,terraza,Avenida Plutarco,36.72085488232505,-4.482914219638596,,42.0,privada,activa,,,
OCUP-0250,EL OJO PATIO,terraza,Avenida Plutarco,36.720995463926506,-4.481628324712956,,69.0,privada,activa,,,
OCUP-0251,20-D COPAS,terraza,Avenida Plutarco,36.72135606078684,-4.4794217173421655,,46.0,privada,activa,,,
OCUP-0252,ONE CUP COFFEE MALAGA,terraza,Avenida Plutarco,36.72135606078684,-4.4794217173421655,,16.0,privada,activa,,,
OCUP-0253,TAPERIA GONDOR,terraza,Avenida Plutarco,36.72135606078684,-4.4794217173421655,,23.0,privada,activa,,,
OCUP-0254,TERRA MIA TEATINOS,terraza,Avenida Plutarco,36.72135606078684,-4.4794217173421655,,21.0,privada,activa,,,
OCUP-0255,JAMON-JAMON,terraza,Avenida Plutarco,36.72118870671764,-4.477682981366844,,8.0,privada,activa,,,
OCUP-0256,MAJAO,terraza,Avenida Plutarco,36.72118870671764,-4.477682981366844,,21.0,privada,activa,,,
OCUP-0257,MARISQUERIA CENACHERO,terraza,Avenida Plutarco,36.72118870671764,-4.477682981366844,,27.0,privada,activa,,,
OCUP-0258,BOCATERIA DYNO,terraza,Calle Mercedes Llopart,36.724886742682756,-4.4800379892017155,,6.0,privada,activa,,,
OCUP-0259,TAHIR KEBAB HOUSE.,terraza,Avenida Plutarco,36.72118870671764,-4.477682981366844,,11.0,privada,activa,,,
OCUP-0260,RIXTOR BURGUER,terraza,Avenida Plutarco,36.72112581419227,-4.477226869971623,,18.0,privada,activa,,,
OCUP-0261,SIBUYA,terraza,Avenida Plutarco,36.72112581419227,-4.477226869971623,,20.0,privada,activa,,,
OCUP-0262,EL HORMIGUERO TAPAS,terraza,Avenida Plutarco,36.72107701931121,-4.476895653417134,,34.0,privada,activa,,,
OCUP-0263,XPECADO,terraza,Avenida Plutarco,36.72107701931121,-4.476895653417134,,17.0,privada,activa,,,
OCUP-0264,BURGUER DALLAS,terraza,Avenida Plutarco,36.72088758223231,-4.475548182134125,,12.0,privada,activa,,,
OCUP-0265,INARI SUSHI,terraza,Avenida Plutarco,36.72088758223231,-4.475548182134125,,14.0,privada,activa,,,
OCUP-0266,KEBAB HITS,terraza,Avenida Plutarco,36.72088758223231,-4.475548182134125,,10.0,privada,activa,,,
OCUP-0267,OKI-NAMI,terraza,Avenida Plutarco,36.72088758223231,-4.475548182134125,,14.0,privada,activa,,,
OCUP-0268,LAMBIK,terraza,Avenida Plutarco,36.72168288024971,-4.479471103762744,,60.0,privada,activa,,,
OCUP-0269,RAFF,terraza,Avenida Plutarco,36.72168288024971,-4.479471103762744,,53.0,privada,activa,,,
OCUP-0270,TELEPIZZA,terraza,Avenida Plutarco,36.72168288024971,-4.479471103762744,,15.0,privada,activa,,,
OCUP-0271,3345,terraza,Avenida Plutarco,36.72168288024971,-4.479471103762744,,33.0,privada,activa,,,
OCUP-0272,CAPO BONIFATI,terraza,Avenida Plutarco,36.72164998795455,-4.478605296413486,,34.0,privada,activa,,,
OCUP-0273,DE TAPAS,terraza,Avenida Plutarco,36.72164998795455,-4.478605296413486,,35.0,privada,activa,,,
OCUP-0274,AMSTERDAM CAFE,terraza,Avenida Plutarco,36.7215160543042,-4.477538042712755,,14.0,privada,activa,,,
OCUP-0275,CHICAGO,terraza,Avenida Plutarco,36.7215160543042,-4.477538042712755,,8.0,privada,activa,,,
OCUP-0276,SALA PREMIER,terraza,Avenida Plutarco,36.7215160543042,-4.477538042712755,,43.0,privada,activa,,,
OCUP-0277,LA QUINTONER?A,terraza,Avenida Plutarco,36.721388833277366,-4.476570564901325,,34.0,privada,activa,,,
OCUP-0278,BOHEMIAN,terraza,Avenida Plutarco,36.72129812224895,-4.475936042490943,,21.0,privada,activa,,,
OCUP-0279,LO DE CARMEN,terraza,Avenida Plutarco,36.72129812224895,-4.475936042490943,,26.0,privada,activa,,,
OCUP-0280,SWEET CAF?,terraza,Avenida Plutarco,36.72129812224895,-4.475936042490943,,17.0,privada,activa,,,
OCUP-0281,PIZZERIA LA TRAVIATA,terraza,Avenida Plutarco,36.72121644414878,-4.475314996467414,,33.0,privada,activa,,,
OCUP-0282,PATAGONIA,terraza,Avenida Plutarco,36.72121644414878,-4.475314996467414,,39.0,privada,activa,,,
OCUP-0283,LOCHI,terraza,Avenida Plutarco,36.72118754263424,-4.474398884639715,,26.0,privada,activa,,,
OCUP-0284,EL GALLO NEGRO,terraza,Avenida Plutarco,36.72118754263424,-4.474398884639715,,26.0,privada,activa,,,
OCUP-0285,KALUA HELADO ARTESANAL,terraza,Avenida Plutarco,36.72118754263424,-4.474398884639715,,29.0,privada,activa,,,
OCUP-0286,PEPA REVUELO,terraza,Avenida Plutarco,36.72118754263424,-4.474398884639715,,18.0,privada,activa,,,
OCUP-0287,PORT ROYAL CIRCUS STEAM PUNK,terraza,Avenida Plutarco,36.72118754263424,-4.474398884639715,,38.0,privada,activa,,,
OCUP-0288,VOX,terraza,Avenida Plutarco,36.72118754263424,-4.474398884639715,,24.0,privada,activa,,,
OCUP-0289,PEPA REVUELO,terraza,Avenida Plutarco,36.72118754263424,-4.474398884639715,,17.0,privada,activa,,,
OCUP-0290,BAR BERMUDEZ,terraza,Avenida Postas,36.73780256392413,-4.4211393668865115,,22.0,privada,activa,,,
OCUP-0291,PIZZERIA LA CORACHA,terraza,Avenida Postas,36.739095443398526,-4.418904252120622,,18.0,privada,activa,,,
OCUP-0292,IL MUSEO,terraza,Avenida Pries,36.72095689214262,-4.407134478412761,,24.0,privada,activa,,,
OCUP-0293,O MAMMA MIA,terraza,Avenida Pries,36.721349203015976,-4.406248598406769,,38.0,privada,activa,,,
OCUP-0294,CAFETERIA LA MIRADA,terraza,Avenida Profesor Garcia Rodeja,36.73295197960455,-4.565586568171991,,42.0,privada,activa,,,
OCUP-0295,ROSARIO S,terraza,Avenida Profesor Garcia Rodeja,36.732874183961165,-4.56588173965128,,10.0,privada,activa,,,
OCUP-0296,GENERACION 70 CAFE Y COPAS,terraza,Avenida Salvador Allende,36.72003837579273,-4.365218590992681,,17.0,privada,activa,,,
OCUP-0297,LA VARIOPINTA,terraza,Avenida Salvador Allende,36.72003837579273,-4.365218590992681,,16.0,privada,activa,,,
OCUP-0298,EL PIKITO,terraza,Avenida Salvador Allende,36.72002327512262,-4.364992319025622,,18.0,privada,activa,,,
OCUP-0299,VOX EL PALO,terraza,Avenida Salvador Allende,36.72002327512262,-4.364992319025622,,42.0,privada,activa,,,
OCUP-0300,BAR MARIA Y PEPE,terraza,Avenida Salvador Allende,36.71995324147944,-4.364016373706523,,19.0,privada,activa,,,
OCUP-0301,LA TABERNA DE CHORCHI,terraza,Avenida Salvador Allende,36.71995324147944,-4.364016373706523,,35.0,privada,activa,,,
OCUP-0302,VEINTE DE ABRIL,terraza,Avenida Salvador Allende,36.71995324147944,-4.364016373706523,,19.0,privada,activa,,,
OCUP-0303,EL BARCO DEL ARROZ,terraza,Avenida Salvador Allende,36.71993604592961,-4.363750863718562,,21.0,privada,activa,,,
OCUP-0304,RESTAURANTE HERMANOS ALBA,terraza,Avenida Salvador Allende,36.71993604592961,-4.363750863718562,,42.0,privada,activa,,,
OCUP-0305,DOMINOS PIZZA,terraza,Avenida Salvador Allende,36.71992289793842,-4.363492367627782,,54.0,privada,activa,,,
OCUP-0306,ENKALE,terraza,Avenida Salvador Allende,36.71985150915023,-4.362570752074142,,27.0,privada,activa,,,
OCUP-0307,GALLARVI,terraza,Avenida Salvador Allende,36.71985150915023,-4.362570752074142,,29.0,privada,activa,,,
OCUP-0308,EL TABANKO,terraza,Avenida Salvador Allende,36.719832667690206,-4.362314093039291,,43.0,privada,activa,,,
OCUP-0309,JUANITO JUAN,terraza,Avenida Salvador Allende,36.71952365925957,-4.361996454777594,,16.0,privada,activa,,,
OCUP-0310,WOK DE LI,terraza,Avenida Salvador Allende,36.719565639426015,-4.360709248284402,,25.0,privada,activa,,,
OCUP-0311,HAMBURGUESERIA MALAGA NORTE,terraza,Avenida Santiago Ramon y Cajal,36.74616432859057,-4.422864302386902,,50.0,privada,activa,,,
OCUP-0312,TAPERIA VALDIVIA,terraza,Avenida Santiago Ramon y Cajal,36.743622997685364,-4.423244245310372,,19.0,privada,activa,,,
OCUP-0313,BAR JOSE CARLOS,terraza,Avenida Santiago Ramon y Cajal,36.7451483493977,-4.423015871290713,,35.0,privada,activa,,,
OCUP-0314,HELADERIA LUPI,terraza,Avenida Santiago Ramon y Cajal,36.745421299496016,-4.422976195492794,,18.0,privada,activa,,,
OCUP-0315,BAR PEKE,terraza,Avenida Santiago Ramon y Cajal,36.74545784231835,-4.422969410204152,,19.0,privada,activa,,,
OCUP-0316,BAR LAS NI?AS,terraza,Avenida Santiago Ramon y Cajal,36.74591881448368,-4.422894404439191,,22.0,privada,activa,,,
OCUP-0317,BAR SUSHI,terraza,Avenida Santiago Ramon y Cajal,36.74606505225396,-4.422879797987383,,63.0,privada,activa,,,
OCUP-0318,HELADERIA ROSALEDA,terraza,Avenida Simon Bolivar,36.73439318319752,-4.433633715859674,,34.0,privada,activa,,,
OCUP-0319,CAMPEROS LA BELLOTA,terraza,Avenida Simon Bolivar,36.73225977411527,-4.4340930072968545,,50.0,privada,activa,,,
OCUP-0320,BAR CAFETERIA MEDITERRANEO,terraza,Avenida Sor Teresa Prat,36.70119384669344,-4.438574888171286,,24.0,privada,activa,,,
OCUP-0321,TINAJAS TIERRA,terraza,Avenida Sor Teresa Prat,36.691167766162664,-4.4445639632324365,,16.0,privada,activa,,,
OCUP-0322,CAFETERIA MUSEO RUSO,terraza,Avenida Sor Teresa Prat,36.699634234059666,-4.439565040069876,,32.0,privada,activa,,,
OCUP-0323,BAR CURRO,terraza,Avenida Sor Teresa Prat,36.698368032346,-4.441043790287735,,47.0,privada,activa,,,
OCUP-0324,RINCON DE LAS DELICIAS,terraza,Avenida Sor Teresa Prat,36.69652321999169,-4.4423490081872075,,41.0,privada,activa,,,
OCUP-0325,VISTA SUIZA,terraza,Avenida Sor Teresa Prat,36.69319374019209,-4.443960848294707,,40.0,privada,activa,,,
OCUP-0326,VISTA SUIZA,terraza,Avenida Sor Teresa Prat,36.69301866682258,-4.444022764747097,,40.0,privada,activa,,,
OCUP-0327,RESTAURANTE EL PORTICO,terraza,Avenida Sor Teresa Prat,36.692847796541166,-4.444094878111647,,62.0,privada,activa,,,
OCUP-0328,CLASSIC ROCK,terraza,Avenida Sor Teresa Prat,36.690945344783096,-4.444847091612517,,39.0,privada,activa,,,
OCUP-0329,EL AMBIG?,terraza,Avenida Sor Teresa Prat,36.69052102647731,-4.445018722056508,,44.0,privada,activa,,,
OCUP-0330,PALADEA,terraza,Avenida Sor Teresa Prat,36.690945344783096,-4.444847091612517,,10.0,privada,activa,,,
OCUP-0331,ARROZEANDO,terraza,Avenida Sor Teresa Prat,36.69052102647731,-4.445018722056508,,9.0,privada,activa,,,
OCUP-0332,HAMBURGUESERIA DURAN DURAN,terraza,Avenida Sor Teresa Prat,36.69052102647731,-4.445018722056508,,14.0,privada,activa,,,
OCUP-0333,VI?A DEL MAR,terraza,Avenida Sor Teresa Prat,36.69052102647731,-4.445018722056508,,11.0,privada,activa,,,
OCUP-0334,BAR GLORIA,terraza,Avenida Vegas los,36.71163321800743,-4.476543951792924,,8.0,privada,activa,,,
OCUP-0335,BAR EL TR?BOL,terraza,Avenida Vegas los,36.71270482690095,-4.476537444665996,,3.0,privada,activa,,,
OCUP-0336,CAFETERIA D CARTA,terraza,Avenida Velazquez,36.68298071317641,-4.467549987416621,,27.0,privada,activa,,,
OCUP-0337,DOMINO´S PIZZA,terraza,Avenida Velazquez,36.69771982950945,-4.448738328556139,,65.0,privada,activa,,,
OCUP-0338,BAR HILARIO,terraza,Avenida Velazquez,36.69634052874998,-4.450387730952108,,14.0,privada,activa,,,
OCUP-0339,CAFETERIA BAR-VELAZQUEZ,terraza,Avenida Velazquez,36.69328393322077,-4.45447618849604,,22.0,privada,activa,,,
OCUP-0340,BAR LAS NI?AS,terraza,Bulevar Adolfo Suarez,36.70195228868449,-4.452600230377739,,12.0,privada,activa,,,
OCUP-0341,MOLLY MALONE´S,terraza,Bulevar Louis Pasteur,36.718068591153106,-4.460542622549121,,30.0,privada,activa,,,
OCUP-0342,DA MIMI,terraza,Bulevar Louis Pasteur,36.71757685005855,-4.4644434430703415,,26.0,privada,activa,,,
OCUP-0343,SUSHI PANDA Y UKIYO,terraza,Bulevar Louis Pasteur,36.718175420792925,-4.464560733431762,,80.0,privada,activa,,,
OCUP-0344,BURGER KING,terraza,Bulevar Louis Pasteur,36.718265190406825,-4.465061512738043,,67.0,privada,activa,,,
OCUP-0345,LA MAFIA,terraza,Bulevar Louis Pasteur,36.718265190406825,-4.465061512738043,,100.0,privada,activa,,,
OCUP-0346,LORENA CAF?,terraza,Bulevar Louis Pasteur,36.718265190406825,-4.465061512738043,,35.0,privada,activa,,,
OCUP-0347,BIBRA,terraza,Bulevar Louis Pasteur,36.71691505182009,-4.4664156336105725,,35.0,privada,activa,,,
OCUP-0348,LA JUANA TARBERNA CON ARTE,terraza,Bulevar Pilar Miro,36.68567970157163,-4.45680701941412,,122.0,privada,activa,,,
OCUP-0349,BAR CAFELIZ BULEVAR,terraza,Calle Puerto Oncala,36.702031941657076,-4.452261779788369,,17.0,privada,activa,,,
OCUP-0350,LUCY TEJERINGOS,terraza,Calle Abogado Federico Orellana Toledano,36.70271176219189,-4.4394780114052566,,18.0,privada,activa,,,
OCUP-0351,CAFETERIA DON FEDERICO,terraza,Calle Abogado Federico Orellana Toledano,36.70293035197053,-4.4396921084121965,,15.0,privada,activa,,,
OCUP-0352,OASIS,terraza,Calle Actriz Rosario Pino,36.73055062608275,-4.424838683024313,,21.0,privada,activa,,,
OCUP-0353,MESON SEGALERVA,terraza,Calle Actriz Rosario Pino,36.73071790115525,-4.4247158770427335,,41.0,privada,activa,,,
OCUP-0354,CASA MIRA-DIMAS MIRA E HIJOS,terraza,Calle Afligidos,36.720430524558104,-4.418197425627632,,13.0,privada,activa,,,
OCUP-0355,CAFE BERLIN,terraza,Calle Afligidos,36.7204447390435,-4.41829700317514,,20.0,privada,activa,,,
OCUP-0356,PIZZERIA VICTORIA,terraza,Calle Afligidos,36.72036407897102,-4.418223413655731,,6.0,privada,activa,,,
OCUP-0357,TAPERIA AITANA,terraza,Calle Agustin Martin Carrion,36.708246700902514,-4.442797850458458,,12.0,privada,activa,,,
OCUP-0358,BAR EL ANCLA,terraza,Calle Agustin Montes Fuentes,36.707166755288895,-4.431502937305124,,14.0,privada,activa,,,
OCUP-0359,COSTE?ITO,terraza,Calle Albacete,36.72738887765638,-4.444590660827308,,20.0,privada,activa,,,
OCUP-0360,TURKISH KEBAB PIZZA.,terraza,Calle Albeniz,36.734765371693754,-4.422379784840941,,17.0,privada,activa,,,
OCUP-0361,TABERNA LAS TABLAS,terraza,Calle Albertillas,36.69712216541598,-4.447480670048927,,32.0,privada,activa,,,
OCUP-0362,SABOREA,terraza,Calle Alcalde Diaz Zafra,36.708986268693145,-4.4506886756102,,8.0,privada,activa,,,
OCUP-0363,BAR CAF? TARTAS DULCES LOCURAS,terraza,Calle Alcalde Diaz Zafra,36.70915729244694,-4.451096432341959,,8.0,privada,activa,,,
OCUP-0364,KEBAD,terraza,Calle Alcalde Diaz Zafra,36.709909181999805,-4.45154279714269,,7.0,privada,activa,,,
OCUP-0365,MI TO?I,terraza,Calle Alcalde Joaquin Alonso,36.69675894373764,-4.450141828620137,,36.0,privada,activa,,,
OCUP-0366,EL PASAJE,terraza,Calle Alcalde Joaquin Alonso,36.697576400621486,-4.450504520196079,,18.0,privada,activa,,,
OCUP-0367,CANELA Y CLAVO,terraza,Calle Alcalde Joaquin Alonso,36.69892261820851,-4.45196205600616,,35.0,privada,activa,,,
OCUP-0368,EURO KEBAB,terraza,Calle Alcalde Joaquin Quiles,36.749314667574666,-4.419536047741252,,5.0,privada,activa,,,
OCUP-0369,SUERTE VISTAFRANCA,terraza,Calle Alcalde Jose Maria de Llanos,36.69829169510791,-4.45089128271132,,1.0,privada,activa,,,
OCUP-0370,BAR PANIAGUA,terraza,Calle Alcalde Nicolas Maroto,36.748858440483154,-4.419586733577822,,42.0,privada,activa,,,
OCUP-0371,MAMBO,terraza,Calle Alcalde Nicolas Maroto,36.748864786710335,-4.419453666813491,,34.0,privada,activa,,,
OCUP-0372,LA BERNARDA,terraza,Calle Alcalde Nicolas Maroto,36.749009965597516,-4.419380417364861,,44.0,privada,activa,,,
OCUP-0373,CHA CHA,terraza,Calle Alcalde Nicolas Maroto,36.74897959063679,-4.419108808272752,,77.0,privada,activa,,,
OCUP-0374,LA RESERVA DEL CHA-CHA,terraza,Calle Alcalde Nicolas Maroto,36.74897959063679,-4.419108808272752,,60.0,privada,activa,,,
OCUP-0375,VERACRUZ. COMIDA MEXICANA,terraza,Calle Alcalde Nicolas Maroto,36.74914170188545,-4.417973174697441,,17.0,privada,activa,,,
OCUP-0376,RESTAURANTE UVE DOBLE,terraza,Calle Alcazabilla,36.720579507915566,-4.417387436726672,,26.0,privada,activa,,,
OCUP-0377,BURGER KING,terraza,Calle Alcazabilla,36.72190993980029,-4.41721736740467,,51.0,privada,activa,,,
OCUP-0378,LA PLAZA,terraza,Calle Alcazabilla,36.72190993980029,-4.41721736740467,,95.0,privada,activa,,,
OCUP-0379,CAFE NEGRO,terraza,Calle Alcazabilla,36.72213877751825,-4.417175410942142,,61.0,privada,activa,,,
OCUP-0380,LUPE,terraza,Calle Alcazabilla,36.72227667904151,-4.417157620218391,,34.0,privada,activa,,,
OCUP-0381,BREAKFAST AT TIFFANYS,terraza,Calle Alcazabilla,36.72227667904151,-4.417157620218391,,20.0,privada,activa,,,
OCUP-0382,GUSTO,terraza,Calle Alcazabilla,36.722263091538586,-4.417050345428921,,39.0,privada,activa,,,
OCUP-0383,TKO MALAGA,terraza,Calle Alcazabilla,36.722263091538586,-4.417050345428921,,35.0,privada,activa,,,
OCUP-0384,GUSTO,terraza,Calle Alcazabilla,36.722404291927155,-4.417029546932571,,22.0,privada,activa,,,
OCUP-0385,BRUNCHIT,terraza,Calle Alcazabilla,36.722504777581264,-4.417128272906991,,37.0,privada,activa,,,
OCUP-0386,RESTAURANTE RIQUISIMO,terraza,Calle Alejandro Dumas,36.69398803031346,-4.45712815408623,,15.0,privada,activa,,,
OCUP-0387,MARISQUERIA RIOS,terraza,Calle Alejandro Puskin,36.74746351882554,-4.425767759462433,,30.0,privada,activa,,,
OCUP-0388,MI MANUEL,terraza,Calle Alemania,36.71448342555029,-4.425258146705183,,28.0,privada,activa,,,
OCUP-0389,LITERAL,terraza,Calle Alemania,36.714388953007074,-4.425214908787143,,14.0,privada,activa,,,
OCUP-0390,CAMPANA DEL MUELLE,terraza,Calle Alemania,36.713303855612935,-4.424667602538793,,13.0,privada,activa,,,
OCUP-0391,BAR LOS CU?AO,terraza,Calle Alfambra,36.7102378936138,-4.441495042423726,,7.0,privada,activa,,,
OCUP-0392,CAFETERIA TORRU,terraza,Calle Alfonso Reyes,36.71096688266475,-4.427145117514394,,14.0,privada,activa,,,
OCUP-0393,TETERIA PELIGRO,terraza,Calle Alfredo Nobel,36.72102112432492,-4.440378533852678,,12.0,privada,activa,,,
OCUP-0394,LOS REMEDIOS,terraza,Calle Alfredo Nobel,36.720806695695885,-4.440845348556526,,16.0,privada,activa,,,
OCUP-0395,BRUNCHIT,terraza,Calle Alhondiga,36.71876634322598,-4.423504543363222,,12.0,privada,activa,,,
OCUP-0396,RESTAURANTE 1981,terraza,Calle Alhondiga,36.71860155952579,-4.423443980582044,,24.0,privada,activa,,,
OCUP-0397,VA POR USTEDES,terraza,Calle Almeria,36.72096972856791,-4.357748183631892,,21.0,privada,activa,,,
OCUP-0398,TEJERINGOS LOS EXAGERAOS,terraza,Calle Almeria,36.72068536725489,-4.35717446677525,,19.0,privada,activa,,,
OCUP-0399,G?LE G?LE,terraza,Calle Almeria,36.72068957789598,-4.357014609309272,,20.0,privada,activa,,,
OCUP-0400,CAFE BAR ANDRES,terraza,Calle Almeria,36.720789928626814,-4.356689899830471,,10.0,privada,activa,,,
OCUP-0401,CAZORLA,terraza,Calle Almeria,36.72076322557688,-4.356576934906761,,17.0,privada,activa,,,
OCUP-0402,LA LLAVE CENTRO CULTURAL,terraza,Calle Almeria,36.72048334001055,-4.354713867649471,,25.0,privada,activa,,,
OCUP-0403,BAR LA HERRADURA,terraza,Calle Almeria,36.72046610344783,-4.35457194044749,,21.0,privada,activa,,,
OCUP-0404,TERRAL BURGER & DRINKS,terraza,Calle Almeria,36.72039811866736,-4.354410301043799,,26.0,privada,activa,,,
OCUP-0405,BAR LA PRADERA,terraza,Calle Almeria,36.72049490169067,-4.35415017062107,,21.0,privada,activa,,,
OCUP-0406,CAFE-BAR LAS NI?AS,terraza,Calle Almeria,36.72049490169067,-4.35415017062107,,16.0,privada,activa,,,
OCUP-0407,CAFE BAR EL CHANQUETE,terraza,Calle Almeria,36.720430861582415,-4.3538004213063415,,12.0,privada,activa,,,
OCUP-0408,PLIS PLAS,terraza,Calle Almeria,36.720419986720394,-4.35372622757408,,27.0,privada,activa,,,
OCUP-0409,ISTURK KEBAB,terraza,Calle Alonso Cano,36.72716220176176,-4.429454003049223,,11.0,privada,activa,,,
OCUP-0410,LA MAREA,terraza,Calle Alonso Cano,36.72750566408007,-4.429257245478925,,35.0,privada,activa,,,
OCUP-0411,MARISQUER?A FREIDURIA SALVADOR,terraza,Calle Alonso Carrillo de Albornoz,36.71970310330788,-4.360975186672252,,38.0,privada,activa,,,
OCUP-0412,EL PESCA?TO,terraza,Calle Alozaina,36.710265296058814,-4.445600660907197,,54.0,privada,activa,,,
OCUP-0413,BAR LAS NI?AS,terraza,Calle Alozaina,36.70948206997631,-4.4505553655901995,,29.0,privada,activa,,,
OCUP-0414,BAR ALBERTO,terraza,Calle Alozaina,36.70943643935696,-4.450772317538658,,20.0,privada,activa,,,
OCUP-0415,MESON CORTIJO CRISTOBAL,terraza,Calle Amalia Heredia,36.695313183939625,-4.441217001316077,,13.0,privada,activa,,,
OCUP-0416,DA SAVERIA,terraza,Calle Ancha del Carmen,36.71443294832613,-4.428597340370805,,18.0,privada,activa,,,
OCUP-0417,RESTAURANTE RICHARD,terraza,Calle Andarax,36.70964891058712,-4.443372460418927,,30.0,privada,activa,,,
OCUP-0418,11:11 COFFEE AND BAKERY,terraza,Calle Andres Bernaldez,36.72222862532337,-4.466371983098034,,7.0,privada,activa,,,
OCUP-0419,CAFE-BAR EL TUTI,terraza,Calle Virgen del Rocio,36.71619484900008,-4.44801603623397,,14.0,privada,activa,,,
OCUP-0420,INSIEME,terraza,Calle Andres Bernaldez,36.72222862532337,-4.466371983098034,,7.0,privada,activa,,,
OCUP-0421,LAS MERCHANAS,terraza,Calle Andres Perez,36.72285323381345,-4.422949809326663,,11.0,privada,activa,,,
OCUP-0422,BUGIO,terraza,Calle Andres Perez,36.723155621567315,-4.423645669988312,,9.0,privada,activa,,,
OCUP-0423,VARO,terraza,Calle Andres Perez,36.72308362734201,-4.423418622523433,,5.0,privada,activa,,,
OCUP-0424,SOCA,terraza,Calle Andres Perez,36.72320645495797,-4.423606998531124,,9.0,privada,activa,,,
OCUP-0425,GRAMYS CAF?,terraza,Calle Andromeda,36.71981249636086,-4.478850069598075,,15.0,privada,activa,,,
OCUP-0426,EL REFUGIO,terraza,Calle Andromeda,36.72090641931971,-4.4783595704646055,,23.0,privada,activa,,,
OCUP-0427,A MI MANERA,terraza,Calle Andromeda,36.721810122057555,-4.477778860733485,,8.0,privada,activa,,,
OCUP-0428,HELADER?A DI LORENZO,terraza,Calle Andromeda,36.721810122057555,-4.477778860733485,,18.0,privada,activa,,,
OCUP-0429,ROCKNROLLA,terraza,Calle Andromeda,36.721810122057555,-4.477778860733485,,12.0,privada,activa,,,
OCUP-0430,MARISQUEO,terraza,Calle Andromeda,36.72238166666851,-4.477410239067374,,17.0,privada,activa,,,
OCUP-0431,MESON LA PIEDRA,terraza,Calle Andromeda,36.72238166666851,-4.477410239067374,,28.0,privada,activa,,,
OCUP-0432,GOTTAN GRILL GOURMET,terraza,Calle Andromeda,36.722587245482444,-4.477281889481885,,34.0,privada,activa,,,
OCUP-0433,PAD THAI WOK,terraza,Calle Andromeda,36.72276981772305,-4.477161754389065,,28.0,privada,activa,,,
OCUP-0434,MISS SUSHI,terraza,Calle Andromeda,36.722563259241404,-4.477087872529505,,15.0,privada,activa,,,
OCUP-0435,HAMBURGUESERIA KEBAB ANDROMEDA,terraza,Calle Andromeda,36.722980317596786,-4.477025435577355,,14.0,privada,activa,,,
OCUP-0436,LA LONJA,terraza,Calle Andromeda,36.722980317596786,-4.477025435577355,,44.0,privada,activa,,,
OCUP-0437,LA PIARDA,terraza,Calle Andromeda,36.722980317596786,-4.477025435577355,,60.0,privada,activa,,,
OCUP-0438,NEW BARRIGONS,terraza,Calle Andromeda,36.722980317596786,-4.477025435577355,,44.0,privada,activa,,,
OCUP-0439,PIBU,terraza,Calle Andromeda,36.722980317596786,-4.477025435577355,,27.0,privada,activa,,,
OCUP-0440,BAR CAFETERIA PATRICIA,terraza,Calle Andromeda,36.723811233422545,-4.4762725399137855,,15.0,privada,activa,,,
OCUP-0441,FUNDIDO,terraza,Calle Angel,36.72190533281208,-4.4210462741497425,,6.0,privada,activa,,,
OCUP-0442,LOLITA,terraza,Calle Angel,36.721928972581416,-4.420974660334262,,27.0,privada,activa,,,
OCUP-0443,EL PATIO DEL ?NGEL,terraza,Calle Angel,36.72206584863436,-4.421151048287592,,25.0,privada,activa,,,
OCUP-0444,TABERNA ANDALUZA LOLITA,terraza,Calle Angel,36.72206584863436,-4.421151048287592,,26.0,privada,activa,,,
OCUP-0445,TAPER?A EL CANDELITA,terraza,Calle Aniba,36.69477012099548,-4.45465938071616,,25.0,privada,activa,,,
OCUP-0446,PIZZERIA NENINA,terraza,Calle Antigona,36.722895917736196,-4.475868167964154,,37.0,privada,activa,,,
OCUP-0447,BENDITO BOCADO,terraza,Calle Antigona,36.720826838007426,-4.476447728128715,,11.0,privada,activa,,,
OCUP-0448,TABERNA LA BIZNAGA,terraza,Calle Antigona,36.72153551801504,-4.476124128013675,,21.0,privada,activa,,,
OCUP-0449,LA QUINTONER?A DE TEATINOS,terraza,Calle Antigona,36.72155148934076,-4.476308941395973,,8.0,privada,activa,,,
OCUP-0450,ASADOR CARRIL DEL CONDE,terraza,Calle Antillas,36.69534791450433,-4.453476262928161,,10.0,privada,activa,,,
OCUP-0451,BAR LOS PEREZ,terraza,Camino Pato del,36.68997456743899,-4.45079188380101,,21.0,privada,activa,,,
OCUP-0452,EL TEMPLO,terraza,Calle Antillas,36.69463803728062,-4.45378604722757,,26.0,privada,activa,,,
OCUP-0453,FREIDURIA RAMONCHI,terraza,Calle Antillas,36.694869581961,-4.45377192478937,,9.0,privada,activa,,,
OCUP-0454,LA TAPERIA DEL PINTXO,terraza,Calle Antonio Baena Gomez,36.718706936583224,-4.4220810947560825,,57.0,privada,activa,,,
OCUP-0455,LA CUEVA DE 1900,terraza,Calle Antonio Baena Gomez,36.71863897263345,-4.422157918522543,,35.0,privada,activa,,,
OCUP-0456,CAFETER?A BAR OASIS,terraza,Calle Antonio Chacon,36.699411264097705,-4.4474531392655,,7.0,privada,activa,,,
OCUP-0457,BURGUER SCOOBY,terraza,Calle Antonio Chacon,36.69959886959339,-4.44766556013965,,13.0,privada,activa,,,
OCUP-0458,BODEGUITA LA FORTUNATA,terraza,Calle Antonio Chacon,36.69914707396989,-4.447881599278527,,5.0,privada,activa,,,
OCUP-0459,TETER?A NIRVANA,terraza,Calle Antonio Chacon,36.69892706717343,-4.448072989534939,,7.0,privada,activa,,,
OCUP-0460,KATAVI,terraza,Calle Antonio Chacon,36.698716318437214,-4.4482161159169795,,9.0,privada,activa,,,
OCUP-0461,EL TAPEO DEL COLILLA,terraza,Calle Antonio Chacon,36.69863951234271,-4.4485161184285475,,34.0,privada,activa,,,
OCUP-0462,CAPRICHO HELADO ARTESANO,terraza,Calle Antonio Martelo,36.711163435103764,-4.441385666792156,,29.0,privada,activa,,,
OCUP-0463,LA CASITA DE ANA,terraza,Calle Antonio Maura,36.70309669178722,-4.442460878757665,,14.0,privada,activa,,,
OCUP-0464,DE HUELVA,terraza,Calle Antonio Soler,36.70407359139116,-4.434475764029134,,36.0,privada,activa,,,
OCUP-0465,GOTHAM GRILL GOURMET,terraza,Calle Antonio Soler,36.70407359139116,-4.434475764029134,,30.0,privada,activa,,,
OCUP-0466,LA CREME,terraza,Calle Antonio Soler,36.70407359139116,-4.434475764029134,,42.0,privada,activa,,,
OCUP-0467,MASAI,terraza,Calle Antonio Soler,36.70426895276659,-4.4345094514360355,,35.0,privada,activa,,,
OCUP-0468,HAMBURGUESER?A KEBAB ANDR?MEDA,terraza,Calle Aristofanes,36.72338537656124,-4.483525042970786,,33.0,privada,activa,,,
OCUP-0469,GRANIER,terraza,Calle Armengual de la Mota,36.71732748546783,-4.429868616253865,,49.0,privada,activa,,,
OCUP-0470,LA CANASTA,terraza,Calle Armengual de la Mota,36.718155210827774,-4.4291843730943254,,19.0,privada,activa,,,
OCUP-0471,DUNKIN COFFE,terraza,Calle Armengual de la Mota,36.71832219852866,-4.429276525301474,,14.0,privada,activa,,,
OCUP-0472,PACO JOSE,terraza,Calle Armengual de la Mota,36.71832219852866,-4.429276525301474,,18.0,privada,activa,,,
OCUP-0473,GRANIER,terraza,Calle Armengual de la Mota,36.71892660409256,-4.429196463723222,,10.0,privada,activa,,,
OCUP-0474,TEJERINGO´S COFFEE,terraza,Calle Armengual de la Mota,36.71946697186119,-4.429147361843555,,13.0,privada,activa,,,
OCUP-0475,BEAR 2 HOUSE,terraza,Calle Armengual de la Mota,36.719567599339896,-4.4293340437573026,,7.0,privada,activa,,,
OCUP-0476,ODEON,terraza,Calle Arquitecto Eduardo Esteve,36.721079757728525,-4.363098202847121,,46.0,privada,activa,,,
OCUP-0477,ISTURK KEBAB,terraza,Calle Arquitecto Eduardo Esteve,36.72071403592922,-4.362883293223574,,12.0,privada,activa,,,
OCUP-0478,EL PAN MORENO,terraza,Calle Arquitecto Eduardo Esteve,36.720751933772455,-4.363135857796181,,13.0,privada,activa,,,
OCUP-0479,NEREMAR CAF?,terraza,Calle Arquitecto Eduardo Esteve,36.720751933772455,-4.363135857796181,,17.0,privada,activa,,,
OCUP-0480,LOS PIBES,terraza,Calle Arquitecto Eduardo Esteve,36.72056141999194,-4.363156365133471,,17.0,privada,activa,,,
OCUP-0481,TANDOORI GRILL,terraza,Calle Arquitecto Eduardo Esteve,36.72006950860878,-4.363295109785722,,16.0,privada,activa,,,
OCUP-0482,TEJERINGO S COFFEE,terraza,Calle Arquitecto Eduardo Esteve,36.72006950860878,-4.363295109785722,,70.0,privada,activa,,,
OCUP-0483,PUESTOS 203-204-205 Y 206,terraza,Calle Atarazanas,36.71824589260519,-4.423856925035863,,6.0,privada,activa,,,
OCUP-0484,BAR SAYLO,terraza,Camino San Rafael,36.70939170197061,-4.446010483434188,,17.0,privada,activa,,,
OCUP-0485,PUESTO NR 1-75-76,terraza,Calle Atarazanas,36.71824589260519,-4.423856925035863,,6.0,privada,activa,,,
OCUP-0486,P.160-231 Y 232,terraza,Calle Atarazanas,36.71824589260519,-4.423856925035863,,5.0,privada,activa,,,
OCUP-0487,PUESTO 168,terraza,Calle Atarazanas,36.71824589260519,-4.423856925035863,,5.0,privada,activa,,,
OCUP-0488,PUESTO 2-3,terraza,Calle Atarazanas,36.71824589260519,-4.423856925035863,,4.0,privada,activa,,,
OCUP-0489,PUESTO 161,terraza,Calle Atarazanas,36.71824589260519,-4.423856925035863,,5.0,privada,activa,,,
OCUP-0490,LA DESAYUNER?A,terraza,Calle Atarazanas,36.718006410428416,-4.424503247703353,,20.0,privada,activa,,,
OCUP-0491,O MELHOR CROISSANT DA MINHA RU,terraza,Calle Atarazanas,36.71804236873686,-4.423947106427413,,14.0,privada,activa,,,
OCUP-0492,EL ENCUENTRO,terraza,Calle Ayala,36.70984462201488,-4.431304148639545,,37.0,privada,activa,,,
OCUP-0493,HABITAT AFTERWORK,terraza,Calle Azucena,36.72201511394341,-4.4216655866828525,,8.0,privada,activa,,,
OCUP-0494,HELADERIA ICEBERG,terraza,Calle Babel,36.715195082573985,-4.437675439522765,,7.0,privada,activa,,,
OCUP-0495,EL PASTELERO REAL CAFETER?A,terraza,Calle Babel,36.71514770001452,-4.437928177604297,,10.0,privada,activa,,,
OCUP-0496,PA-PIKA,terraza,Calle Babel,36.71514770001452,-4.437928177604297,,12.0,privada,activa,,,
OCUP-0497,CASA MANUEL DE LA LONJA,terraza,Calle Banda del Mar,36.71855684315137,-4.357114891602433,,53.0,privada,activa,,,
OCUP-0498,CANTA EL GALLO,terraza,Calle Banda del Mar,36.71819224652055,-4.355088180636071,,75.0,privada,activa,,,
OCUP-0499,BAR MESON PACO,terraza,Camino Termica de la,36.68906027036494,-4.448022892589649,,25.0,privada,activa,,,
OCUP-0500,NEW VARADERO,terraza,Calle Banda del Mar,36.71793293914685,-4.35406308863231,,16.0,privada,activa,,,
OCUP-0501,RESTAURANTE NARVAL,terraza,Calle Banda del Mar,36.71780446305711,-4.353367409756531,,150.0,privada,activa,,,
OCUP-0502,BAR EL RESCOLDO,terraza,Calle Barquillero,36.70171205960853,-4.444952306991937,,16.0,privada,activa,,,
OCUP-0503,PICNIC DINNER & COFFEE,terraza,Calle Barroso,36.71568061018637,-4.423385942183434,,32.0,privada,activa,,,
OCUP-0504,BAR VILLASOL,terraza,Calle Bartolome Pancorbo,36.70507356040041,-4.439929009804446,,7.0,privada,activa,,,
OCUP-0505,HNOS. RICO,terraza,Calle Bartolome Pancorbo,36.70541530077708,-4.440382219315945,,18.0,privada,activa,,,
OCUP-0506,LA CORDOBESA,terraza,Calle Bartolome Pancorbo,36.70530437724097,-4.4405213185089565,,11.0,privada,activa,,,
OCUP-0507,TAPERIA EL BEATO,terraza,Calle Beatas,36.723666848074494,-4.420439844236832,,7.0,privada,activa,,,
OCUP-0508,ESQUINA PADILLA,terraza,Calle Beatas,36.72355932054957,-4.420429925646842,,17.0,privada,activa,,,
OCUP-0509,MOJITO BAR,terraza,Calle Beatas,36.72344953812734,-4.420265964711623,,13.0,privada,activa,,,
OCUP-0510,EL FAROLITO DE LOS TRES PIANTA,terraza,Calle Beatas,36.72341102787079,-4.420215516066403,,6.0,privada,activa,,,
OCUP-0511,BAR LA GUARIDA,terraza,Calle Beatas,36.72317953325125,-4.419752557503782,,7.0,privada,activa,,,
OCUP-0512,LA ESQUINITA DE LA GAMBA,terraza,Calle Beatas,36.72313076374699,-4.419679514185652,,11.0,privada,activa,,,
OCUP-0513,JUMANJI,terraza,Calle Beatas,36.72302688691508,-4.419521397028432,,35.0,privada,activa,,,
OCUP-0514,LOS MARANGOS,terraza,Calle Beatas,36.72291789452142,-4.419371965075201,,21.0,privada,activa,,,
OCUP-0515,TABERNA EL CARPINTERO,terraza,Calle Beatas,36.722561323281724,-4.419034083529432,,6.0,privada,activa,,,
OCUP-0516,MI CAFECITO,terraza,Calle Beatas,36.72237951005022,-4.418811661564022,,6.0,privada,activa,,,
OCUP-0517,BUDARE VENEZUELAN FOOD,terraza,Calle Beatas,36.722263200752785,-4.418667236994441,,2.0,privada,activa,,,
OCUP-0518,LOS PATIOS DE BEATAS,terraza,Calle Beatas,36.722362261761106,-4.418712168478223,,12.0,privada,activa,,,
OCUP-0519,LA PAVA,terraza,Calle Beatas,36.72230710101664,-4.418645145305202,,6.0,privada,activa,,,
OCUP-0520,LA GLORIA,terraza,Calle Beatas,36.72211998172472,-4.418313418932691,,15.0,privada,activa,,,
OCUP-0521,CAFETERIA GRAN PLAZA,terraza,Calle Beethoven,36.694443802152,-4.450423362300809,,35.0,privada,activa,,,
OCUP-0522,EL PARQUE,terraza,Calle Betsaida,36.71280102879123,-4.438975075253265,,32.0,privada,activa,,,
OCUP-0523,BAR-RESTAURANTE PUNTO DE PARTIDA,terraza,Calle Bienvenida,36.701982870994854,-4.445382215676779,,49.0,privada,activa,,,
OCUP-0524,THE CENTRAL PERK,terraza,Calle Bienvenida,36.70196459394582,-4.445457693716797,,28.0,privada,activa,,,
OCUP-0525,BAR LA CACERIA,terraza,Calle Blas de Lezo,36.72711692435551,-4.435008293422125,,11.0,privada,activa,,,
OCUP-0526,EL COCODRILO,terraza,Calle Blas de Lezo,36.72919697849618,-4.434472404412314,,2.0,privada,activa,,,
OCUP-0527,EL PIMIENTO,terraza,Calle Bocanegra,36.70209729456357,-4.445706075744047,,14.0,privada,activa,,,
OCUP-0528,Tejeringos,terraza,Calle Bocanegra,36.70207301205884,-4.445651014448957,,11.0,privada,activa,,,
OCUP-0529,CAREMM,terraza,Calle Bolivia,36.72159569136069,-4.379572164740916,,5.0,privada,activa,,,
OCUP-0530,M&A,terraza,Calle Bolivia,36.721691624874516,-4.3766884870475335,,38.0,privada,activa,,,
OCUP-0531,ASADOR OVIDIO,terraza,Calle Bolsa,36.71935951467597,-4.420981165712423,,39.0,privada,activa,,,
OCUP-0532,AMIGOS,terraza,Calle Bolsa,36.719298918271605,-4.420874988349263,,30.0,privada,activa,,,
OCUP-0533,SIETE CABEZAS,terraza,Calle Bolsa,36.719400032992,-4.420673980818242,,60.0,privada,activa,,,
OCUP-0534,LA CABRERA,terraza,Calle Bolsa,36.719368039867085,-4.4204796846795515,,21.0,privada,activa,,,
OCUP-0535,GUSTO,terraza,Calle Bolsa,36.71934505512926,-4.420305786117741,,14.0,privada,activa,,,
OCUP-0536,RISTORANTE PIZZERIA GUSTO,terraza,Calle Bolsa,36.71934505512926,-4.420305786117741,,18.0,privada,activa,,,
OCUP-0537,LA RESERVA N- 12,terraza,Calle Bolsa,36.71931890631621,-4.420431909580303,,34.0,privada,activa,,,
OCUP-0538,MATIZ,terraza,Calle Bolsa,36.71929800107579,-4.420278640728123,,29.0,privada,activa,,,
OCUP-0539,EL BOSQUE DE LAS HADAS,terraza,Calle Brahms,36.69454221919411,-4.451257236997751,,4.0,privada,activa,,,
OCUP-0540,LA COLORA TABERNA,terraza,Calle Brahms,36.6937355937421,-4.449557280768059,,17.0,privada,activa,,,
OCUP-0541,ENCUENTRO LATINO,terraza,Calle Brujula,36.72698861024402,-4.4442659462323775,,5.0,privada,activa,,,
OCUP-0542,LA TABERNITA DE MIGUEL,terraza,Calle Budapest,36.72488308201128,-4.545023665523703,,85.0,privada,activa,,,
OCUP-0543,PASTEL PAN,terraza,Calle Budapest,36.72404661764764,-4.545217763950253,,60.0,privada,activa,,,
OCUP-0544,CAFETERIA EL JARDIN,terraza,Calle Ca?on,36.72050195554196,-4.418598737259072,,23.0,privada,activa,,,
OCUP-0545,LA RISTOBOTTEGA,terraza,Calle Ca?on,36.72035256686493,-4.418660138173502,,11.0,privada,activa,,,
OCUP-0546,LA BOCAN?,terraza,Calle Ca?on,36.72014260267748,-4.418685861161672,,16.0,privada,activa,,,
OCUP-0547,MESON RINCON CATEDRAL,terraza,Calle Ca?on,36.72014260267748,-4.418685861161672,,10.0,privada,activa,,,
OCUP-0548,LUCY II,terraza,Calle Cabas Galvan,36.72866225991165,-4.440696237623486,,11.0,privada,activa,,,
OCUP-0549,DESAL CAFE,terraza,Calle Cabello,36.72512171111035,-4.422102411357542,,10.0,privada,activa,,,
OCUP-0550,CAFE MADRID,terraza,Calle Caldereria,36.721909084744674,-4.420697315491173,,31.0,privada,activa,,,
OCUP-0551,DR.LIVINGSTONE,terraza,Calle Caldereria,36.7221981484521,-4.420520224989662,,9.0,privada,activa,,,
OCUP-0552,GEOGRAPHIC PUB,terraza,Calle Caldereria,36.7221981484521,-4.420520224989662,,23.0,privada,activa,,,
OCUP-0553,EL TABERNILLAS,terraza,Calle Caldereria,36.72213008795264,-4.420640702112452,,22.0,privada,activa,,,
OCUP-0554,SPORT BAR VOX,terraza,Calle Caldereria,36.72213008795264,-4.420640702112452,,43.0,privada,activa,,,
OCUP-0555,OR?GENES,terraza,Calle Caldereria,36.722319099598764,-4.420427239623781,,4.0,privada,activa,,,
OCUP-0556,BAR PEPA Y PEPE,terraza,Calle Caldereria,36.722330350970466,-4.420586517816191,,30.0,privada,activa,,,
OCUP-0557,PEPA Y PEPE,terraza,Calle Caldereria,36.722330350970466,-4.420586517816191,,11.0,privada,activa,,,
OCUP-0558,SIROKOPLAZA,terraza,Calle Caldereria,36.722437733315985,-4.420511892816512,,27.0,privada,activa,,,
OCUP-0559,LA TASQUITA DE EN MEDIO,terraza,Calle Caldereria,36.72248695911694,-4.420572336020481,,12.0,privada,activa,,,
OCUP-0560,LA TASQUITA DE EN MEDIO,terraza,Calle Caldereria,36.72248695911694,-4.420572336020481,,7.0,privada,activa,,,
OCUP-0561,SPAGOS,terraza,Calle Caldereria,36.72248695911694,-4.420572336020481,,8.0,privada,activa,,,
OCUP-0562,ANDINO,terraza,Calle Calderon de la Barca,36.720295310173334,-4.423913597370813,,10.0,privada,activa,,,
OCUP-0563,EL RINCONCITO,terraza,Calle Calderon de la Barca,36.72036745866602,-4.423859751231762,,8.0,privada,activa,,,
OCUP-0564,ESQUINA PLAZA CAMAS,terraza,Calle Calderon de la Barca,36.72024526830377,-4.424031598949672,,18.0,privada,activa,,,
OCUP-0565,ASTRID TAPAS,terraza,Calle Calderon de la Barca,36.72030737792405,-4.424005415047702,,43.0,privada,activa,,,
OCUP-0566,EL RINCONCITO,terraza,Calle Calderon de la Barca,36.72030737792405,-4.424005415047702,,4.0,privada,activa,,,
OCUP-0567,EL TRUKITO DE MAMA OLGA,terraza,Calle Calzada de la Trinidad,36.7252637962402,-4.432317390481713,,11.0,privada,activa,,,
OCUP-0568,DE TONINO RISTORANTE,terraza,Calle Camas,36.720562073709544,-4.424567264956663,,28.0,privada,activa,,,
OCUP-0569,ANA LA FANT?STICA,terraza,Calle Camas,36.72039964302324,-4.424493231611223,,52.0,privada,activa,,,
OCUP-0570,LOS MARANGOS PZA CAMAS,terraza,Calle Camas,36.720138921871474,-4.424437393619403,,25.0,privada,activa,,,
OCUP-0571,CAFETER?A TAPER?A LUCHY,terraza,Calle Cameros,36.71301614908778,-4.439409638626656,,10.0,privada,activa,,,
OCUP-0572,TAPAS-BAR ANK?,terraza,Calle Cameros,36.71301614908778,-4.439409638626656,,40.0,privada,activa,,,
OCUP-0573,?ANDURY BY DORA ORTIZ,terraza,Calle Canales,36.71148992063897,-4.426945961635964,,9.0,privada,activa,,,
OCUP-0574,MESON ASTUR,terraza,Calle Capitan,36.72205295024935,-4.4209304343871825,,2.0,privada,activa,,,
OCUP-0575,BE HAPPY,terraza,Calle Capitan,36.72205804241886,-4.420808642895062,,9.0,privada,activa,,,
OCUP-0576,BAR FERNANDO,terraza,Calle Capitan,36.722091350575894,-4.4207279418817516,,3.0,privada,activa,,,
OCUP-0577,LA TAPERIA DE SYBARIS,terraza,Calle Carcer,36.72369500759473,-4.419724877193882,,3.0,privada,activa,,,
OCUP-0578,LA ROMANTICA I,terraza,Calle Carcer,36.72397583192575,-4.419428456731631,,15.0,privada,activa,,,
OCUP-0579,TABERNA MALAGA LA BELLA_2,terraza,Calle Carcer,36.72416142063227,-4.419186607081833,,17.0,privada,activa,,,
OCUP-0580,GOFRES 2,terraza,Calle Carcer,36.72416142063227,-4.419186607081833,,10.0,privada,activa,,,
OCUP-0581,HAMBURGUESERIA DON PIM POM,terraza,Calle Carlinda,36.73184000107896,-4.450027210750387,,16.0,privada,activa,,,
OCUP-0582,HELADOS LAURI,terraza,Calle Bolivia,36.72159965809169,-4.374887529520684,,14.0,privada,activa,,,
OCUP-0583,SERCOTEL TRIBUNA M?LAGA,terraza,Calle Carreteria,36.721680687181724,-4.424919789228345,,25.0,privada,activa,,,
OCUP-0584,CAF? BAR MI SITIO,terraza,Calle Casarabonela,36.70911106855559,-4.44741330819254,,17.0,privada,activa,,,
OCUP-0585,OLEO,terraza,Calle Casas de Campos,36.71651272213551,-4.421854397913692,,30.0,privada,activa,,,
OCUP-0586,EL RINCON DEL CERVECERO,terraza,Calle Casas de Campos,36.71633225690311,-4.422272904669163,,28.0,privada,activa,,,
OCUP-0587,MISS SUSHI MALAGA,terraza,Calle Casas de Campos,36.71638913759277,-4.422289336965024,,46.0,privada,activa,,,
OCUP-0588,ICON MALABAR By Petit Palace,terraza,Calle Casas de Campos,36.71621180422476,-4.422709646415063,,58.0,privada,activa,,,
OCUP-0589,HASTA LOS ANDARES,terraza,Calle Casas de Campos,36.71625653129692,-4.422778355699992,,11.0,privada,activa,,,
OCUP-0590,LA GUERNICA,terraza,Calle Casas de Campos,36.71598924856831,-4.423742063100004,,14.0,privada,activa,,,
OCUP-0591,ANTIGUA CASA DE BOTES,terraza,Calle Casas de Campos,36.71591303182114,-4.4237943333003935,,12.0,privada,activa,,,
OCUP-0592,EL IMPERDIBLE,terraza,Calle Casas de Campos,36.71584522401033,-4.424271072713922,,39.0,privada,activa,,,
OCUP-0593,MAMUCHIS,terraza,Calle Casas de Campos,36.71588153093668,-4.4239124240845635,,13.0,privada,activa,,,
OCUP-0594,MADAME SUZANNE,terraza,Calle Casas de Campos,36.715841466250055,-4.4240546643932435,,21.0,privada,activa,,,
OCUP-0595,MALA LECHE,terraza,Calle Castillo de Sohail,36.72054584219253,-4.424278099163753,,19.0,privada,activa,,,
OCUP-0596,DE LA MOTA CAFE,terraza,Calle Cerezuela,36.718204183117734,-4.427251461219604,,19.0,privada,activa,,,
OCUP-0597,LE PETIT BISCUIT,terraza,Calle Cervantes,36.719620473323985,-4.409986281820769,,9.0,privada,activa,,,
OCUP-0598,RESTAURANTE EL REFECTORIUM,terraza,Calle Cervantes,36.719620473323985,-4.409986281820769,,12.0,privada,activa,,,
OCUP-0599,LA TRASTIENDA,terraza,Calle Cervantes,36.71942524591617,-4.410010718726571,,10.0,privada,activa,,,
OCUP-0600,BILMORE,terraza,Calle Cervantes,36.71890123083015,-4.409889734757141,,6.0,privada,activa,,,
OCUP-0601,CENTRAL HORIZONTE,terraza,Calle Cervantes,36.71890123083015,-4.409889734757141,,15.0,privada,activa,,,
OCUP-0602,PICASSO 3,terraza,Calle Chiclanero el,36.72388304953644,-4.4168597811554315,,22.0,privada,activa,,,
OCUP-0603,MISUTO,terraza,Calle Chuita,36.72112760037076,-4.378193384012504,,15.0,privada,activa,,,
OCUP-0604,TERRA MIA EXPRESS,terraza,Calle Circo,36.72745808705742,-4.4150032974248505,,57.0,privada,activa,,,
OCUP-0605,LA COSMO,terraza,Calle Cister,36.72055887360804,-4.418100711524903,,24.0,privada,activa,,,
OCUP-0606,CISTER CATORCE,terraza,Calle Cister,36.72035633473221,-4.417670914727001,,78.0,privada,activa,,,
OCUP-0607,EL CONDE TAPAS,terraza,Calle Cister,36.72048084954075,-4.417785677959472,,6.0,privada,activa,,,
OCUP-0608,EME DE MARIANO RS,terraza,Calle Cister,36.72048084954075,-4.417785677959472,,9.0,privada,activa,,,
OCUP-0609,MARISQUERIA CASA VICENTE,terraza,Calle Comisario,36.718365112701825,-4.422288309816992,,23.0,privada,activa,,,
OCUP-0610,PITAYA,terraza,Calle Compa?ia,36.7213968368567,-4.423996793667313,,19.0,privada,activa,,,
OCUP-0611,MEZCAL,terraza,Calle Compa?ia,36.72143153556615,-4.424340643444673,,16.0,privada,activa,,,
OCUP-0612,CASA MIRA,terraza,Calle Compas de la Victoria,36.72729835549987,-4.41373794934558,,8.0,privada,activa,,,
OCUP-0613,MALAKA RESTAURANTE,terraza,Calle Compas de la Victoria,36.72752423806332,-4.413478348047962,,6.0,privada,activa,,,
OCUP-0614,SYRAH,terraza,Calle Fernan Nu?ez,36.71064486521361,-4.429809843581555,,27.0,privada,activa,,,
OCUP-0615,STRITFUD,terraza,Calle Granada,36.72205026658024,-4.418846120076342,,7.0,privada,activa,,,
OCUP-0616,LOS QUINTANA,terraza,Calle Compas de la Victoria,36.72819672991307,-4.41347167681716,,3.0,privada,activa,,,
OCUP-0617,BODEGUILLA EL HUECO,terraza,Calle Compas de la Victoria,36.7282957048491,-4.413442773176671,,2.0,privada,activa,,,
OCUP-0618,BAR PORTADA,terraza,Calle Competa,36.71939668079723,-4.451830640497268,,10.0,privada,activa,,,
OCUP-0619,LOS TRES TENORES,terraza,Calle Compositor Lehmberg Ruiz,36.71780916338169,-4.431442369615764,,28.0,privada,activa,,,
OCUP-0620,CAFETERIA LUCKY,terraza,Calle Compositor Lehmberg Ruiz,36.71784367062882,-4.431976044045324,,29.0,privada,activa,,,
OCUP-0621,ARABOKA,terraza,Calle Compositor Lehmberg Ruiz,36.71839329819466,-4.434583198947256,,23.0,privada,activa,,,
OCUP-0622,CAF? BAR HNOS MARTIN,terraza,Calle Concejal Pedro Ruz Garcia,36.74137059943149,-4.430228588339386,,33.0,privada,activa,,,
OCUP-0623,LA PIK? DE LOS TRES COMPADRES,terraza,Calle Concha Lagos,36.68326936247338,-4.454640983732921,,38.0,privada,activa,,,
OCUP-0624,BAR LA LIB?LULA,terraza,Calle Conejito de Malaga,36.698460092457495,-4.45390081671462,,10.0,privada,activa,,,
OCUP-0625,LA FLOR NEGRA,terraza,Calle Convalecientes,36.72221961269544,-4.421885532103112,,8.0,privada,activa,,,
OCUP-0626,THE MUSEUM,terraza,Calle Convalecientes,36.722307732968645,-4.421694377974162,,34.0,privada,activa,,,
OCUP-0627,CANDEM LOCK,terraza,Calle Convalecientes,36.72250108318886,-4.421435636417532,,12.0,privada,activa,,,
OCUP-0628,TEATRO DEL SOHO CAIXABANK-TERC,terraza,Calle Cordoba,36.7160569456612,-4.421832431333072,,21.0,privada,activa,,,
OCUP-0629,BAR PACHECO,terraza,Calle Corregidor Francisco de Molina,36.71323352333071,-4.450275667819658,,7.0,privada,activa,,,
OCUP-0630,RINCON DE FERNANDO,terraza,Calle Corregidor Francisco de Molina,36.71323352333071,-4.450275667819658,,42.0,privada,activa,,,
OCUP-0631,ROSARIO´S,terraza,Calle Corregidor Pedro Zapata,36.71018355929002,-4.45361882371209,,41.0,privada,activa,,,
OCUP-0632,LA PANTERA DE MALAGA,terraza,Calle Corregidor Ruiz de Pereda,36.71119337377596,-4.447710021083648,,7.0,privada,activa,,,
OCUP-0633,LA TASKA DE EUGENIO,terraza,Calle Correo de Andalucia,36.69004957054898,-4.449125194183589,,20.0,privada,activa,,,
OCUP-0634,CAFETERIA DAZA,terraza,Calle Correo de Andalucia,36.69004957054898,-4.449125194183589,,37.0,privada,activa,,,
OCUP-0635,BAR D?CADAS,terraza,Calle Correo de Andalucia,36.69004957054898,-4.449125194183589,,7.0,privada,activa,,,
OCUP-0636,EL HORMIGUERO,terraza,Calle Correo de Andalucia,36.69004957054898,-4.449125194183589,,64.0,privada,activa,,,
OCUP-0637,ESSENCIA,terraza,Calle Correo de Andalucia,36.69004957054898,-4.449125194183589,,63.0,privada,activa,,,
OCUP-0638,MARVI,terraza,Calle Correo de Andalucia,36.69004957054898,-4.449125194183589,,20.0,privada,activa,,,
OCUP-0639,PAPULINO III,terraza,Calle Correo de Andalucia,36.69004957054898,-4.449125194183589,,95.0,privada,activa,,,
OCUP-0640,TANO´S,terraza,Calle Correo de Andalucia,36.69096302894072,-4.4489160984645295,,80.0,privada,activa,,,
OCUP-0641,HOP SCOTCH,terraza,Calle Correo de Andalucia,36.689695471718956,-4.448165835875,,18.0,privada,activa,,,
OCUP-0642,MES?N SANTIAGO,terraza,Calle Correo Viejo,36.721194992865875,-4.420414363459294,,5.0,privada,activa,,,
OCUP-0643,MESON SANTIAGO,terraza,Calle Correo Viejo,36.72129369405568,-4.420406281835541,,3.0,privada,activa,,,
OCUP-0644,YOCONDA NO EST?,terraza,Calle Correo Viejo,36.72129369405568,-4.420406281835541,,3.0,privada,activa,,,
OCUP-0645,21 BOU,terraza,Calle Granada,36.72184309629439,-4.420765426057341,,49.0,privada,activa,,,
OCUP-0646,SANTA MONICA,terraza,Calle Correo Viejo,36.721332889693834,-4.420362997869632,,8.0,privada,activa,,,
OCUP-0647,LA FRAGATA,terraza,Calle Cortina del Muelle,36.719332224325434,-4.418965557408002,,2.0,privada,activa,,,
OCUP-0648,ADUANA VIEJA,terraza,Calle Cortina del Muelle,36.71976443013913,-4.418226726652601,,18.0,privada,activa,,,
OCUP-0649,DE GUSTAR,terraza,Calle Cristo de la Epidemia,36.72922887920787,-4.4145542820890915,,11.0,privada,activa,,,
OCUP-0650,NERVA,terraza,Calle Cristo de la Epidemia,36.729899411333214,-4.414997938521771,,12.0,privada,activa,,,
OCUP-0651,TEJERINGO,terraza,Calle Cristo de la Epidemia,36.73083325878228,-4.415234506611861,,12.0,privada,activa,,,
OCUP-0652,CAFETERIA EL CA?ON,terraza,Calle Cristo de la Epidemia,36.730724748414964,-4.415001610190181,,6.0,privada,activa,,,
OCUP-0653,CAFE BAR GLASSE,terraza,Calle Cristo de la Epidemia,36.73201729498883,-4.41548813613136,,17.0,privada,activa,,,
OCUP-0654,EL IMPERIAL,terraza,Calle Cristo de la Epidemia,36.73212477484226,-4.415507399511672,,9.0,privada,activa,,,
OCUP-0655,HAMBURGUESER?A VALDI,terraza,Calle Cristo de la Epidemia,36.73216831394691,-4.415311043684031,,22.0,privada,activa,,,
OCUP-0656,BURGUER MITO´S,terraza,Calle Cristobal de Fonseca,36.74993389324986,-4.422040426990962,,22.0,privada,activa,,,
OCUP-0657,RETROGUSTO,terraza,Calle Cristobal de Fonseca,36.74993389324986,-4.422040426990962,,43.0,privada,activa,,,
OCUP-0658,BAR EL TAXI,terraza,Calle Cristobal de Fonseca,36.749909348032325,-4.421605749475651,,45.0,privada,activa,,,
OCUP-0659,MOLINILLO 33,terraza,Calle Cruz del Molinillo,36.727201334819824,-4.422646092395583,,6.0,privada,activa,,,
OCUP-0660,PLAN B FOOD,terraza,Calle Cuarteles,36.71550542440906,-4.426814426652254,,28.0,privada,activa,,,
OCUP-0661,NOCCIOLA,terraza,Calle Cuarteles,36.71424169446853,-4.427761794370853,,9.0,privada,activa,,,
OCUP-0662,WOK TWO,terraza,Calle Cuarteles,36.714562501655486,-4.427204049736604,,10.0,privada,activa,,,
OCUP-0663,PIZZER?A TRATTOR?A CIRILLO,terraza,Calle Cuarteles,36.71437708923796,-4.427387767470933,,13.0,privada,activa,,,
OCUP-0664,EL ZAPATAZO,terraza,Calle Cuarteles,36.7138908694743,-4.4281292589344545,,47.0,privada,activa,,,
OCUP-0665,PIZZERIA MA M?,terraza,Calle Cuarteles,36.71360918454396,-4.428134191021953,,38.0,privada,activa,,,
OCUP-0666,CAFETER?A-BAR CUARTELES,terraza,Calle Cuarteles,36.71364812470173,-4.428397282922084,,10.0,privada,activa,,,
OCUP-0667,CUARTELES 34,terraza,Calle Cuarteles,36.71364812470173,-4.428397282922084,,20.0,privada,activa,,,
OCUP-0668,BAR LOS VALLE,terraza,Calle Cuarteles,36.71320091999522,-4.428875154210594,,10.0,privada,activa,,,
OCUP-0669,TEJERINGOS COFFEE,terraza,Calle Cuarteles,36.71320091999522,-4.428875154210594,,22.0,privada,activa,,,
OCUP-0670,RESTAURANTE FLAMINGO,terraza,Calle Cuarteles,36.71301280495809,-4.429071824169914,,24.0,privada,activa,,,
OCUP-0671,CHEN,terraza,Calle Cuarteles,36.71218823436045,-4.430157212974665,,44.0,privada,activa,,,
OCUP-0672,RESTAURANTE JUANDI,terraza,Calle Cuarteles,36.71218823436045,-4.430157212974665,,28.0,privada,activa,,,
OCUP-0673,BAR LAS VENTANAS,terraza,Calle Cuevas del Becerro,36.70150920935286,-4.464245146858012,,6.0,privada,activa,,,
OCUP-0674,RESTAURANTE MARTIN,terraza,Calle Demostenes,36.71837730559355,-4.4735565623342834,,19.0,privada,activa,,,
OCUP-0675,LA ESQUINITA DEL BENYI,terraza,Calle Demostenes,36.71955104984177,-4.478298738940647,,28.0,privada,activa,,,
OCUP-0676,LO NUESTRO,terraza,Calle Demostenes,36.71955104984177,-4.478298738940647,,11.0,privada,activa,,,
OCUP-0677,TABERNA VINTAGE DELA,terraza,Calle Demostenes,36.71955104984177,-4.478298738940647,,6.0,privada,activa,,,
OCUP-0678,CASA GAONA,terraza,Calle Demostenes,36.71933889819794,-4.477019359256445,,7.0,privada,activa,,,
OCUP-0679,CUATRO VIENTOS,terraza,Calle Demostenes,36.71928537516686,-4.476806971116755,,13.0,privada,activa,,,
OCUP-0680,TAPERIA DE CAI,terraza,Calle Diamantino Garcia Acosta,36.692673900123886,-4.443937766577727,,40.0,privada,activa,,,
OCUP-0681,ESTRELLA,terraza,Calle Diego Vazquez Otero,36.71789304320985,-4.439247753888616,,3.0,privada,activa,,,
OCUP-0682,PUNTO Y COMA,terraza,Calle Doctor Miguel Diaz Recio,36.72190227331698,-4.464834652631042,,8.0,privada,activa,,,
OCUP-0683,PUNTO Y COMA,terraza,Calle Doctor Miguel Diaz Recio,36.72190227331698,-4.464834652631042,,8.0,privada,activa,,,
OCUP-0684,KINOA RESTAURANTE,terraza,Calle Doctor Miguel Diaz Recio,36.72070626318882,-4.464629917611393,,8.0,privada,activa,,,
OCUP-0685,MARUSTAR 4.13,terraza,Calle Doctor Miguel Diaz Recio,36.72070626318882,-4.464629917611393,,7.0,privada,activa,,,
OCUP-0686,EL RINCON BOQUERON,terraza,Calle Domingo de Orueta,36.70673283571309,-4.438072337127785,,5.0,privada,activa,,,
OCUP-0687,MY CANEY,terraza,Calle Domingo de Orueta,36.70704020437136,-4.438435928370046,,6.0,privada,activa,,,
OCUP-0688,PAPULINOS IV,terraza,Calle Don Cristian,36.7201986569618,-4.431032325606335,,29.0,privada,activa,,,
OCUP-0689,GRAN VIA,terraza,Calle Don Cristian,36.72041513714196,-4.431043480842975,,11.0,privada,activa,,,
OCUP-0690,CAFE BAR JUAN DE AUSTRIA,terraza,Calle Don Juan de Austria,36.7235966777508,-4.4289652830437545,,9.0,privada,activa,,,
OCUP-0691,LA CORDILLERANA,terraza,Calle Don Juan de Austria,36.7235966777508,-4.4289652830437545,,6.0,privada,activa,,,
OCUP-0692,CIUDAD DEL ESTE,terraza,Calle Don Juan de Austria,36.72426183807525,-4.428939327841314,,5.0,privada,activa,,,
OCUP-0693,EL HUESCA,terraza,Calle Don Juan de Malaga,36.719967097268174,-4.418562691218361,,23.0,privada,activa,,,
OCUP-0694,QUINTONER?A CTB,terraza,Calle Don Juan de Malaga,36.72010531912332,-4.418049547861521,,7.0,privada,activa,,,
OCUP-0695,TABERNA EL TRILLO,terraza,Calle Don Juan Diaz,36.719066486778445,-4.421188065043423,,22.0,privada,activa,,,
OCUP-0696,TAPER?A SANTY,terraza,Calle Driza,36.69878757683681,-4.475575614619136,,6.0,privada,activa,,,
OCUP-0697,LA SAL Y EL SON,terraza,Calle Echegaray,36.72159838694784,-4.419409011854403,,3.0,privada,activa,,,
OCUP-0698,FIEL DE FECHOS,terraza,Calle Echegaray,36.72128626429818,-4.419137494459853,,23.0,privada,activa,,,
OCUP-0699,LA MARQUESA,terraza,Calle Edison,36.7129343530674,-4.436082072243106,,12.0,privada,activa,,,
OCUP-0700,BURGUER LOS TILOS,terraza,Calle Edison,36.71305091871092,-4.436163117307365,,12.0,privada,activa,,,
OCUP-0701,LA PASTORA,terraza,Calle Eduardo Dominguez Avila,36.729592651107765,-4.421423081589002,,12.0,privada,activa,,,
OCUP-0702,LA MONA,terraza,Calle Eduardo Dominguez Avila,36.729577255158844,-4.421250161697632,,9.0,privada,activa,,,
OCUP-0703,CAFETERIA CARAMELO,terraza,Calle Eduardo Marquina,36.70363924236355,-4.438393459779728,,6.0,privada,activa,,,
OCUP-0704,RUANCE RESTAURANTE,terraza,Calle Emilio Diaz,36.73497115467909,-4.423583314978412,,32.0,privada,activa,,,
OCUP-0705,MARISQUER?A PLAYA,terraza,Calle Emilio Prados,36.69733569271963,-4.442392892855199,,8.0,privada,activa,,,
OCUP-0706,TAPERIA EL JARDIN,terraza,Calle Emilio Thuillier,36.743021300584076,-4.422173384911512,,7.0,privada,activa,,,
OCUP-0707,NIRVANA,terraza,Calle Jose Iturbi,36.72586960822296,-4.443417168856097,,15.0,privada,activa,,,
OCUP-0708,BAR LAS PEDRIZAS,terraza,Calle Emilio Thuillier,36.744858803071985,-4.421886410958512,,8.0,privada,activa,,,
OCUP-0709,EL MERCAITO,terraza,Calle Emilio Thuillier,36.74634986730767,-4.4219127564701415,,10.0,privada,activa,,,
OCUP-0710,BAR RICHARD,terraza,Calle Emilio Thuillier,36.74642928242277,-4.42170810113889,,11.0,privada,activa,,,
OCUP-0711,CAFETERIA LEIRE,terraza,Calle Enrique de Egas,36.72879180310073,-4.4412121691805275,,23.0,privada,activa,,,
OCUP-0712,HAMBURGUESER?A BETTY BOOP,terraza,Calle Enrique Herrera Moll,36.70990122552473,-4.442606695078317,,23.0,privada,activa,,,
OCUP-0713,LA BAKERIA,terraza,Calle Eolo,36.72041097395705,-4.474961995020385,,23.0,privada,activa,,,
OCUP-0714,YOGURTERIA,terraza,Calle Eolo,36.72041097395705,-4.474961995020385,,23.0,privada,activa,,,
OCUP-0715,YANGWEI CHEN,terraza,Calle Eolo,36.72298576215539,-4.474705308532864,,7.0,privada,activa,,,
OCUP-0716,LA PIZZA,terraza,Calle Eolo,36.72376109399599,-4.474679980505305,,20.0,privada,activa,,,
OCUP-0717,BUEN VINO,terraza,Calle Escultor Marin Higuero,36.721332961960336,-4.364238933559342,,10.0,privada,activa,,,
OCUP-0718,EL SAUCE,terraza,Calle Escultor Marin Higuero,36.721332961960336,-4.364238933559342,,37.0,privada,activa,,,
OCUP-0719,LA CHAMACA,terraza,Calle Escultor Marin Higuero,36.720995646581734,-4.364270996432533,,11.0,privada,activa,,,
OCUP-0720,VIVA MARIA,terraza,Calle Escultor Marin Higuero,36.720821513765934,-4.364295217009183,,9.0,privada,activa,,,
OCUP-0721,HELADER?A SANTA GEMA,terraza,Calle Escultor Marin Higuero,36.72063886997362,-4.364308571180992,,51.0,privada,activa,,,
OCUP-0722,RESTAURANTE PALACIOS,terraza,Calle Eslava,36.712899267831865,-4.429627477577795,,31.0,privada,activa,,,
OCUP-0723,LA BARRA INKA EXPRESS,terraza,Calle Eslava,36.713830075427936,-4.430939402037884,,16.0,privada,activa,,,
OCUP-0724,CAFE BAR ESPERANTO,terraza,Calle Esperanto,36.71860924906938,-4.431728028884435,,16.0,privada,activa,,,
OCUP-0725,BAR AL-QASABA,terraza,Calle Esperanto,36.71895566047809,-4.432581504800525,,5.0,privada,activa,,,
OCUP-0726,CAF? BAR ESPERANZA,terraza,Calle Esperanto,36.718710755720394,-4.433036283081745,,10.0,privada,activa,,,
OCUP-0727,BAR RANEA,terraza,Calle Eugenio Gross,36.72207940985066,-4.435855714048625,,22.0,privada,activa,,,
OCUP-0728,BAR TAPERIA EL BOQUERON,terraza,Calle Eugenio Gross,36.72640245982738,-4.434850001180446,,39.0,privada,activa,,,
OCUP-0729,EL RANCHITO DE ELENA,terraza,Calle Eugenio Gross,36.72640245982738,-4.434850001180446,,30.0,privada,activa,,,
OCUP-0730,LA ALMEDINA,terraza,Calle Eugenio Gross,36.72640245982738,-4.434850001180446,,27.0,privada,activa,,,
OCUP-0731,LA GRILLERA,terraza,Calle Eugenio Gross,36.72663656115455,-4.434779115166815,,28.0,privada,activa,,,
OCUP-0732,KIOOSCO CAROLINA,terraza,Calle Explanada de la Estacion,36.71218446293684,-4.430503042482055,,40.0,privada,activa,,,
OCUP-0733,LA PARADA,terraza,Calle Explanada de la Estacion,36.71246962105666,-4.430706606196935,,9.0,privada,activa,,,
OCUP-0734,BAR CAFE INTER PARIS,terraza,Calle Explanada de la Estacion,36.71246962105666,-4.430706606196935,,13.0,privada,activa,,,
OCUP-0735,TANDOORI MEXICAN,terraza,Calle Fajardo,36.72119916990106,-4.4242491428247535,,12.0,privada,activa,,,
OCUP-0736,REVIV,terraza,Calle Fajardo,36.720969284292195,-4.424258202255653,,8.0,privada,activa,,,
OCUP-0737,ROU,terraza,Calle Fajardo,36.72081586788812,-4.424266276841802,,10.0,privada,activa,,,
OCUP-0738,LUXALAD,terraza,Calle Fajardo,36.72103332470057,-4.424165875880423,,8.0,privada,activa,,,
OCUP-0739,ALMACEN DEL INDIANO,terraza,Calle Fernan Gonzalez,36.720647000654736,-4.424133485299532,,18.0,privada,activa,,,
OCUP-0740,BAR MARIMAR,terraza,Calle Poeta Ximenez Molina,36.72594569659625,-4.449884946863677,,10.0,privada,activa,,,
OCUP-0741,DULCE CANELA,terraza,Calle Fernan Gonzalez,36.720497558335566,-4.424105477751813,,10.0,privada,activa,,,
OCUP-0742,SANTA COFFEE - COFFEE ROASTER,terraza,Calle Fernan Gonzalez,36.72027821204482,-4.424162644762853,,30.0,privada,activa,,,
OCUP-0743,JARAL,terraza,Calle Ferrandiz,36.72706565912738,-4.41332172761094,,6.0,privada,activa,,,
OCUP-0744,CAFE BAR LA ORIENTAL,terraza,Calle Ferrocarril del Puerto,36.70902945498162,-4.432107920101415,,14.0,privada,activa,,,
OCUP-0745,INNATO,terraza,Calle Fiscal Enrique Beltran,36.72427285312053,-4.442903421905037,,15.0,privada,activa,,,
OCUP-0746,LIM?N RESTO BAR,terraza,Calle Flores Garcia,36.711433371239885,-4.438957837853886,,17.0,privada,activa,,,
OCUP-0747,SUSHI FLOWER,terraza,Calle Francisco Barbin,36.7214127235397,-4.472710113346662,,12.0,privada,activa,,,
OCUP-0748,RESTAURANTE ODISSEI,terraza,Calle Francisco de Cossio,36.69151274502386,-4.444131146588067,,8.0,privada,activa,,,
OCUP-0749,TITA CHE,terraza,Calle Francisco de Cossio,36.69142000903476,-4.443848407794877,,51.0,privada,activa,,,
OCUP-0750,TABERNA DE BACO,terraza,Calle Francisco de Cossio,36.691068150665245,-4.442947257262207,,11.0,privada,activa,,,
OCUP-0751,TAPERIA ESENCIA,terraza,Calle Francisco de Paula Pareja,36.72046457104149,-4.4399396374568365,,19.0,privada,activa,,,
OCUP-0752,LIMA-LIMON,terraza,Calle Francisco de Paula Pareja,36.720469428732706,-4.440199319752747,,66.0,privada,activa,,,
OCUP-0753,PIZZERIA LO SPUNTINO,terraza,Calle Francisco de Salinas,36.691128136251635,-4.443503993295367,,49.0,privada,activa,,,
OCUP-0754,LA RESERVA,terraza,Calle Francisco Monje,36.72420366158849,-4.427294167781023,,2.0,privada,activa,,,
OCUP-0755,KACHE KAFE,terraza,Calle Francisco Pacheco,36.691418787246036,-4.4470557059248375,,12.0,privada,activa,,,
OCUP-0756,TEATINOS CAFETERIA,terraza,Calle Frank Capra,36.71961163267977,-4.460587447639061,,36.0,privada,activa,,,
OCUP-0757,MADRE DE DIOS TEATINOS,terraza,Calle Frank Capra,36.71961163267977,-4.460587447639061,,21.0,privada,activa,,,
OCUP-0758,LAS COMPETE?AS,terraza,Calle Frank Capra,36.71918702174649,-4.460618849710502,,43.0,privada,activa,,,
OCUP-0759,EL DESTELLO,terraza,Calle Franz Kafka,36.71697083438375,-4.462174380360352,,30.0,privada,activa,,,
OCUP-0760,TUNDRA FUSION BURGER,terraza,Calle Franz Kafka,36.71654708273157,-4.46239342990639,,38.0,privada,activa,,,
OCUP-0761,ER PICHI DE C?I TEATINOS,terraza,Calle Franz Kafka,36.71689708543887,-4.462704776304851,,19.0,privada,activa,,,
OCUP-0762,OMAMMA MIA,terraza,Calle Franz Kafka,36.71689708543887,-4.462704776304851,,30.0,privada,activa,,,
OCUP-0763,TABERNA MATAHAMBRE,terraza,Calle Franz Kafka,36.71689708543887,-4.462704776304851,,41.0,privada,activa,,,
OCUP-0764,THE COURT HOUSE,terraza,Calle Franz Kafka,36.71689708543887,-4.462704776304851,,13.0,privada,activa,,,
OCUP-0765,MEDERRITO,terraza,Calle Franz Kafka,36.716771658275825,-4.4624623564108115,,7.0,privada,activa,,,
OCUP-0766,CR LAS DELICIAS,terraza,Calle Frigiliana,36.69733276147693,-4.4469687060599785,,51.0,privada,activa,,,
OCUP-0767,CAFETERIA BAR GRAN TAPA,terraza,Calle Frigiliana,36.69535616880475,-4.443482430527609,,33.0,privada,activa,,,
OCUP-0768,LA PICCOLA BRUNO,terraza,Calle Frigiliana,36.69535616880475,-4.443482430527609,,28.0,privada,activa,,,
OCUP-0769,LA TAGLIATELLA,terraza,Calle Gabriel Celaya,36.71514119801632,-4.431514358779213,,37.0,privada,activa,,,
OCUP-0770,LA GUERTA,terraza,Calle Garceran,36.70195725271484,-4.436149270263755,,5.0,privada,activa,,,
OCUP-0771,SR. NILSSON,terraza,Calle Garcia Briz,36.721006506653545,-4.424729610848873,,11.0,privada,activa,,,
OCUP-0772,CERVECERIA SEBASTIAN,terraza,Calle Gaucin,36.698824349548104,-4.450493368509999,,9.0,privada,activa,,,
OCUP-0773,BAR VALENCIA,terraza,Calle Gaucin,36.697968756551134,-4.448701658869597,,22.0,privada,activa,,,
OCUP-0774,DI LORENZO GOURMET,terraza,Calle Gaucin,36.69957782602459,-4.4515564084784,,117.0,privada,activa,,,
OCUP-0775,HAMBURGUESERIA MUNICH,terraza,Calle Gaucin,36.69957782602459,-4.4515564084784,,21.0,privada,activa,,,
OCUP-0776,BAR MURAHIRA,terraza,Calle Gaucin,36.69976358274168,-4.451876996293128,,7.0,privada,activa,,,
OCUP-0777,CAF? BAR EL CURRO,terraza,Calle Generacion,36.70551091746485,-4.508097749068183,,7.0,privada,activa,,,
OCUP-0778,BAR AGUILERA,terraza,Calle Genezaret,36.713130002389924,-4.435544559814396,,33.0,privada,activa,,,
OCUP-0779,1980 BAR,terraza,Calle Gerona,36.71334385867396,-4.439011956251256,,20.0,privada,activa,,,
OCUP-0780,KEBAB,terraza,Calle Gerona,36.712945901577186,-4.439885312590225,,14.0,privada,activa,,,
OCUP-0781,ALIOLE,terraza,Calle Gordon,36.72971013271842,-4.414155307583341,,4.0,privada,activa,,,
OCUP-0782,EL TORNADO,terraza,Calle Gordon,36.729623420388,-4.414568623371831,,14.0,privada,activa,,,
OCUP-0783,EL MOLINILLO,terraza,Calle Goya,36.70553023216443,-4.4374036512563775,,8.0,privada,activa,,,
OCUP-0784,BURGER KING,terraza,Calle Graham Bell,36.73194929541356,-4.549011318293444,,32.0,privada,activa,,,
OCUP-0785,LOLITA TABERNA,terraza,Calle Granada,36.72188193510574,-4.420900879371541,,37.0,privada,activa,,,
OCUP-0786,IRIS PUB NEIL MCGREGOR,terraza,Calle Granada,36.72186091901193,-4.420827966900522,,20.0,privada,activa,,,
OCUP-0787,LA BUGANVILLA,terraza,Calle Granada,36.721729179426084,-4.420606668693093,,28.0,privada,activa,,,
OCUP-0788,EL CARBON,terraza,Calle Granada,36.72183338842459,-4.420523766976883,,24.0,privada,activa,,,
OCUP-0789,SARANDONGA I,terraza,Calle Granada,36.72183338842459,-4.420523766976883,,10.0,privada,activa,,,
OCUP-0790,TENNESSEE CAF?,terraza,Calle Granada,36.72183338842459,-4.420523766976883,,17.0,privada,activa,,,
OCUP-0791,TERRA MIA 2.0,terraza,Calle Granada,36.721718409480864,-4.420551356973353,,17.0,privada,activa,,,
OCUP-0792,PORTOFINO,terraza,Calle Granada,36.72170554675224,-4.420202008216073,,30.0,privada,activa,,,
OCUP-0793,TERRA MIA 2.0,terraza,Calle Granada,36.72170103042495,-4.420495919902714,,14.0,privada,activa,,,
OCUP-0794,PEPA REVUELO,terraza,Calle Granada,36.72170390979714,-4.420145056787843,,18.0,privada,activa,,,
OCUP-0795,LA QUINTONER?A,terraza,Calle Granada,36.72167667686293,-4.420390064978522,,37.0,privada,activa,,,
OCUP-0796,PEPA REVUELO,terraza,Calle Granada,36.721705842446866,-4.420068680163852,,24.0,privada,activa,,,
OCUP-0797,TABERNA DEL SIGLO,terraza,Calle Granada,36.72164855312108,-4.420308577553852,,42.0,privada,activa,,,
OCUP-0798,CIAO,terraza,Calle Granada,36.72182198350029,-4.419757566383042,,33.0,privada,activa,,,
OCUP-0799,TABERNA DEL PINTXO- LA POSADA,terraza,Calle Granada,36.72182198350029,-4.419757566383042,,8.0,privada,activa,,,
OCUP-0800,LA CAMPANA,terraza,Calle Granada,36.721889718482586,-4.419615150062852,,15.0,privada,activa,,,
OCUP-0801,SIBUYA,terraza,Calle Granada,36.721761913265226,-4.419743248255733,,14.0,privada,activa,,,
OCUP-0802,PEZ WANDA,terraza,Calle Granada,36.72207088452948,-4.419229372621701,,57.0,privada,activa,,,
OCUP-0803,PEZ LOLA,terraza,Calle Granada,36.7219274920845,-4.419403038397542,,18.0,privada,activa,,,
OCUP-0804,CAFE LAVAZZA- GRANADA 44,terraza,Calle Granada,36.72201051176501,-4.419235137446373,,8.0,privada,activa,,,
OCUP-0805,CASA LOLA,terraza,Calle Granada,36.72206459650017,-4.419037702696783,,11.0,privada,activa,,,
OCUP-0806,D´PLATOS GRANADA 51,terraza,Calle Granada,36.72197039626175,-4.418217385944902,,19.0,privada,activa,,,
OCUP-0807,MARTONELA,terraza,Calle Granada,36.721939655103334,-4.418186725264543,,6.0,privada,activa,,,
OCUP-0808,DESPACHO DE VINOS,terraza,Calle Granada,36.72194064125413,-4.418118033958702,,2.0,privada,activa,,,
OCUP-0809,RINCON DE LOS PINTORES,terraza,Calle Granada,36.72194064125413,-4.418118033958702,,2.0,privada,activa,,,
OCUP-0810,PIMPI,terraza,Calle Granada,36.72194064125413,-4.418118033958702,,218.0,privada,activa,,,
OCUP-0811,ESQUINA GRANADA,terraza,Calle Granada,36.722640067576314,-4.417628240373733,,14.0,privada,activa,,,
OCUP-0812,CAFETERIA LA ESQUINA,terraza,Calle Guadalete,36.70152740173344,-4.437624617419317,,21.0,privada,activa,,,
OCUP-0813,BAR EL CID,terraza,Calle Guillen de Castro,36.718666844536365,-4.4237532881409125,,16.0,privada,activa,,,
OCUP-0814,PUESTO 185 MERCADO ATARAZANAS,terraza,Calle Guillen de Castro,36.71855491345083,-4.423801094214063,,6.0,privada,activa,,,
OCUP-0815,PUESTO 25- MERCADO ATARAZANAS,terraza,Calle Guillen de Castro,36.71855491345083,-4.423801094214063,,5.0,privada,activa,,,
OCUP-0816,P.10-11-12-13 ATARAZANAS,terraza,Calle Guillen de Castro,36.71855491345083,-4.423801094214063,,6.0,privada,activa,,,
OCUP-0817,PUESTOS 187-88,terraza,Calle Guillen de Castro,36.71855491345083,-4.423801094214063,,5.0,privada,activa,,,
OCUP-0818,PUESTO 28-29,terraza,Calle Guillen de Castro,36.71855491345083,-4.423801094214063,,5.0,privada,activa,,,
OCUP-0819,YASAKA,terraza,Calle Gustavo Pittaluga,36.71488188272286,-4.465106243699724,,19.0,privada,activa,,,
OCUP-0820,CLASSIC,terraza,Calle Hamlet,36.71038240941453,-4.464951747512011,,8.0,privada,activa,,,
OCUP-0821,CAFE-BAR HERMANOS RODRIGUEZ,terraza,Calle Haydn,36.69563950685526,-4.449631742085109,,32.0,privada,activa,,,
OCUP-0822,CAFETERIA,terraza,Calle Hermanos Lumiere,36.694323660062544,-4.461376616583872,,7.0,privada,activa,,,
OCUP-0823,PIZZERIA POMODORO,terraza,Calle Hermes,36.72201850764629,-4.476328608400076,,19.0,privada,activa,,,
OCUP-0824,THE RETROCOPAS,terraza,Calle Hermes,36.72209238060837,-4.477081814853884,,37.0,privada,activa,,,
OCUP-0825,RESTAURANTE TREZE,terraza,Calle Hermes,36.72224271206366,-4.477071222166935,,32.0,privada,activa,,,
OCUP-0826,THE GARRISON,terraza,Calle Hernan Ruiz,36.7228950574245,-4.421634789934583,,11.0,privada,activa,,,
OCUP-0827,LA CASA DEL PERRO,terraza,Calle Hernan Ruiz,36.72311425996276,-4.421873451204482,,6.0,privada,activa,,,
OCUP-0828,OLIVER23,terraza,Calle Hernan Ruiz,36.72318228602703,-4.421946167685472,,11.0,privada,activa,,,
OCUP-0829,LA PLANCHA,terraza,Calle Heroe de Sostoa,36.709927870143176,-4.433067090828185,,12.0,privada,activa,,,
OCUP-0830,RESTAURANTE ?A ?A,terraza,Calle Heroe de Sostoa,36.71072321788157,-4.432035435071574,,10.0,privada,activa,,,
OCUP-0831,CAFETERIA EL TAPEO,terraza,Calle Heroe de Sostoa,36.71072321788157,-4.432035435071574,,20.0,privada,activa,,,
OCUP-0832,BAR AMERICA,terraza,Calle Heroe de Sostoa,36.70413847199602,-4.439991525424415,,24.0,privada,activa,,,
OCUP-0833,Canela Limon,terraza,Calle Heroe de Sostoa,36.70623172242533,-4.437771389115476,,36.0,privada,activa,,,
OCUP-0834,PIZZERIA DALLAS BANDERA,terraza,Calle Heroe de Sostoa,36.70612526095339,-4.4379124609294776,,52.0,privada,activa,,,
OCUP-0835,SENSEI SUSHI DONBURI,terraza,Calle Heroe de Sostoa,36.71050830821883,-4.432310287166925,,13.0,privada,activa,,,
OCUP-0836,DAK BURGER,terraza,Calle Heroe de Sostoa,36.709927870143176,-4.433067090828185,,20.0,privada,activa,,,
OCUP-0837,BAR FUEGO,terraza,Calle Domingo Lozano,36.72623041978678,-4.438572320606876,,3.0,privada,activa,,,
OCUP-0838,MALA PIZZA,terraza,Calle Heroe de Sostoa,36.70989041649282,-4.432670495881026,,11.0,privada,activa,,,
OCUP-0839,STAR KEBAB,terraza,Calle Heroe de Sostoa,36.700776201482654,-4.444762292044578,,10.0,privada,activa,,,
OCUP-0840,BAR LUISA,terraza,Calle Heroe de Sostoa,36.70881345976507,-4.434464256133845,,15.0,privada,activa,,,
OCUP-0841,LIM?N LOCO,terraza,Calle Heroe de Sostoa,36.70700290844481,-4.436653784535336,,84.0,privada,activa,,,
OCUP-0842,LA PRINCESA,terraza,Calle Heroe de Sostoa,36.704770593484255,-4.4392734663871165,,26.0,privada,activa,,,
OCUP-0843,CASA ARANDA,terraza,Calle Herreria del Rey,36.71892631599687,-4.423115209408963,,24.0,privada,activa,,,
OCUP-0844,CASA ARANDA,terraza,Calle Herreria del Rey,36.71884208560687,-4.423408534487492,,54.0,privada,activa,,,
OCUP-0845,POLLOS SAN JUAN,terraza,Calle Herreria del Rey,36.71875360236716,-4.423728217839633,,22.0,privada,activa,,,
OCUP-0846,CAFETERIA STARBUCKS,terraza,Calle Hilera,36.71837879877533,-4.4304009779600335,,31.0,privada,activa,,,
OCUP-0847,BAR PABLO S,terraza,Calle Horacio Lengo,36.714189241153434,-4.439781809144237,,24.0,privada,activa,,,
OCUP-0848,FREIDUR?A-MARISQUER?A MOYA,terraza,Calle Horacio Lengo,36.71426392286982,-4.439613265348718,,9.0,privada,activa,,,
OCUP-0849,CONCEPT 30,terraza,Calle Hoyo de Esparteros,36.71837358730574,-4.4250527173905825,,12.0,privada,activa,,,
OCUP-0850,LOS MA?ANITOS,terraza,Calle Hoz la,36.7037643384684,-4.437494536170125,,26.0,privada,activa,,,
OCUP-0851,TEJERINGOS LUQUE,terraza,Calle Hoz la,36.70285288773255,-4.438092992321385,,12.0,privada,activa,,,
OCUP-0852,CAFETERIA BAR MERCADO HUELIN,terraza,Calle Hoz la,36.7025557028538,-4.438281168513347,,14.0,privada,activa,,,
OCUP-0853,CAFETERIA RINCON DE MORDA,terraza,Calle Huerto de Monjas,36.72625282180955,-4.423497895822793,,3.0,privada,activa,,,
OCUP-0854,PEPA REVUELO,terraza,Calle Huescar,36.71807258884988,-4.431163449600925,,25.0,privada,activa,,,
OCUP-0855,EL DESPACHITO DE GLORIA,terraza,Calle Huescar,36.718144763041565,-4.431351786337735,,38.0,privada,activa,,,
OCUP-0856,RESTAURANTE JAPONES YOKOHAMA,terraza,Calle Huescar,36.718144763041565,-4.431351786337735,,40.0,privada,activa,,,
OCUP-0857,SORA TILDE,terraza,Calle Huescar,36.71837666702303,-4.431489766769736,,11.0,privada,activa,,,
OCUP-0858,MES?N LA ESTANCIA,terraza,Calle Huescar,36.7181003646137,-4.431702308171175,,19.0,privada,activa,,,
OCUP-0859,EL PARQUE DE HU?SCAR,terraza,Calle Huescar,36.718449127026915,-4.431885724890655,,35.0,privada,activa,,,
OCUP-0860,MARISQUER?A LAS NI?AS,terraza,Calle Huescar,36.718449127026915,-4.431885724890655,,29.0,privada,activa,,,
OCUP-0861,LA BOHEMIA,terraza,Calle Huescar,36.71847746579505,-4.432332007225584,,14.0,privada,activa,,,
OCUP-0862,BAR NUMA,terraza,Calle Huescar,36.71839278639823,-4.432371118732945,,28.0,privada,activa,,,
OCUP-0863,INMA CAF?,terraza,Calle Huescar,36.71865666081805,-4.4340054859431834,,18.0,privada,activa,,,
OCUP-0864,CAFETERIA LA PLAZA,terraza,Calle Huescar,36.71859535882276,-4.434309148787857,,18.0,privada,activa,,,
OCUP-0865,TIBURON IV,terraza,Calle Ibrahin,36.7297590165208,-4.441954412766647,,8.0,privada,activa,,,
OCUP-0866,LA ESQUINITA MALAGUE?A,terraza,Calle Ildefonso Marzo,36.69842087030625,-4.445124716418898,,10.0,privada,activa,,,
OCUP-0867,NUBE DOBLE,terraza,Calle Ildefonso Marzo,36.698138832502735,-4.445697929407539,,7.0,privada,activa,,,
OCUP-0868,CAFE BAR 20PAKA,terraza,Calle Ildefonso Marzo,36.697684464918815,-4.4462105557442495,,4.0,privada,activa,,,
OCUP-0869,TABERNA ANC? LOS PEDRILLOS,terraza,Calle Infantes,36.702085247409066,-4.437982838055187,,3.0,privada,activa,,,
OCUP-0870,LUNA,terraza,Calle Ingeniero de la Cierva,36.69801028652298,-4.4547155585123095,,32.0,privada,activa,,,
OCUP-0871,EL NAV?O,terraza,Calle Ingeniero de la Torre Acosta,36.720905627459615,-4.439755600896686,,16.0,privada,activa,,,
OCUP-0872,CERVECER?A LOS TRECE,terraza,Calle Ingeniero de la Torre Acosta,36.72044730487257,-4.438799199383735,,19.0,privada,activa,,,
OCUP-0873,CAFE BAR ONUVA,terraza,Calle Ingeniero de la Torre Acosta,36.72099800757011,-4.439312346267856,,18.0,privada,activa,,,
OCUP-0874,EL PICHINO,terraza,Calle Ingeniero Diaz Petersen,36.70355808368096,-4.446958897221208,,16.0,privada,activa,,,
OCUP-0875,HOLIDAY KEBAB,terraza,Calle Jaboneros,36.72170528051584,-4.429111598513754,,8.0,privada,activa,,,
OCUP-0876,CHURRERIA ROSA,terraza,Calle Jaboneros,36.72182179073666,-4.429105688655034,,3.0,privada,activa,,,
OCUP-0877,LOS YAYOS,terraza,Calle Jaboneros,36.723091072225124,-4.429016626996304,,4.0,privada,activa,,,
OCUP-0878,MARISQUERIA LI?AN,terraza,Calle Jaboneros,36.72324116359518,-4.428847372845922,,7.0,privada,activa,,,
OCUP-0879,CAFE BAR PANROMA,terraza,Calle Jacinto Verdaguer,36.710940593181725,-4.428144796640804,,13.0,privada,activa,,,
OCUP-0880,HAPPY HIPPO,terraza,Calle Jacob,36.72878155511714,-4.5477101223401455,,6.0,privada,activa,,,
OCUP-0881,EL DORADO,terraza,Calle Jano,36.723257721019316,-4.474957309784994,,40.0,privada,activa,,,
OCUP-0882,BAR LA TERRAZA,terraza,Calle Jerez Perchet,36.74525462144932,-4.419981568253533,,30.0,privada,activa,,,
OCUP-0883,ORIPANDO,terraza,Calle Jerez Perchet,36.74516223632152,-4.419794180292382,,16.0,privada,activa,,,
OCUP-0884,FRAGOLA,terraza,Calle Jerez Perchet,36.74507255904552,-4.4196049497095125,,18.0,privada,activa,,,
OCUP-0885,ALOHA,terraza,Calle Jerez Perchet,36.74493797408045,-4.419340833498462,,13.0,privada,activa,,,
OCUP-0886,HAMBURGUESER?A VALDI,terraza,Calle Jerez Perchet,36.74493797408045,-4.419340833498462,,11.0,privada,activa,,,
OCUP-0887,100% COFFEE,terraza,Calle Joaquin Rodrigo,36.6939128012428,-4.449147485957999,,15.0,privada,activa,,,
OCUP-0888,LA BODEGA DE AR?N,terraza,Calle Jonas,36.731878029635666,-4.416700745878282,,20.0,privada,activa,,,
OCUP-0889,BAR LOS DEL COLMENAR,terraza,Calle Jonas,36.73224408115519,-4.416462693955511,,86.0,privada,activa,,,
OCUP-0890,MALDITA DOLORES,terraza,Calle Jose Denis Belgrano,36.72178351385885,-4.419923686067682,,39.0,privada,activa,,,
OCUP-0891,PUERTO CRISTAL,terraza,Calle Jose Denis Belgrano,36.72204091711455,-4.419967705378862,,11.0,privada,activa,,,
OCUP-0892,ASADOR OVIDIO,terraza,Calle Jose Denis Belgrano,36.72216039487459,-4.419918115856963,,5.0,privada,activa,,,
OCUP-0893,KONAN BBQ,terraza,Calle Jose Denis Belgrano,36.72245311865011,-4.419646611174423,,12.0,privada,activa,,,
OCUP-0894,TABUL?,terraza,Calle Jose Denis Belgrano,36.72257366216143,-4.419500809253212,,9.0,privada,activa,,,
OCUP-0895,LA CARAVANA,terraza,Calle Jose Denis Belgrano,36.72253861096,-4.419457334054393,,6.0,privada,activa,,,
OCUP-0896,100 MONTADITOS,terraza,Calle Jose Iturbi,36.725727833046406,-4.4429064668903555,,71.0,privada,activa,,,
OCUP-0897,EL PEQUE?O BUDA,terraza,Calle Jose Iturbi,36.725727833046406,-4.4429064668903555,,7.0,privada,activa,,,
OCUP-0898,LA CASA DE ANYO,terraza,Calle Jose Iturbi,36.725727833046406,-4.4429064668903555,,46.0,privada,activa,,,
OCUP-0899,NORDIC COFFEE,terraza,Calle Jose Iturbi,36.72608440053031,-4.442858881202119,,35.0,privada,activa,,,
OCUP-0900,SUE?O PASTELERIA FRANCESA,terraza,Calle Jose Iturbi,36.72608440053031,-4.442858881202119,,9.0,privada,activa,,,
OCUP-0901,DIBOKA,terraza,Calle Jose Iturbi,36.72586960822296,-4.443417168856097,,28.0,privada,activa,,,
OCUP-0902,EL MONO VERDE,terraza,Calle Jose Iturbi,36.72586960822296,-4.443417168856097,,16.0,privada,activa,,,
OCUP-0903,SAOKO,terraza,Calle Jose Iturbi,36.72586960822296,-4.443417168856097,,28.0,privada,activa,,,
OCUP-0904,BODEGUITA HNOS PEREZ,terraza,Calle Jose Iturbi,36.72618912950584,-4.443217036520546,,20.0,privada,activa,,,
OCUP-0905,ROSARIO´S,terraza,Calle Jose Iturbi,36.72618912950584,-4.443217036520546,,29.0,privada,activa,,,
OCUP-0906,TAPEARTE,terraza,Calle Jose Iturbi,36.72618912950584,-4.443217036520546,,39.0,privada,activa,,,
OCUP-0907,AVIAO,terraza,Calle Jose Iturbi,36.72602211198923,-4.4439461133779075,,31.0,privada,activa,,,
OCUP-0908,IL PANINO,terraza,Calle Jose Iturbi,36.72602211198923,-4.4439461133779075,,29.0,privada,activa,,,
OCUP-0909,KOMILONA,terraza,Calle Jose Iturbi,36.72602211198923,-4.4439461133779075,,15.0,privada,activa,,,
OCUP-0910,TABERNA LA CAZUELA,terraza,Calle Jose Iturbi,36.72602211198923,-4.4439461133779075,,14.0,privada,activa,,,
OCUP-0911,CAFE SPLIT,terraza,Calle Jose Iturbi,36.72634940915209,-4.443790920417296,,14.0,privada,activa,,,
OCUP-0912,TABERNA INVERNALIA,terraza,Calle Jose Iturbi,36.72634940915209,-4.443790920417296,,6.0,privada,activa,,,
OCUP-0913,BAKU COCKTAILS FRIENDS,terraza,Calle Jose Iturbi,36.726453193248126,-4.444147224040817,,20.0,privada,activa,,,
OCUP-0914,LA PARTIDA,terraza,Calle Jose Maria Freuiller,36.72371168264171,-4.437341556923135,,21.0,privada,activa,,,
OCUP-0915,TOMATO BURGUER,terraza,Calle Jose Maria Freuiller,36.723720390101725,-4.438603726153196,,11.0,privada,activa,,,
OCUP-0916,SUSHI FLOWER,terraza,Calle Jovellanos,36.71275250748869,-4.430268851142145,,7.0,privada,activa,,,
OCUP-0917,EL CERRILLO,terraza,Calle Juan Bautista Barba,36.70878864102734,-4.440746703307935,,4.0,privada,activa,,,
OCUP-0918,KIMCHIBOWL,terraza,Calle Juan de Padilla,36.72274606489824,-4.421117808099522,,9.0,privada,activa,,,
OCUP-0919,CATRINA,terraza,Calle Juan de Padilla,36.72264974324672,-4.421139709427183,,9.0,privada,activa,,,
OCUP-0920,MALA M?A,terraza,Calle Juan de Padilla,36.72284087250215,-4.421025830081563,,10.0,privada,activa,,,
OCUP-0921,PRE PARTY,terraza,Calle Juan de Padilla,36.722729821992026,-4.421034147228651,,2.0,privada,activa,,,
OCUP-0922,TABU DRINKS & COFFEE,terraza,Calle Juan de Padilla,36.722794477632476,-4.420966349986761,,3.0,privada,activa,,,
OCUP-0923,BAIRES COFFEE AND DRINKS,terraza,Calle Juan de Padilla,36.72301541842205,-4.420911232870453,,11.0,privada,activa,,,
OCUP-0924,VERTICAL WINE BAR SHOP,terraza,Calle Juan de Padilla,36.72334009257782,-4.420724350883053,,6.0,privada,activa,,,
OCUP-0925,ZAS,terraza,Calle Juan de Padilla,36.72334009257782,-4.420724350883053,,5.0,privada,activa,,,
OCUP-0926,PALACIO NAZARI,terraza,Calle Juan de Padilla,36.72298178851041,-4.420853143283163,,6.0,privada,activa,,,
OCUP-0927,YOSU 23,terraza,Calle Juan de Padilla,36.723486666511896,-4.4205229281702625,,8.0,privada,activa,,,
OCUP-0928,CINECOM SANTA INES,terraza,Calle Juan de Rihuerga,36.726105450380295,-4.466444095759532,,26.0,privada,activa,,,
OCUP-0929,HORNOS VILLANUEVA,terraza,Calle Juan de Robles,36.721824794808114,-4.4612039140858615,,9.0,privada,activa,,,
OCUP-0930,MARISQUERIA EL ANZUELO,terraza,Calle Juan Frances Bosca,36.72678946295568,-4.466622379560962,,9.0,privada,activa,,,
OCUP-0931,AROMAS LOUNGE,terraza,Calle Juan Frances Bosca,36.72643021335085,-4.4689483733292334,,31.0,privada,activa,,,
OCUP-0932,MUSTANG,terraza,Calle Juan Frances Bosca,36.72626726907767,-4.470063618229372,,11.0,privada,activa,,,
OCUP-0933,CAFE MOSTACHE,terraza,Calle Juan Gris,36.70506972917125,-4.45471484756756,,5.0,privada,activa,,,
OCUP-0934,LA SULTANA,terraza,Calle Juan Gris,36.70560959674158,-4.454998948926838,,30.0,privada,activa,,,
OCUP-0935,AL SUR,terraza,Calle Quitapenas,36.71917128275775,-4.361199406985063,,43.0,privada,activa,,,
OCUP-0936,NEW ANUBIS,terraza,Calle Juan Gris,36.7057220989366,-4.45474674094049,,25.0,privada,activa,,,
OCUP-0937,HELADER?A BACIO DI LATTE,terraza,Calle Juan Martinez Monta?es,36.691818615357676,-4.456889229149471,,40.0,privada,activa,,,
OCUP-0938,EL RINCONCITO DE DOMI,terraza,Calle Juan Martinez Monta?es,36.69333940290553,-4.458217911754881,,15.0,privada,activa,,,
OCUP-0939,RESTAURANTE LOS CURROS,terraza,Calle Juan Montes Hoyo,36.75095080235852,-4.420766789244923,,18.0,privada,activa,,,
OCUP-0940,BAR ARCO IRIS,terraza,Calle Juan Montes Hoyo,36.75107251328975,-4.420666033550682,,7.0,privada,activa,,,
OCUP-0941,TERRAZA COCO CARAMBUCO,terraza,Calle Julio Caro Baroja,36.66571839944243,-4.498685427672491,,47.0,privada,activa,,,
OCUP-0942,urban poke,terraza,Calle Kandinsky,36.715409374289585,-4.463645067136151,,16.0,privada,activa,,,
OCUP-0943,PAMPA,terraza,Calle Kandinsky,36.71538242638632,-4.463845698505682,,20.0,privada,activa,,,
OCUP-0944,1947 GASTROBAR,terraza,Calle Kandinsky,36.71532400394527,-4.464268271139142,,21.0,privada,activa,,,
OCUP-0945,ADN TEATINOS,terraza,Calle Kandinsky,36.71532400394527,-4.464268271139142,,20.0,privada,activa,,,
OCUP-0946,GRILLAERA BURGER,terraza,Calle Kandinsky,36.71529159087065,-4.464512284918583,,41.0,privada,activa,,,
OCUP-0947,EL TEMPLO DE SANTI,terraza,Calle Kandinsky,36.71512771968514,-4.465597221696273,,15.0,privada,activa,,,
OCUP-0948,ZAKA,terraza,Calle Lazcano,36.722456669233715,-4.421200292664583,,3.0,privada,activa,,,
OCUP-0949,PUNTO DE FUGA - HOLLYWOOD,terraza,Calle Lazcano,36.72239813824774,-4.421184862147003,,3.0,privada,activa,,,
OCUP-0950,EL ENCUENTRO,terraza,Calle Leopoldo Alas Clarin,36.70740040522706,-4.434116552010926,,29.0,privada,activa,,,
OCUP-0951,KEBAB ANDALUZ,terraza,Calle Lope de Rueda,36.73669334990255,-4.479691385159366,,10.0,privada,activa,,,
OCUP-0952,BRAMASOLE PIZZERIAS,terraza,Calle Lope de Rueda,36.73943664950097,-4.481678729591886,,8.0,privada,activa,,,
OCUP-0953,EL RECREO,terraza,Calle Lope de Rueda,36.73807233601182,-4.480440587006886,,17.0,privada,activa,,,
OCUP-0954,CAFETERIA BAR PIOLA,terraza,Calle Lope de Rueda,36.73998195843089,-4.482059042092344,,11.0,privada,activa,,,
OCUP-0955,HAMBURG-PIZZER?A PICASSO,terraza,Calle Lorenza Correa,36.73855291938138,-4.422758431948832,,14.0,privada,activa,,,
OCUP-0956,CAFETER?A HEDA,terraza,Calle Lozano de Torres,36.72943498904759,-4.416094297134772,,8.0,privada,activa,,,
OCUP-0957,EL JARD?N DE NANI,terraza,Calle Lozano de Torres,36.73026108225744,-4.416135184835121,,15.0,privada,activa,,,
OCUP-0958,LA CASITA DE MAYKEL,terraza,Calle Lozano de Torres,36.730228594086576,-4.416327798057032,,11.0,privada,activa,,,
OCUP-0959,BAR EL BARRIO,terraza,Calle Luchana,36.726504236913534,-4.429118605688024,,10.0,privada,activa,,,
OCUP-0960,EL DESAFIO,terraza,Calle Luis Barahona de Soto,36.69359082158673,-4.444339741525328,,15.0,privada,activa,,,
OCUP-0961,RESTAURANTE EL ENVERO,terraza,Calle Luis Barahona de Soto,36.694951126542996,-4.443511844325427,,45.0,privada,activa,,,
OCUP-0962,CRUNCHY CHICKEN,terraza,Calle Marmoles,36.72164832631157,-4.4287355442199825,,4.0,privada,activa,,,
OCUP-0963,FOLKLORE CONTEMPOR?NEO,terraza,Calle Luis Barahona de Soto,36.69191227465021,-4.445843176837208,,17.0,privada,activa,,,
OCUP-0964,SUSHI BROS,terraza,Calle Luis Barahona de Soto,36.691103820807484,-4.4468054205306995,,27.0,privada,activa,,,
OCUP-0965,TARARIKETEVI,terraza,Calle Luis Barahona de Soto,36.69359082158673,-4.444339741525328,,15.0,privada,activa,,,
OCUP-0966,CAFETERIA NATURA PARK VIP,terraza,Calle Luis de Milan,36.71881912329667,-4.353926711377871,,18.0,privada,activa,,,
OCUP-0967,CASONA LOS MARANGOS,terraza,Calle Luis de Velazquez,36.72184504120279,-4.421495184930234,,43.0,privada,activa,,,
OCUP-0968,PEPA Y PEPE II,terraza,Calle Luis de Velazquez,36.72180944163247,-4.421474807591682,,30.0,privada,activa,,,
OCUP-0969,LA MALDITA,terraza,Calle Luis de Velazquez,36.722202038847506,-4.421191096121313,,9.0,privada,activa,,,
OCUP-0970,LA VIZNAGA,terraza,Calle Luis de Velazquez,36.722202038847506,-4.421191096121313,,8.0,privada,activa,,,
OCUP-0971,CAN CAN II,terraza,Calle Luis de Velazquez,36.72229860423682,-4.421073911545872,,11.0,privada,activa,,,
OCUP-0972,CAN CAN,terraza,Calle Luis de Velazquez,36.72224221890286,-4.421085303126214,,10.0,privada,activa,,,
OCUP-0973,RINC?N DE ANTONIO,terraza,Calle Macandel,36.71051810086192,-4.443572220388148,,30.0,privada,activa,,,
OCUP-0974,RESTAURANTE PROMESA,terraza,Calle Maestranza,36.71986069017247,-4.411427282678521,,38.0,privada,activa,,,
OCUP-0975,GASTROTECA DE CAM EMMA,terraza,Calle Maestranza,36.71959678891497,-4.408613423482899,,13.0,privada,activa,,,
OCUP-0976,CAFETER?A DIMPY,terraza,Calle Maestro Pablo Luna,36.72505028997222,-4.4438013456271985,,18.0,privada,activa,,,
OCUP-0977,LA HORA DEL TAPEO,terraza,Calle Maestro Pablo Luna,36.72505028997222,-4.4438013456271985,,9.0,privada,activa,,,
OCUP-0978,SAFFIR CAFE,terraza,Calle Maestro Pablo Luna,36.72505028997222,-4.4438013456271985,,18.0,privada,activa,,,
OCUP-0979,RINCON DEL TAPEO,terraza,Calle Maestro Pablo Luna,36.72527186951998,-4.443315362046477,,9.0,privada,activa,,,
OCUP-0980,CAFETERIA BORIS,terraza,Calle Maestro Pablo Luna,36.72496916789343,-4.443490241804137,,14.0,privada,activa,,,
OCUP-0981,BAR EL FARILLO,terraza,Calle Magistrado Salvador Barbera,36.724217773225064,-4.443994570667687,,8.0,privada,activa,,,
OCUP-0982,GAMBRINUS,terraza,Calle Manrique,36.72974637707416,-4.41554947050108,,27.0,privada,activa,,,
OCUP-0983,LA CAMPANA DEL CENACHERO,terraza,Calle Manuel de Falla,36.69456490637104,-4.449610298637979,,10.0,privada,activa,,,
OCUP-0984,ANCA ER MEJILLON,terraza,Calle Marcos Gomez,36.73111718339852,-4.415699289522292,,15.0,privada,activa,,,
OCUP-0985,GAUCHO GOURMET,terraza,Calle Margarita Xirgu,36.72185194511622,-4.4731427823551435,,17.0,privada,activa,,,
OCUP-0986,HELADERIA JUMAIS,terraza,Calle Margarita Xirgu,36.72185194511622,-4.4731427823551435,,55.0,privada,activa,,,
OCUP-0987,GOLDEN CAF?,terraza,Calle Margarita Xirgu,36.72177103255674,-4.4738778165309245,,38.0,privada,activa,,,
OCUP-0988,JALISCO,terraza,Calle Margarita Xirgu,36.72192358703929,-4.473885690803404,,18.0,privada,activa,,,
OCUP-0989,UNIVERSITAS CAFE,terraza,Calle Margarita Xirgu,36.721948298929014,-4.474143118112865,,40.0,privada,activa,,,
OCUP-0990,BAR LA HERRERIA,terraza,Calle Maria Tubau,36.74025555406121,-4.422597111443152,,7.0,privada,activa,,,
OCUP-0991,BAR ME DA LO MISMO,terraza,Calle Maria Tubau,36.74107518542847,-4.422475865569943,,7.0,privada,activa,,,
OCUP-0992,BODEGAS QUITAPENAS,terraza,Calle Marin Garcia,36.7193056079913,-4.422700337172073,,24.0,privada,activa,,,
OCUP-0993,LO GUENO,terraza,Calle Marin Garcia,36.71923995466963,-4.422015460042692,,18.0,privada,activa,,,
OCUP-0994,LA ALEGRIA,terraza,Calle Marin Garcia,36.71921350975129,-4.422300038151592,,22.0,privada,activa,,,
OCUP-0995,LA ALEGRIA,terraza,Calle Marin Garcia,36.71921350975129,-4.422300038151592,,11.0,privada,activa,,,
OCUP-0996,SALON BAR LO GUENO,terraza,Calle Marin Garcia,36.71920101082157,-4.422094454804052,,9.0,privada,activa,,,
OCUP-0997,LA CANASTA,terraza,Calle Marques de Larios,36.71910270636108,-4.421477961430893,,61.0,privada,activa,,,
OCUP-0998,Pizzer?a Carlos,terraza,Calle Martinez de la Rosa,36.72777216541103,-4.4428114873619355,,29.0,privada,activa,,,
OCUP-0999,STAR KEBAB.,terraza,Calle Martinez de la Rosa,36.728268466176615,-4.444468765186217,,16.0,privada,activa,,,
OCUP-1000,CAFETER?A HERMANOS MARTOS,terraza,Calle Martinez de la Rosa,36.72733012290364,-4.440955424314725,,15.0,privada,activa,,,
OCUP-1001,NEW TOKYO,terraza,Calle Martinez Maldonado,36.721542270722644,-4.431925233691655,,13.0,privada,activa,,,
OCUP-1002,A LA TURCA,terraza,Calle Martinez Maldonado,36.721536345831545,-4.432446314467525,,6.0,privada,activa,,,
OCUP-1003,MALDONADO 21,terraza,Calle Martinez Maldonado,36.72138662731667,-4.433720665971296,,13.0,privada,activa,,,
OCUP-1004,MADRE DE DIOS II,terraza,Calle Martinez Maldonado,36.72136584122585,-4.434275273867244,,9.0,privada,activa,,,
OCUP-1005,HELADERIA JIJONA,terraza,Calle Martinez Maldonado,36.72136609561874,-4.434541494351635,,26.0,privada,activa,,,
OCUP-1006,EURO KEBAB II,terraza,Calle Martinez Maldonado,36.721371924219454,-4.434760991373305,,17.0,privada,activa,,,
OCUP-1007,TABERNA LOS BARRIGONES,terraza,Calle Martinez Maldonado,36.721371924219454,-4.434760991373305,,19.0,privada,activa,,,
OCUP-1008,ROSARIO´S BURGUER PIZZA,terraza,Calle Martinez Maldonado,36.721361374898336,-4.4353797705662545,,15.0,privada,activa,,,
OCUP-1009,A LA TURCA RESTAURANT COFFE B,terraza,Calle Martinez Maldonado,36.721593946376494,-4.437519012843835,,18.0,privada,activa,,,
OCUP-1010,EL PINGONEO LAS CHAPAS,terraza,Calle Martinez Maldonado,36.721594049602984,-4.438940347287375,,11.0,privada,activa,,,
OCUP-1011,ABUELA POCHA,terraza,Calle Martinez Maldonado,36.72134790528801,-4.437508058105026,,10.0,privada,activa,,,
OCUP-1012,BAR RANEA II,terraza,Calle Martinez Maldonado,36.72134790528801,-4.437508058105026,,15.0,privada,activa,,,
OCUP-1013,KALUA HELADO ARTESANAL,terraza,Calle Martinez Maldonado,36.7216023772565,-4.440642372741706,,25.0,privada,activa,,,
OCUP-1014,CENTRAL FOOD MALAGA,terraza,Calle Martinez Maldonado,36.721357183485125,-4.438886998202296,,6.0,privada,activa,,,
OCUP-1015,RINCONCITO CATRACHO,terraza,Calle Martinez Maldonado,36.721345526738105,-4.439154899913326,,6.0,privada,activa,,,
OCUP-1016,BAR THAL?A´S,terraza,Calle Martinez Maldonado,36.7213577742006,-4.441480894690115,,14.0,privada,activa,,,
OCUP-1017,BOTTEGA,terraza,Calle Martires,36.72171317717466,-4.4230255873785715,,3.0,privada,activa,,,
OCUP-1018,D´LORENZO LOS TILOS,terraza,Calle Mauricio Moro Pareto,36.7137266984981,-4.434810573008845,,12.0,privada,activa,,,
OCUP-1019,"JOS?, HERENCIA DE COCINA",terraza,Calle Medellin,36.715413650060036,-4.427353182499794,,12.0,privada,activa,,,
OCUP-1020,CAFETERIA LOS GALVEZ,terraza,Calle Mefistofeles,36.70891785730124,-4.462822914223032,,46.0,privada,activa,,,
OCUP-1021,RESTAURANTE CHINO XIAO YU CUN,terraza,Calle Mendivil,36.71324887214626,-4.430660726846715,,25.0,privada,activa,,,
OCUP-1022,D´CUADROS,terraza,Calle Mendivil,36.7129311620994,-4.431946283655314,,64.0,privada,activa,,,
OCUP-1023,SALON DE JUEGO ADMIRAL,terraza,Calle Mendivil,36.712845755409084,-4.432284970117124,,86.0,privada,activa,,,
OCUP-1024,LA SANTA MARIA,terraza,Calle Mendoza,36.701818744866486,-4.434617925375274,,35.0,privada,activa,,,
OCUP-1025,LLENAHI,terraza,Calle Menorca,36.69185672492853,-4.452675854221101,,26.0,privada,activa,,,
OCUP-1026,MERCADO DE LA MERCED,terraza,Calle Merced,36.72412063802982,-4.417602308966601,,5.0,privada,activa,,,
OCUP-1027,"PUESTOS Nº 9, 10 Y 11",terraza,Calle Merced,36.7243018523634,-4.417425488973112,,7.0,privada,activa,,,
OCUP-1028,LA HIEDRA,terraza,Calle Mercedes Formica,36.659366415436935,-4.5056213591508945,,14.0,privada,activa,,,
OCUP-1029,SAZ?N,terraza,Calle Mesonero Romanos,36.72063573829815,-4.460423201525111,,47.0,privada,activa,,,
OCUP-1030,TEJERINGOS LAS DELICIAS,terraza,Calle Mesonero Romanos,36.72063573829815,-4.460423201525111,,25.0,privada,activa,,,
OCUP-1031,TOMIKAYA,terraza,Calle Mesonero Romanos,36.72063573829815,-4.460423201525111,,21.0,privada,activa,,,
OCUP-1032,BAR GINEBRA,terraza,Calle Mexico,36.72213030710087,-4.445714112920897,,14.0,privada,activa,,,
OCUP-1033,HELADERIA JIJONA 2,terraza,Calle Mexico,36.72213030710087,-4.445714112920897,,25.0,privada,activa,,,
OCUP-1034,QUINTOQUARTO,terraza,Calle Miguel de Merida Nicolich,36.6821464289286,-4.459570396774323,,225.0,privada,activa,,,
OCUP-1035,ROPER,terraza,Calle Miguel Moya,36.72056009688985,-4.360475183691201,,11.0,privada,activa,,,
OCUP-1036,MARISQUER?A JUANI(MERCADO),terraza,Calle Miguel Moya,36.72050997030989,-4.360748473197211,,5.0,privada,activa,,,
OCUP-1037,SALA PREMIER,terraza,Calle Molina Lario,36.72124978798894,-4.420208166025164,,24.0,privada,activa,,,
OCUP-1038,TERRA MIA,terraza,Calle Molina Lario,36.721200651755275,-4.420136416428783,,9.0,privada,activa,,,
OCUP-1039,LOS MARANGOS MOLINA LARIO,terraza,Calle Molina Lario,36.72109124266685,-4.420193558155642,,10.0,privada,activa,,,
OCUP-1040,SHERLOCK HOLMES,terraza,Calle Molina Lario,36.72109124266685,-4.420193558155642,,11.0,privada,activa,,,
OCUP-1041,PUERTA OSCURA,terraza,Calle Molina Lario,36.721014327179766,-4.420124656675683,,3.0,privada,activa,,,
OCUP-1042,LA MAQUINA,terraza,Calle Molina Lario,36.719348400247355,-4.419817422250812,,68.0,privada,activa,,,
OCUP-1043,MIRATY'S,terraza,Calle Molino Linares,36.668282473618284,-4.503418658016292,,10.0,privada,activa,,,
OCUP-1044,PIZZER?A LA NENINA,terraza,Calle Montserrat Roig,36.733625357203344,-4.434258094180415,,51.0,privada,activa,,,
OCUP-1045,TGB,terraza,Calle Moreno Monroy,36.72045386580542,-4.421252535733322,,19.0,privada,activa,,,
OCUP-1046,VERTICAL-VINOTECA MORENO,terraza,Calle Moreno Monroy,36.72045386580542,-4.421252535733322,,7.0,privada,activa,,,
OCUP-1047,SUSHITA,terraza,Calle Moreno Monroy,36.72041940865867,-4.421272580988152,,21.0,privada,activa,,,
OCUP-1048,LA BURGUESITA,terraza,Calle Moreno Monroy,36.72044966652222,-4.421060362439323,,9.0,privada,activa,,,
OCUP-1049,COMPARTE GASTROBAR,terraza,Calle Moreno Monroy,36.72041381114066,-4.421148704290003,,3.0,privada,activa,,,
OCUP-1050,HELADERIA INMA,terraza,Calle Moreti,36.698741994813126,-4.445617448264397,,20.0,privada,activa,,,
OCUP-1051,LAS MERCHANAS,terraza,Calle Mosquera,36.72262417776369,-4.422291967183944,,3.0,privada,activa,,,
OCUP-1052,MARISCOS LA OLHA ARROCES,terraza,Calle Mu?oz Degrain,36.70570761969223,-4.434943622849387,,6.0,privada,activa,,,
OCUP-1053,LOS MARANG?S-COMPA??A,terraza,Calle Muro de Puerta Nueva,36.72127551440545,-4.424644679775044,,18.0,privada,activa,,,
OCUP-1054,RESTAURANTE HELAS,terraza,Calle Muro de Puerta Nueva,36.72113450189548,-4.424642893828263,,7.0,privada,activa,,,
OCUP-1055,EL MURO,terraza,Calle Muro de San Julian,36.72354265872585,-4.422607247260843,,8.0,privada,activa,,,
OCUP-1056,SUSHI KO,terraza,Calle Muro de San Julian,36.723572306778465,-4.422520976159203,,8.0,privada,activa,,,
OCUP-1057,PAR?NTESIS,terraza,Calle Muro de San Julian,36.723984736483644,-4.421048366757581,,17.0,privada,activa,,,
OCUP-1058,LA PIK? TEATINOS,terraza,Calle Navarro Ledesma,36.72545625903544,-4.464490180206772,,27.0,privada,activa,,,
OCUP-1059,BAR LA CARRETERA,terraza,Calle Navarro Ledesma,36.725178667106015,-4.466594178389373,,9.0,privada,activa,,,
OCUP-1060,YOYMI,terraza,Calle Neftali,36.71537080899628,-4.437807012497596,,7.0,privada,activa,,,
OCUP-1061,CAFETERIA DONDE PAQUI,terraza,Calle Ni?o de Gloria,36.700751328941735,-4.448996402919528,,5.0,privada,activa,,,
OCUP-1062,LOS MARANG?S - NI?O DE GUEVARA,terraza,Calle Ni?o de Guevara,36.72239963894324,-4.419409886954202,,15.0,privada,activa,,,
OCUP-1063,FRANCESCA,terraza,Calle Ni?o de Guevara,36.72235144922429,-4.419242807785721,,3.0,privada,activa,,,
OCUP-1064,LA TABERNA DE P,terraza,Calle Nosquera,36.72280656063311,-4.421880436119112,,3.0,privada,activa,,,
OCUP-1065,RAMEN NOGACU,terraza,Calle Nosquera,36.72280656063311,-4.421880436119112,,4.0,privada,activa,,,
OCUP-1066,NOGACU RAMEN,terraza,Calle Nosquera,36.72280656063311,-4.421880436119112,,3.0,privada,activa,,,
OCUP-1067,DE UNA,terraza,Calle Nosquera,36.72288060529068,-4.422039491888561,,5.0,privada,activa,,,
OCUP-1068,SMILE INC,terraza,Calle Nosquera,36.722946514873065,-4.422115898614453,,9.0,privada,activa,,,
OCUP-1069,BAKKANO 2.0,terraza,Calle Nosquera,36.72321267302167,-4.4223534703760725,,18.0,privada,activa,,,
OCUP-1070,LA BACANAL,terraza,Calle Nosquera,36.72327630838054,-4.422508534003453,,10.0,privada,activa,,,
OCUP-1071,ENTREVARALES,terraza,Calle Nosquera,36.72327630838054,-4.422508534003453,,41.0,privada,activa,,,
OCUP-1072,SPRITZ BAR,terraza,Calle Nosquera,36.72340955095658,-4.422658366180872,,10.0,privada,activa,,,
OCUP-1073,BAR JUANI,terraza,Calle Nu?ez Vela,36.72352590844619,-4.4514396114526384,,13.0,privada,activa,,,
OCUP-1074,CALIMERO,terraza,Calle Nuestra Se?ora de las Candelas,36.68698034164594,-4.448199262406639,,26.0,privada,activa,,,
OCUP-1075,CAFETER?A 3 NACIONES,terraza,Calle Nuestra Se?ora de las Candelas,36.68696751223993,-4.448807322945907,,18.0,privada,activa,,,
OCUP-1076,CAFETER?A LAS CANDELAS,terraza,Calle Nuestra Se?ora de las Candelas,36.687430537981164,-4.44966005455692,,11.0,privada,activa,,,
OCUP-1077,EL PESCAITO DE NICOLAS,terraza,Calle Nuestra Se?ora de los Clarines,36.72972791093258,-4.440036457236866,,39.0,privada,activa,,,
OCUP-1078,KEKA?A,terraza,Calle Nuestra Se?ora de los Clarines,36.73021374866822,-4.439595187078236,,23.0,privada,activa,,,
OCUP-1079,LA CANDELARIA,terraza,Calle Nuestra Se?ora de los Clarines,36.730535317976205,-4.439264635992755,,30.0,privada,activa,,,
OCUP-1080,CAFE BAR ESPERANZA,terraza,Calle Nuzas,36.73018436674134,-4.468666748061253,,27.0,privada,activa,,,
OCUP-1081,TU SITIO,terraza,Calle Nuzas,36.73041829409609,-4.469968438142973,,81.0,privada,activa,,,
OCUP-1082,REY DONER KEBAB-PIZZAS,terraza,Calle Nuzas,36.73041829409609,-4.469968438142973,,20.0,privada,activa,,,
OCUP-1083,CAF?-BAR REP??LICA DE LUQUE,terraza,Calle O'donnell,36.72235846877328,-4.437360221423828,,9.0,privada,activa,,,
OCUP-1084,NOMADAS TAKE AWAY,terraza,Calle Obsidiana,36.71011606334623,-4.45670745890209,,62.0,privada,activa,,,
OCUP-1085,LA MAR DE BUENO,terraza,Calle Olozaga,36.718984105335046,-4.4244269058275725,,22.0,privada,activa,,,
OCUP-1086,BEL?SIMO,terraza,Calle Olozaga,36.71880191761512,-4.424307498062654,,11.0,privada,activa,,,
OCUP-1087,MARISQUERO,terraza,Calle Olozaga,36.71880191761512,-4.424307498062654,,25.0,privada,activa,,,
OCUP-1088,CAFETERIA BAR SAN LUIS,terraza,Calle Orotava la,36.70707985442021,-4.4750833718093945,,8.0,privada,activa,,,
OCUP-1089,LA TAPERIA DEL SUR,terraza,Calle Orotava la,36.70695254156037,-4.475165552113886,,8.0,privada,activa,,,
OCUP-1090,LA PERA,terraza,Calle Pablo Gargallo,36.72194834912163,-4.4684066695903235,,17.0,privada,activa,,,
OCUP-1091,DES-MONTADOS,terraza,Calle Pacifico,36.69305359901943,-4.440778544987476,,12.0,privada,activa,,,
OCUP-1092,PX WINES SPIRITS,terraza,Calle Pacifico,36.698871099659385,-4.436545531576977,,70.0,privada,activa,,,
OCUP-1093,EL PIROPO RESTAURANTE,terraza,Calle Pacifico,36.698624497082925,-4.4366946717933855,,44.0,privada,activa,,,
OCUP-1094,LA MAFIA,terraza,Calle Pacifico,36.698624497082925,-4.4366946717933855,,80.0,privada,activa,,,
OCUP-1095,MALACCA PACIFIC,terraza,Calle Pacifico,36.698624497082925,-4.4366946717933855,,49.0,privada,activa,,,
OCUP-1096,BURGUER KING,terraza,Calle Pacifico,36.69736063935557,-4.4378672094076075,,32.0,privada,activa,,,
OCUP-1097,KFC (KENTUCKY FRIED CHICKEN),terraza,Calle Pacifico,36.69736063935557,-4.4378672094076075,,74.0,privada,activa,,,
OCUP-1098,MAITEHN HELADER?A,terraza,Calle Pacifico,36.696066242713,-4.438793261088207,,60.0,privada,activa,,,
OCUP-1099,MEDITERRANEO PLAYA CAFE BAR,terraza,Calle Pacifico,36.695660119793814,-4.439092769006936,,46.0,privada,activa,,,
OCUP-1100,MOBIDICK,terraza,Calle Pacifico,36.695660119793814,-4.439092769006936,,50.0,privada,activa,,,
OCUP-1101,SICILIA BEDDA,terraza,Calle Pacifico,36.695660119793814,-4.439092769006936,,24.0,privada,activa,,,
OCUP-1102,CAMPEROS CHE BOLU,terraza,Calle Pacifico,36.69487497519783,-4.439653898373287,,66.0,privada,activa,,,
OCUP-1103,HELADERIA MARCELLO,terraza,Calle Pacifico,36.69449487160629,-4.4397365850230885,,22.0,privada,activa,,,
OCUP-1104,ZAKAYA,terraza,Calle Pacifico,36.69449487160629,-4.4397365850230885,,55.0,privada,activa,,,
OCUP-1105,BARE NOSTRUM,terraza,Calle Pacifico,36.69449487160629,-4.4397365850230885,,52.0,privada,activa,,,
OCUP-1106,TERRA MIA,terraza,Calle Pacifico,36.69449487160629,-4.4397365850230885,,61.0,privada,activa,,,
OCUP-1107,MASS OVEN GRILL,terraza,Calle Pacifico,36.693760161747925,-4.440351658985137,,59.0,privada,activa,,,
OCUP-1108,OCEAN DRIVE,terraza,Calle Pacifico,36.693305338729914,-4.4406276827363955,,28.0,privada,activa,,,
OCUP-1109,100 MONTADITOS,terraza,Calle Pacifico,36.69305359901943,-4.440778544987476,,63.0,privada,activa,,,
OCUP-1110,NOODELS PAC?FICO,terraza,Calle Pacifico,36.6922519523343,-4.441265034699846,,40.0,privada,activa,,,
OCUP-1111,LA DOLCE VITA,terraza,Calle Pacifico,36.690514133262425,-4.442288923833006,,72.0,privada,activa,,,
OCUP-1112,ASADOR TORRE MONICA,terraza,Calle Pacifico,36.68991002344372,-4.4426429650634685,,30.0,privada,activa,,,
OCUP-1113,HAMBURGUESERIA EL YANKEE,terraza,Calle Padre Lerchundi,36.71996205878725,-4.355365833551572,,5.0,privada,activa,,,
OCUP-1114,EL RETORNO,terraza,Calle Palma del Rio,36.688727465016726,-4.455642700429,,47.0,privada,activa,,,
OCUP-1115,LA GOURMETECA,terraza,Calle Palma del Rio,36.688727465016726,-4.455642700429,,47.0,privada,activa,,,
OCUP-1116,PIZZER?A EL ITALIANO,terraza,Calle Palma del Rio,36.68759579047964,-4.4563777524379296,,47.0,privada,activa,,,
OCUP-1117,MARISQUERIA LOS PATIOS,terraza,Calle Palma del Rio,36.68711262079038,-4.45669007634026,,64.0,privada,activa,,,
OCUP-1118,LOS PUNTALES RESTAURANTE,terraza,Calle Paris,36.70003734027786,-4.472692137000332,,28.0,privada,activa,,,
OCUP-1119,CAFE BAR VICENTE,terraza,Calle Parroco Don Juan Estrada Castro,36.728883104945844,-4.42082541742536,,28.0,privada,activa,,,
OCUP-1120,LA CANASTA,terraza,Calle Pastora,36.7181656234908,-4.423499547157923,,18.0,privada,activa,,,
OCUP-1121,CAFETERIA LA CANASTA,terraza,Calle Pastora,36.71806283549479,-4.423439293366024,,18.0,privada,activa,,,
OCUP-1122,EL PALENQUE,terraza,Calle Pe?a de Francia,36.674429255084696,-4.472447217871994,,5.0,privada,activa,,,
OCUP-1123,BAR LA MARINA,terraza,Calle Pedro de Mena,36.71750461004984,-4.421793991645632,,15.0,privada,activa,,,
OCUP-1124,EBOKA,terraza,Calle Pedro de Toledo,36.720900836768344,-4.418105484005712,,16.0,privada,activa,,,
OCUP-1125,OSTERIA ANGELINO 1899,terraza,Calle Pedro de Toledo,36.720900836768344,-4.418105484005712,,9.0,privada,activa,,,
OCUP-1126,BAR JESI,terraza,Calle Pedro Gomez Chaix,36.71785578021931,-4.440773493692926,,14.0,privada,activa,,,
OCUP-1127,LO DE AINARA,terraza,Calle Pedro Gomez Chaix,36.71785578021931,-4.440773493692926,,18.0,privada,activa,,,
OCUP-1128,EL CATETO,terraza,Calle Pedro de Lobo,36.74628806534911,-4.4158886692187815,,27.0,privada,activa,,,
OCUP-1129,TAPERIA PELAYO,terraza,Calle Pelayo,36.72201915086759,-4.432496192274315,,2.0,privada,activa,,,
OCUP-1130,CAFETERIA PELAYO 23,terraza,Calle Pelayo,36.72354863721765,-4.432392634307865,,14.0,privada,activa,,,
OCUP-1131,PIZZERIA LA TOSCANA,terraza,Calle Pico de las Palomas,36.69593844376444,-4.442858713610607,,17.0,privada,activa,,,
OCUP-1132,TAPERIA ESHAPAY?,terraza,Calle Pindaro,36.71982284436907,-4.482608171495535,,20.0,privada,activa,,,
OCUP-1133,BORAKAY,terraza,Calle Pindaro,36.720671712893235,-4.4794715922458055,,46.0,privada,activa,,,
OCUP-1134,BURGUER PIZZA ALI,terraza,Calle Pintor Berrobianco Melendez,36.70934530894817,-4.444047618641448,,21.0,privada,activa,,,
OCUP-1135,PIZZER?A NAPOLITANA,terraza,Calle Pirandello,36.71760324066907,-4.461835725197041,,12.0,privada,activa,,,
OCUP-1136,HELADERIA ARTESANAL PIRANDELLO,terraza,Calle Pirandello,36.71716566972899,-4.462100844644601,,21.0,privada,activa,,,
OCUP-1137,MARISQUER?A EL PALE?O,terraza,Calle Pirandello,36.71716566972899,-4.462100844644601,,17.0,privada,activa,,,
OCUP-1138,MI CHIOTA,terraza,Calle Pirandello,36.71716566972899,-4.462100844644601,,21.0,privada,activa,,,
OCUP-1139,RESTAURANTE TABERNA LA RAIZ,terraza,Calle Pirandello,36.71716566972899,-4.462100844644601,,35.0,privada,activa,,,
OCUP-1140,ETERNAL,terraza,Calle Pirandello,36.71645850133805,-4.462129976262972,,97.0,privada,activa,,,
OCUP-1141,CHUPAYTIRA,terraza,Calle Pirandello,36.715953958083816,-4.462309325200291,,115.0,privada,activa,,,
OCUP-1142,MATACOPAS,terraza,Calle Pirandello,36.715953958083816,-4.462309325200291,,31.0,privada,activa,,,
OCUP-1143,RECESO TABERNA URBANA,terraza,Calle Pirandello,36.715953958083816,-4.462309325200291,,78.0,privada,activa,,,
OCUP-1144,EL PINCHI,terraza,Calle Platero,36.72859793982468,-4.4388099637672065,,23.0,privada,activa,,,
OCUP-1145,NARVAL COPAS,terraza,Calle Playa del Chanquete,36.7176313577869,-4.352243284406909,,37.0,privada,activa,,,
OCUP-1146,HELADOS CREMADES,terraza,Calle Playa del Chanquete,36.71758902017446,-4.351669429148942,,57.0,privada,activa,,,
OCUP-1147,BAR ANTONIO,terraza,Calle Playa del Chanquete,36.71745234822152,-4.35110769196689,,60.0,privada,activa,,,
OCUP-1148,REST. SHERIF PLAYA,terraza,Calle Playa del Chanquete,36.717359270417994,-4.35047684563714,,52.0,privada,activa,,,
OCUP-1149,MAKIAN BEACH,terraza,Calle Playa del Chanquete,36.717320377843855,-4.350251203169241,,65.0,privada,activa,,,
OCUP-1150,BAR LOS PARALES,terraza,Calle Playa del Chanquete,36.71734310824237,-4.3498404716198396,,70.0,privada,activa,,,
OCUP-1151,RESTAURANTE VICTORIA,terraza,Calle Playa del Chanquete,36.717144759237954,-4.349478483380889,,80.0,privada,activa,,,
OCUP-1152,PIRI-PIRI,terraza,Calle Playa del Chanquete,36.717065458340144,-4.34921331140384,,143.0,privada,activa,,,
OCUP-1153,EL TINTERO,terraza,Calle Playa del Chanquete,36.7167455331319,-4.3481471040393105,,450.0,privada,activa,,,
OCUP-1154,ASOCIACION GASTRONOMICA RINCON,terraza,Calle Playa Virginia,36.71776393078835,-4.349176468421871,,30.0,privada,activa,,,
OCUP-1155,BAR BODEGA HERMANOS MADRID,terraza,Calle Poeta Salvador Ibarra Espa?a,36.732813199405115,-4.430812996419965,,24.0,privada,activa,,,
OCUP-1156,BAJO CERO,terraza,Calle Portazgo,36.73467353401847,-4.415697580408531,,13.0,privada,activa,,,
OCUP-1157,EL REFECTORIUM,terraza,Calle Postigo de los Abades,36.71970081970916,-4.419111380067941,,26.0,privada,activa,,,
OCUP-1158,LA PARRILLA,terraza,Calle Postigo de los Abades,36.71970081970916,-4.419111380067941,,19.0,privada,activa,,,
OCUP-1159,EL VEGETARIANO DE ALCAZABILLA,terraza,Calle Pozo del Rey,36.72209570938111,-4.416875368705481,,16.0,privada,activa,,,
OCUP-1160,LA ESQUINA,terraza,Calle Praga,36.7232966637671,-4.5429974324202425,,56.0,privada,activa,,,
OCUP-1161,H10 CROMA MALAGA,terraza,Calle Prim,36.71790729963931,-4.425319008195493,,109.0,privada,activa,,,
OCUP-1162,RUB,terraza,Calle Princesa,36.700644231795245,-4.436495061005526,,30.0,privada,activa,,,
OCUP-1163,Taberna Deskaro,terraza,Calle Princesa,36.701192923045966,-4.437633111266717,,24.0,privada,activa,,,
OCUP-1164,LA CUEVA DE 1900,terraza,Calle Puerta del Mar,36.71899937053474,-4.422977780925892,,37.0,privada,activa,,,
OCUP-1165,ANSERINI,terraza,Calle Puerta del Mar,36.71887341854501,-4.423075989312304,,14.0,privada,activa,,,
OCUP-1166,BASICS GOIKO,terraza,Calle Puerta del Mar,36.71870380875002,-4.423022565167272,,10.0,privada,activa,,,
OCUP-1167,LA BELLA JULIETA,terraza,Calle Puerta del Mar,36.71803388555256,-4.422798670229324,,5.0,privada,activa,,,
OCUP-1168,HIERBABUENA,terraza,Calle Puerta Nueva,36.72132715352912,-4.424762090946523,,26.0,privada,activa,,,
OCUP-1169,HIERBABUENA I,terraza,Calle Puerta Nueva,36.72132715352912,-4.424762090946523,,26.0,privada,activa,,,
OCUP-1170,RESTAURANTE HIERBABUENA,terraza,Calle Puerta Nueva,36.72132715352912,-4.424762090946523,,43.0,privada,activa,,,
OCUP-1171,TABERNA FARMACIA EL GLOBO,terraza,Calle Puerta Nueva,36.721423398437814,-4.424771728481702,,32.0,privada,activa,,,
OCUP-1172,RESTAURANTE MIGUEL,terraza,Calle Puerto,36.72018224672394,-4.409303329729529,,14.0,privada,activa,,,
OCUP-1173,ELIAS Y LOLI,terraza,Calle Puerto Oncala,36.702031941657076,-4.452261779788369,,17.0,privada,activa,,,
OCUP-1174,EL RINC?N DE JOAQU?N,terraza,Calle Quasimodo,36.710770769349246,-4.4650528138303525,,14.0,privada,activa,,,
OCUP-1175,CASA AMIGOS PLAYA,terraza,Calle Quitapenas,36.71928471557459,-4.3649700291115625,,127.0,privada,activa,,,
OCUP-1176,ASOCIACION LA PE?A LA PLAYA,terraza,Calle Quitapenas,36.71901137377959,-4.36010525653048,,133.0,privada,activa,,,
OCUP-1177,HAMBURGUESERIA MARUCHI,terraza,Calle Quitapenas,36.71901676396468,-4.35988988670734,,20.0,privada,activa,,,
OCUP-1178,LA CONCHA,terraza,Calle Quitapenas,36.71899130471385,-4.3596912608924425,,80.0,privada,activa,,,
OCUP-1179,GRAN CAFE DE EL PALO,terraza,Calle Quitapenas,36.718944696117305,-4.359394892846441,,97.0,privada,activa,,,
OCUP-1180,LULU,terraza,Calle Quitapenas,36.71925085534194,-4.36409716373962,,14.0,privada,activa,,,
OCUP-1181,EL ZAGAL,terraza,Calle Quitapenas,36.7192106677443,-4.363267781164902,,110.0,privada,activa,,,
OCUP-1182,EL RONQUEO,terraza,Calle Quitapenas,36.719183446222786,-4.361831125357193,,33.0,privada,activa,,,
OCUP-1183,HELADERIA CAZORLA,terraza,Calle Quitapenas,36.719182800795764,-4.361714943961102,,41.0,privada,activa,,,
OCUP-1184,RESTAURANTE GABI,terraza,Calle Quitapenas,36.71920968100238,-4.361591981158922,,124.0,privada,activa,,,
OCUP-1185,RADICI,terraza,Calle Ramon Franquelo,36.722994908929614,-4.419301023125872,,11.0,privada,activa,,,
OCUP-1186,TEPITO,terraza,Calle Ramon Franquelo,36.72309384225354,-4.419286315272623,,10.0,privada,activa,,,
OCUP-1187,DRUNKORAMA,terraza,Calle Ramon Franquelo,36.723185887875246,-4.4192316061028425,,14.0,privada,activa,,,
OCUP-1188,LOS MARANGOS ?LAMOS,terraza,Calle Ramon Franquelo,36.72335419724663,-4.419066065852992,,24.0,privada,activa,,,
OCUP-1189,IGUANA BAR,terraza,Calle Ramon Franquelo,36.723193340208645,-4.419097932039053,,5.0,privada,activa,,,
OCUP-1190,WOOCOCO,terraza,Calle Ramon Franquelo,36.72325634314343,-4.419042408524342,,9.0,privada,activa,,,
OCUP-1191,PALERMO COFFEE,terraza,Calle Ramos Marin,36.72441005421414,-4.418572787810011,,22.0,privada,activa,,,
OCUP-1192,CAZUELA DE ROCK,terraza,Calle Realenga de San Luis,36.69405536675336,-4.448728866484129,,46.0,privada,activa,,,
OCUP-1193,GULATER?A,terraza,Calle Realenga de San Luis,36.693778836266944,-4.448897634890729,,18.0,privada,activa,,,
OCUP-1194,PASTEL PAN,terraza,Calle Realenga de San Luis,36.693407419164814,-4.44886596481452,,22.0,privada,activa,,,
OCUP-1195,BAR YOLANDA,terraza,Calle Reboul,36.709114898088814,-4.440875342167307,,8.0,privada,activa,,,
OCUP-1196,TABERNA ALASKA,terraza,Calle Reboul,36.708623309650854,-4.441603718802476,,54.0,privada,activa,,,
OCUP-1197,LA BARRITA DE MARITA,terraza,Calle Reding,36.71739582435743,-4.4114674563698,,27.0,privada,activa,,,
OCUP-1198,RESTAURANTE LOS DELFINES,terraza,Calle Reding,36.71739582435743,-4.4114674563698,,71.0,privada,activa,,,
OCUP-1199,LA ARTESANA,terraza,Calle Reding,36.71717850886899,-4.4117088917995915,,45.0,privada,activa,,,
OCUP-1200,SACROMONTE TAPAS,terraza,Calle Reding,36.717528067401304,-4.4112075344934505,,23.0,privada,activa,,,
OCUP-1201,BUENAGUETA,terraza,Calle Reding,36.71742108042608,-4.411325349949262,,40.0,privada,activa,,,
OCUP-1202,BAR EL OLEAJE,terraza,Calle Rio Alcarrache,36.706989722482575,-4.437900248786885,,8.0,privada,activa,,,
OCUP-1203,HELADERIA VALENTINO,terraza,Calle Rio Guadiana,36.71359577030112,-4.450701131419679,,14.0,privada,activa,,,
OCUP-1204,KIWITA VIBES,terraza,Calle Rio Rocio,36.70506804543969,-4.435711060875237,,12.0,privada,activa,,,
OCUP-1205,CASA JUAN,terraza,Calle Rio Rocio,36.7048170212051,-4.435308056558765,,68.0,privada,activa,,,
OCUP-1206,EL MUNDO DEL CAMPERO,terraza,Calle Rio Rocio,36.7048170212051,-4.435308056558765,,20.0,privada,activa,,,
OCUP-1207,LA CALLEJERA,terraza,Calle Rio Rocio,36.7048170212051,-4.435308056558765,,98.0,privada,activa,,,
OCUP-1208,ER PICHI DE C?I,terraza,Calle Rio Rocio,36.70447244702043,-4.434744248828915,,49.0,privada,activa,,,
OCUP-1209,TABOO HUELIN,terraza,Calle Rio Rocio,36.70447244702043,-4.434744248828915,,32.0,privada,activa,,,
OCUP-1210,TANO'S,terraza,Calle Rio Rocio,36.70447244702043,-4.434744248828915,,76.0,privada,activa,,,
OCUP-1211,OKRAS,terraza,Calle Rio Rocio,36.704026005467,-4.4340491759945975,,29.0,privada,activa,,,
OCUP-1212,SALA PREMIER,terraza,Calle Rio Rocio,36.704026005467,-4.4340491759945975,,77.0,privada,activa,,,
OCUP-1213,TANOS´S BAR,terraza,Calle Rio Rocio,36.704026005467,-4.4340491759945975,,38.0,privada,activa,,,
OCUP-1214,PIZZERIA REST. LA FAVORITA,terraza,Calle Rio Rocio,36.703646616954266,-4.433428110445105,,145.0,privada,activa,,,
OCUP-1215,Los Primos,terraza,Calle Robinson Crusoe,36.708864192369184,-4.463713991871322,,25.0,privada,activa,,,
OCUP-1216,TURKISH,terraza,Calle Robinson Crusoe,36.70982155313837,-4.463474007512992,,16.0,privada,activa,,,
OCUP-1217,CAFE BAR LAS NI?AS,terraza,Calle Rogelio Oliva,36.66426379837435,-4.4612565800769115,,36.0,privada,activa,,,
OCUP-1218,MALAGA BUS 1,terraza,Calle Roger de Flor,36.71274155784098,-4.433035344062785,,53.0,privada,activa,,,
OCUP-1219,GRANIER PANES ARTESANOS,terraza,Calle Roger de Flor,36.712823843630865,-4.432918764426205,,30.0,privada,activa,,,
OCUP-1220,RESTAURANTE GANGNAM,terraza,Calle Roger de Flor,36.713084878154675,-4.433068834673466,,30.0,privada,activa,,,
OCUP-1221,CAF? IB?RICO,terraza,Calle Roger de Flor,36.71333854245426,-4.433214122720826,,61.0,privada,activa,,,
OCUP-1222,YOLIMAR,terraza,Calle Romero del,36.73255334916768,-4.570853477379461,,29.0,privada,activa,,,
OCUP-1223,PIZZERIA BAHIA,terraza,Calle Rotonda de Suarez,36.72931239148821,-4.443632415201086,,17.0,privada,activa,,,
OCUP-1224,100 MONTADITOS,terraza,Calle Sagasta,36.71891840951955,-4.423634829782342,,35.0,privada,activa,,,
OCUP-1225,LA BARRA DE ZAPATA,terraza,Calle Salinas,36.72016953296149,-4.420923153826472,,4.0,privada,activa,,,
OCUP-1226,LA MARCA,terraza,Calle Salitre,36.71451420260732,-4.426594099569984,,39.0,privada,activa,,,
OCUP-1227,BASE9,terraza,Calle Salitre,36.713911630265315,-4.426780061151285,,22.0,privada,activa,,,
OCUP-1228,LA REGA??-MAMAY,terraza,Calle Salitre,36.71396659651729,-4.4271329860241435,,33.0,privada,activa,,,
OCUP-1229,DAMASCO,terraza,Calle Salitre,36.71271289732655,-4.4280028714070845,,11.0,privada,activa,,,
OCUP-1230,DA NONNA PEPPA,terraza,Calle Salvago,36.721226190800095,-4.423015312703132,,15.0,privada,activa,,,
OCUP-1231,CANELA FINA,terraza,Calle Salvago,36.721162493898035,-4.423067408621973,,48.0,privada,activa,,,
OCUP-1232,SANTA COFFEE,terraza,Calle San Agustin,36.72114851711772,-4.419123804500931,,19.0,privada,activa,,,
OCUP-1233,CAFE DE LA ABUELA,terraza,Calle San Agustin,36.72127269991576,-4.418889645947832,,26.0,privada,activa,,,
OCUP-1234,JULIA,terraza,Calle San Agustin,36.72150350581203,-4.418760966243562,,14.0,privada,activa,,,
OCUP-1235,RESTAURANTE TORMES,terraza,Calle San Agustin,36.72157265339201,-4.418713999393422,,18.0,privada,activa,,,
OCUP-1236,REST.LOS MELLIZOS MALAGA,terraza,Calle San Bernardo el Viejo,36.71890289868364,-4.421011421270432,,33.0,privada,activa,,,
OCUP-1237,LOS MELLIZOS,terraza,Calle San Bernardo el Viejo,36.71900152258837,-4.421105735434982,,30.0,privada,activa,,,
OCUP-1238,BAR LOS CARACOLES,terraza,Calle San Jorge,36.72871329652434,-4.423821239045623,,12.0,privada,activa,,,
OCUP-1239,BAR FRAMIL,terraza,Calle San Juan,36.720717310410514,-4.423658777059503,,14.0,privada,activa,,,
OCUP-1240,BENDITO,terraza,Calle San Juan,36.72020447722793,-4.423408120259252,,19.0,privada,activa,,,
OCUP-1241,NEXT LEVEL SPECIALTY COFFE,terraza,Calle San Juan,36.71965471830031,-4.423375945562703,,7.0,privada,activa,,,
OCUP-1242,PIZZERIA VINCENZO,terraza,Calle San Juan,36.71987387223073,-4.423443523022833,,12.0,privada,activa,,,
OCUP-1243,ISOLINA,terraza,Calle San Juan,36.71942115819284,-4.423422889817772,,40.0,privada,activa,,,
OCUP-1244,MR. HAPPY,terraza,Calle San Juan Bosco,36.73693536225103,-4.422568658653433,,9.0,privada,activa,,,
OCUP-1245,BAR LA REDONDA,terraza,Calle San Juan Bosco,36.73457315449084,-4.422576851925263,,7.0,privada,activa,,,
OCUP-1246,LA SUBASTA,terraza,Calle San Juan de Dios,36.71856386175194,-4.420886077099694,,22.0,privada,activa,,,
OCUP-1247,LA MERCED 14,terraza,Calle San Juan de Letran,36.72384842389011,-4.417924694366152,,41.0,privada,activa,,,
OCUP-1248,IZAKAYA SAKE,terraza,Calle San Juan de Letran,36.723980174173654,-4.418122179420372,,7.0,privada,activa,,,
OCUP-1249,LOLA'S COPAS,terraza,Calle San Juan de Letran,36.72407356764786,-4.418247910594062,,2.0,privada,activa,,,
OCUP-1250,MARLEY,terraza,Calle San Juan de Letran,36.72407356764786,-4.418247910594062,,5.0,privada,activa,,,
OCUP-1251,MA?ANA,terraza,Calle San Juan de Letran,36.72395263121831,-4.418188445067251,,4.0,privada,activa,,,
OCUP-1252,PICNIC,terraza,Calle San Juan de Letran,36.72399435167308,-4.4182540017932315,,6.0,privada,activa,,,
OCUP-1253,THE GREAT DANE,terraza,Calle San Juan de Letran,36.72404137862064,-4.418353842737813,,8.0,privada,activa,,,
OCUP-1254,LA VEGANA TAPER?A,terraza,Calle San Juan de Letran,36.72411211038182,-4.418447804068191,,4.0,privada,activa,,,
OCUP-1255,ARREBATO,terraza,Calle San Juan de Letran,36.724201300673606,-4.418552541212831,,4.0,privada,activa,,,
OCUP-1256,KIPFER AND LOVER,terraza,Calle San Juan de Letran,36.724283352479716,-4.4186557028428215,,2.0,privada,activa,,,
OCUP-1257,EL LUG? DE MALAGA,terraza,Calle San Juan de Letran,36.724349643874376,-4.418747074804901,,10.0,privada,activa,,,
OCUP-1258,CASA AMIGOS,terraza,Calle San Julian,36.72334689725062,-4.422220991099842,,39.0,privada,activa,,,
OCUP-1259,PEPA,terraza,Calle San Nicolas,36.71725659489429,-4.411999554107581,,12.0,privada,activa,,,
OCUP-1260,PIZZERIA NATURAL,terraza,Calle San Quintin,36.72463664892299,-4.429437403885185,,3.0,privada,activa,,,
OCUP-1261,Cafeteria Bar Oliver,terraza,Calle Sancha de Lara,36.71893061830648,-4.420533832528933,,11.0,privada,activa,,,
OCUP-1262,ESQUINA SANCHEZ,terraza,Calle Sanchez Pastor,36.721255465351135,-4.421043997597323,,12.0,privada,activa,,,
OCUP-1263,BODEGAS QUITAPENAS,terraza,Calle Sanchez Pastor,36.721255465351135,-4.421043997597323,,18.0,privada,activa,,,
OCUP-1264,SANTA MONICA,terraza,Calle Sanchez Pastor,36.721351457925834,-4.421018841654512,,10.0,privada,activa,,,
OCUP-1265,COBALTO,terraza,Calle Sanchez Pastor,36.72134377535033,-4.420984089301622,,6.0,privada,activa,,,
OCUP-1266,EL NACIONAL,terraza,Calle Sanchez Pastor,36.72134377535033,-4.420984089301622,,5.0,privada,activa,,,
OCUP-1267,TABERNA DON JUAN,terraza,Calle Sanchez Pastor,36.72155837586639,-4.4208843648471925,,10.0,privada,activa,,,
OCUP-1268,PAMPA GRILL,terraza,Calle Sanchez Pastor,36.721446901064446,-4.420914456450942,,9.0,privada,activa,,,
OCUP-1269,PAMPA GRILL,terraza,Calle Sanchez Pastor,36.72155884188678,-4.420846325820512,,2.0,privada,activa,,,
OCUP-1270,TABERNA DON JUAN,terraza,Calle Sanchez Pastor,36.72155884188678,-4.420846325820512,,12.0,privada,activa,,,
OCUP-1271,EL MENTIDERO,terraza,Calle Sanchez Pastor,36.721652523463185,-4.420782538271704,,20.0,privada,activa,,,
OCUP-1272,LA BELLA JULIETA,terraza,Calle Santa Lucia,36.7219238547958,-4.421826383902382,,3.0,privada,activa,,,
OCUP-1273,MALAGA,terraza,Calle Santa Maria,36.72118755896985,-4.421402934647283,,2.0,privada,activa,,,
OCUP-1274,LA MEDUSA,terraza,Calle Santa Maria,36.720858637172576,-4.4202920934728525,,6.0,privada,activa,,,
OCUP-1275,BAR RESTAURANTE ENRIQUE Y PACO,terraza,Calle Santa Maria Micaela,36.73120026025409,-4.41560803252944,,15.0,privada,activa,,,
OCUP-1276,HERMANOS SOTO,terraza,Calle Santa Marta,36.711341134302764,-4.440390629806287,,21.0,privada,activa,,,
OCUP-1277,KOGAN SUSHI RAMEN EXPRESS,terraza,Calle Santiago,36.722040449083345,-4.4173460677420815,,13.0,privada,activa,,,
OCUP-1278,ANDINO,terraza,Calle Santos,36.72132756240551,-4.423681860746653,,9.0,privada,activa,,,
OCUP-1279,CASA ARANDA,terraza,Calle Santos,36.72109247461505,-4.423689389182672,,23.0,privada,activa,,,
OCUP-1280,LA MALAGUE?A,terraza,Calle Sebastian Souviron,36.71928665951108,-4.4236682886213625,,19.0,privada,activa,,,
OCUP-1281,BAMBU 888,terraza,Calle Segismundo Moret,36.728959939145916,-4.4390437403614955,,34.0,privada,activa,,,
OCUP-1282,CAFETERIA DIANA,terraza,Calle Segismundo Moret,36.728959939145916,-4.4390437403614955,,45.0,privada,activa,,,
OCUP-1283,EL OASIS DE JUANI,terraza,Calle Segura,36.71841024418466,-4.427377038062174,,7.0,privada,activa,,,
OCUP-1284,ENCARNES GRASTROGRILL,terraza,Calle Senador Francisco Roman,36.71412578012587,-4.4297828486667035,,42.0,privada,activa,,,
OCUP-1285,PESCAITO DEL GRAN PODER,terraza,Calle Senador Francisco Roman,36.71412578012587,-4.4297828486667035,,42.0,privada,activa,,,
OCUP-1286,RESTAURANTE EL TIBURON,terraza,Calle Sevilla,36.724957885916446,-4.429622554080794,,11.0,privada,activa,,,
OCUP-1287,CAFE BAR MAMA TO?I,terraza,Calle Sevilla,36.72555047757112,-4.4294258802395925,,8.0,privada,activa,,,
OCUP-1288,BAR CAFETER?A LA SIMPAT?A,terraza,Calle Sevilla,36.72555047757112,-4.4294258802395925,,9.0,privada,activa,,,
OCUP-1289,CAFETER?A NUEVA ALAMEDA,terraza,Calle Shanti Andia,36.71038739047612,-4.462381192516762,,35.0,privada,activa,,,
OCUP-1290,ABREBOCA I,terraza,Calle Sierra de Grazalema,36.7297721618656,-4.402624606952857,,35.0,privada,activa,,,
OCUP-1291,ABREBOCA II,terraza,Calle Sierra de Grazalema,36.7297721618656,-4.402624606952857,,35.0,privada,activa,,,
OCUP-1292,EL TRANV?A,terraza,Calle Sierra de Grazalema,36.7297721618656,-4.402624606952857,,26.0,privada,activa,,,
OCUP-1293,LIMONCELLO ITALO GASTROBAR,terraza,Calle Sierra de Grazalema,36.732347644795546,-4.403314414931299,,28.0,privada,activa,,,
OCUP-1294,PATAKY'S PLACE,terraza,Calle Sigfrido,36.7084530934895,-4.469211390896812,,14.0,privada,activa,,,
OCUP-1295,RESTAURANTE BAR CASA ALFONSO,terraza,Calle Sofocles,36.72134685964882,-4.4831882634726865,,20.0,privada,activa,,,
OCUP-1296,EL MARISQUEO,terraza,Calle Sofocles,36.7223022217264,-4.477692491926034,,51.0,privada,activa,,,
OCUP-1297,DONDE ROSY,terraza,Calle Sondalezas,36.722109280038275,-4.440517310973945,,24.0,privada,activa,,,
OCUP-1298,DEL POBLE PIZZER?A,terraza,Calle Sondalezas,36.72526155195039,-4.4423941786535375,,35.0,privada,activa,,,
OCUP-1299,CAFER?A MANILVA,terraza,Calle Spengler,36.71826026942584,-4.455405064991079,,42.0,privada,activa,,,
OCUP-1300,ISTURK KEBAB,terraza,Calle Spengler,36.71732928345488,-4.455798247815779,,22.0,privada,activa,,,
OCUP-1301,CINECOM,terraza,Calle Spengler,36.71685120940153,-4.45616230132406,,22.0,privada,activa,,,
OCUP-1302,PIZZERIA ALAMEDA HAMBURGUESERI,terraza,Calle Stendhal,36.71721493438204,-4.454596468898959,,7.0,privada,activa,,,
OCUP-1303,CAFE BAR ESTEFANI,terraza,Calle Stendhal,36.71730186040875,-4.455285930384949,,10.0,privada,activa,,,
OCUP-1304,CHURRER?A BAR STENDHAL,terraza,Calle Stendhal,36.717521073689404,-4.45546131756319,,13.0,privada,activa,,,
OCUP-1305,YOGOLOCO,terraza,Calle Strachan,36.71974483338943,-4.421183013285523,,11.0,privada,activa,,,
OCUP-1306,BYOKO,terraza,Calle Strachan,36.719742039088004,-4.420961762960463,,11.0,privada,activa,,,
OCUP-1307,LA TABERNA DEL CURA,terraza,Calle Strachan,36.719742039088004,-4.420961762960463,,16.0,privada,activa,,,
OCUP-1308,LATERAL,terraza,Calle Strachan,36.719742039088004,-4.420961762960463,,25.0,privada,activa,,,
OCUP-1309,LA OLIVA,terraza,Calle Strachan,36.71969506463836,-4.4210064442869825,,20.0,privada,activa,,,
OCUP-1310,ULTRAMARINOS BENJAMIN,terraza,Calle Strachan,36.71969506463836,-4.4210064442869825,,57.0,privada,activa,,,
OCUP-1311,BLOSSOM,terraza,Calle Strachan,36.71969504625956,-4.420426315758203,,10.0,privada,activa,,,
OCUP-1312,CASA LOLA,terraza,Calle Strachan,36.71969504625956,-4.420426315758203,,15.0,privada,activa,,,
OCUP-1313,MES?N LA CEPA,terraza,Calle Strachan,36.71963197706718,-4.420489010483582,,12.0,privada,activa,,,
OCUP-1314,LO GüENO DE STRACHAN,terraza,Calle Strachan,36.7196384828292,-4.420329762383313,,27.0,privada,activa,,,
OCUP-1315,CAFETERIA HOTEL VENECIA,terraza,Calle Talavera,36.717413969361345,-4.421403996431082,,19.0,privada,activa,,,
OCUP-1316,LA TABERNITA DE LA ABUELA,terraza,Calle Tamayo y Baus,36.72640962803764,-4.466757305686743,,14.0,privada,activa,,,
OCUP-1317,BAR AVIL?S,terraza,Calle Tamayo y Baus,36.72722880564947,-4.467052596111543,,12.0,privada,activa,,,
OCUP-1318,BAR EL PASO,terraza,Calle Tejares,36.72838817163777,-4.434798759061477,,14.0,privada,activa,,,
OCUP-1319,OHANA,terraza,Calle Teseo,36.72039950518685,-4.476470870467405,,15.0,privada,activa,,,
OCUP-1320,OHARA,terraza,Calle Tomas Echeverria,36.70339586815428,-4.434321740183195,,71.0,privada,activa,,,
OCUP-1321,BENDITO BOCADO,terraza,Calle Tomas Echeverria,36.70452072897086,-4.435516762436496,,18.0,privada,activa,,,
OCUP-1322,PANADER?A SALVADOR,terraza,Calle Tomas Echeverria,36.70487644427759,-4.436062934705226,,47.0,privada,activa,,,
OCUP-1323,ANDINO HUELIN,terraza,Calle Tomas Echeverria,36.70465579375713,-4.4357109251875455,,17.0,privada,activa,,,
OCUP-1324,SOL Y SOMBRA,terraza,Calle Tomas Echeverria,36.70465579375713,-4.4357109251875455,,22.0,privada,activa,,,
OCUP-1325,HELADERIA FRATELLY,terraza,Calle Tomas Echeverria,36.703567313887866,-4.4345972810404675,,13.0,privada,activa,,,
OCUP-1326,LA TASCA DEL LANGUI,terraza,Calle Tomas Echeverria,36.703567313887866,-4.4345972810404675,,6.0,privada,activa,,,
OCUP-1327,SHANAO,terraza,Calle Tomas Echeverria,36.703567313887866,-4.4345972810404675,,48.0,privada,activa,,,
OCUP-1328,AMBROGIO,terraza,Calle Tomas Echeverria,36.70452072897086,-4.435516762436496,,14.0,privada,activa,,,
OCUP-1329,A LA TURCA KEBAB,terraza,Calle Tomas Echeverria,36.70421843406261,-4.435006985452075,,14.0,privada,activa,,,
OCUP-1330,CAFETERIA ECHEVARRIA,terraza,Calle Tomas Echeverria,36.70452072897086,-4.435516762436496,,15.0,privada,activa,,,
OCUP-1331,DULCE CANELA,terraza,Calle Tomas Echeverria,36.70421843406261,-4.435006985452075,,12.0,privada,activa,,,
OCUP-1332,EL CAPRICHO,terraza,Calle Tomas Echeverria,36.70421843406261,-4.435006985452075,,21.0,privada,activa,,,
OCUP-1333,H?RCULES PIZZER?A Y KEBAB,terraza,Calle Tomas Echeverria,36.70421843406261,-4.435006985452075,,17.0,privada,activa,,,
OCUP-1334,CAFETERIA GRANIER,terraza,Calle Tomas Echeverria,36.70487644427759,-4.436062934705226,,14.0,privada,activa,,,
OCUP-1335,OCEAN´S CAFE Y TAPAS,terraza,Calle Tomas Echeverria,36.703209954169665,-4.434007507745696,,30.0,privada,activa,,,
OCUP-1336,CAFE & MAR,terraza,Calle Tomas Echeverria,36.70303136712147,-4.433739285344864,,20.0,privada,activa,,,
OCUP-1337,FUNDIDO,terraza,Calle Tomas Echeverria,36.70303136712147,-4.433739285344864,,12.0,privada,activa,,,
OCUP-1338,LA TABA,terraza,Calle Tomas Echeverria,36.70303136712147,-4.433739285344864,,6.0,privada,activa,,,
OCUP-1339,MALVA,terraza,Calle Tomas Echeverria,36.70303136712147,-4.433739285344864,,8.0,privada,activa,,,
OCUP-1340,PAT O´BRIENS,terraza,Calle Tomas Echeverria,36.70303136712147,-4.433739285344864,,5.0,privada,activa,,,
OCUP-1341,TAPITAS,terraza,Calle Tomas Echeverria,36.70303136712147,-4.433739285344864,,34.0,privada,activa,,,
OCUP-1342,BLINKERS BREW,terraza,Calle Tomas Echeverria,36.70372714297146,-4.434194251425195,,19.0,privada,activa,,,
OCUP-1343,CHUPYTIRA,terraza,Calle Tomas Echeverria,36.703653492667364,-4.4340850830693945,,25.0,privada,activa,,,
OCUP-1344,FREIDUR?A LUTE Y JES?S,terraza,Calle Tomas Echeverria,36.70372714297146,-4.434194251425195,,6.0,privada,activa,,,
OCUP-1345,RESTAURANTE TAR?,terraza,Calle Tomas Echeverria,36.703653492667364,-4.4340850830693945,,36.0,privada,activa,,,
OCUP-1346,GRAN SUSHI,terraza,Calle Tomas Echeverria,36.703475460330274,-4.433797576216625,,20.0,privada,activa,,,
OCUP-1347,BO FOCACCERIA,terraza,Calle Tomas Echeverria,36.70341610693312,-4.433699164247355,,15.0,privada,activa,,,
OCUP-1348,CHOPP HUEL?N,terraza,Calle Tomas Echeverria,36.70341610693312,-4.433699164247355,,20.0,privada,activa,,,
OCUP-1349,LA CAVERNA,terraza,Calle Tomas Echeverria,36.70341610693312,-4.433699164247355,,16.0,privada,activa,,,
OCUP-1350,NEVADO,terraza,Calle Tomas Echeverria,36.70341610693312,-4.433699164247355,,14.0,privada,activa,,,
OCUP-1351,HELADERIA TUTTI FRUTTI,terraza,Calle Tomas Escalonilla,36.724659834997794,-4.442732267215587,,12.0,privada,activa,,,
OCUP-1352,SANTA COFFEE,terraza,Calle Tomas Heredia,36.71692095108408,-4.423409398988242,,8.0,privada,activa,,,
OCUP-1353,CAFETERIA BAR EL 13,terraza,Calle Tomas Heredia,36.71667225653309,-4.4233933134653824,,9.0,privada,activa,,,
OCUP-1354,SANTA COFFEE,terraza,Calle Tomas Heredia,36.716860405409015,-4.423372307494593,,27.0,privada,activa,,,
OCUP-1355,CAFE BAR ATHENAS,terraza,Calle Tomas Heredia,36.716684535036606,-4.423260467914153,,15.0,privada,activa,,,
OCUP-1356,CAF? BAR MOR?N,terraza,Calle Tomas Heredia,36.716241539059695,-4.4232009402012435,,16.0,privada,activa,,,
OCUP-1357,LA DISPENSA ITALIANA,terraza,Calle Tomas Heredia,36.71572084808931,-4.422833879708623,,10.0,privada,activa,,,
OCUP-1358,LOS MELLIZOS,terraza,Calle Tomas Heredia,36.71550201104935,-4.422738314495833,,60.0,privada,activa,,,
OCUP-1359,CAFETER?A LA RAMBLA,terraza,Calle Tomas Heredia,36.71523336295355,-4.422621566214342,,25.0,privada,activa,,,
OCUP-1360,LA CEPA DE CADIZ,terraza,Calle Tomas Heredia,36.71523336295355,-4.422621566214342,,15.0,privada,activa,,,
OCUP-1361,QBO,terraza,Calle Toquero,36.7334668291308,-4.4153824865953215,,8.0,privada,activa,,,
OCUP-1362,DOMINO´S PIZZA,terraza,Calle Toquero,36.73338122636879,-4.415497731454921,,7.0,privada,activa,,,
OCUP-1363,MOON LIGHT,terraza,Calle Torre de Sandoval,36.719562804665706,-4.4208402205501915,,15.0,privada,activa,,,
OCUP-1364,PANADERIA LA LUZ II,terraza,Calle Torremolinos,36.66255928538111,-4.505311738524655,,14.0,privada,activa,,,
OCUP-1365,CAFET-CHURRER?A EL ARTESANO,terraza,Calle Torremolinos,36.66385333596277,-4.505021344055044,,32.0,privada,activa,,,
OCUP-1366,LA CHIMENEA,terraza,Calle Travesia de la Luz,36.69639346873674,-4.452937083898559,,26.0,privada,activa,,,
OCUP-1367,PIZZERIA MIGUEL,terraza,Calle Travesia de Maqueda,36.73284968345752,-4.567794215933451,,11.0,privada,activa,,,
OCUP-1368,MALAVIDA,terraza,Calle Trinidad Grund,36.717429304819255,-4.420876950583873,,27.0,privada,activa,,,
OCUP-1369,ALITA,terraza,Calle Trinidad Grund,36.71726647968788,-4.421454744452832,,8.0,privada,activa,,,
OCUP-1370,NITTE GELATO CAFE,terraza,Calle Trinidad Grund,36.71726647968788,-4.421454744452832,,8.0,privada,activa,,,
OCUP-1371,ER PICHI DE C?I,terraza,Calle Trinidad Grund,36.71722937679314,-4.421745534003562,,17.0,privada,activa,,,
OCUP-1372,FRESHLANDING CAFE,terraza,Calle Trinidad Grund,36.71719238638968,-4.4218788884029925,,10.0,privada,activa,,,
OCUP-1373,LA ANTIGUA MALAGA,terraza,Calle Trinidad Grund,36.71715438014966,-4.422021058155893,,20.0,privada,activa,,,
OCUP-1374,HOTEL SOHO BOUTIQUE MALAGA,terraza,Calle Trinidad Grund,36.71707242515255,-4.422168184232173,,19.0,privada,activa,,,
OCUP-1375,BAR LA PLAZA,terraza,Calle Union,36.711339614418776,-4.437925905192156,,40.0,privada,activa,,,
OCUP-1376,CAFETERIA MALDONADO,terraza,Calle Union,36.71131167369872,-4.4375687862146656,,19.0,privada,activa,,,
OCUP-1377,EL RECREO DE LA UNION,terraza,Calle Union,36.71138400671041,-4.438255240559006,,14.0,privada,activa,,,
OCUP-1378,LOS VILLARES I,terraza,Calle Union,36.71035260732833,-4.440827547769778,,45.0,privada,activa,,,
OCUP-1379,CAFETERIA FABIOLA,terraza,Calle Union,36.70977685830908,-4.442075345134456,,22.0,privada,activa,,,
OCUP-1380,CAFE-BAR CA?AMERO,terraza,Calle Union,36.70957356135943,-4.442512530178818,,55.0,privada,activa,,,
OCUP-1381,HELADER?A VALENTINO,terraza,Calle Union,36.7090335077491,-4.443587876296347,,16.0,privada,activa,,,
OCUP-1382,PISCOMAR,terraza,Calle Union,36.70896231305773,-4.443179723480676,,62.0,privada,activa,,,
OCUP-1383,LA MARISC?,terraza,Calle Union Mercantil la,36.69076425398779,-4.44958635842332,,20.0,privada,activa,,,
OCUP-1384,LOS GUINDOS,terraza,Calle Union Mercantil la,36.69076425398779,-4.44958635842332,,4.0,privada,activa,,,
OCUP-1385,EL NIDO DE GOCA,terraza,Calle Union Mercantil la,36.68840803189049,-4.4504930076499285,,16.0,privada,activa,,,
OCUP-1386,EL RINCON DE LILY,terraza,Calle Union Mercantil la,36.68840803189049,-4.4504930076499285,,15.0,privada,activa,,,
OCUP-1387,THE HAREM,terraza,Calle Union Mercantil la,36.68812817747146,-4.450644358533428,,9.0,privada,activa,,,
OCUP-1388,C&C LITORAL,terraza,Calle Union Mercantil la,36.682737177655774,-4.4534316441581705,,40.0,privada,activa,,,
OCUP-1389,LA CASITA,terraza,Calle Union Mercantil la,36.682737177655774,-4.4534316441581705,,62.0,privada,activa,,,
OCUP-1390,PESCADOS Y MARISCOS LA RAYA,terraza,Calle Velarde,36.72657661780489,-4.4336079604445455,,18.0,privada,activa,,,
OCUP-1391,ALEGRIA- FLAMENCO MALAGA,terraza,Calle Velez Malaga,36.7184030170013,-4.411377916226971,,24.0,privada,activa,,,
OCUP-1392,ALEGRIA,terraza,Calle Velez Malaga,36.7184030170013,-4.411377916226971,,54.0,privada,activa,,,
OCUP-1393,TABERNA DEL MUELLE,terraza,Calle Velez Malaga,36.71862693642675,-4.41165310018755,,49.0,privada,activa,,,
OCUP-1394,ATREZZO,terraza,Calle Vendeja,36.71682486253418,-4.421626227759613,,73.0,privada,activa,,,
OCUP-1395,CAFETERIA RESTAURANTE VENEGAS,terraza,Calle Venegas,36.72867447840877,-4.439756185054066,,22.0,privada,activa,,,
OCUP-1396,BAR AVENIDA,terraza,Calle Vi?a del Mar,36.69159182224062,-4.45380536828229,,17.0,privada,activa,,,
OCUP-1397,RAFA,terraza,Calle Vi?a del Mar,36.6916546979875,-4.45408428251704,,14.0,privada,activa,,,
OCUP-1398,PIZZERIA FRASCATI DUE,terraza,Calle Vi?a del Mar,36.690935704088275,-4.45433293081619,,13.0,privada,activa,,,
OCUP-1399,TABERNA ALBOR?N,terraza,Calle Vicente Aleixandre,36.69859177191047,-4.441025756096927,,26.0,privada,activa,,,
OCUP-1400,HELADERIA LA PERLA,terraza,Calle Miraclaveles,36.730371611716514,-4.439602601343555,,14.0,privada,activa,,,
OCUP-1401,MARISQUERIA LA PEREGRINA,terraza,Calle Villanueva de Tapia,36.68761068793145,-4.4541037536597505,,8.0,privada,activa,,,
OCUP-1402,BAR MARILOLI,terraza,Calle Virgen de la Esperanza,36.71679903621561,-4.445960834277978,,19.0,privada,activa,,,
OCUP-1403,BAR X MIS 3,terraza,Calle Virgen del Pilar,36.71403667749494,-4.446171961594597,,11.0,privada,activa,,,
OCUP-1404,20 PA KA,terraza,Calle Vivaldi,36.69390252713017,-4.450838566270949,,23.0,privada,activa,,,
OCUP-1405,TRES REVUELTOS,terraza,Calle Wagner,36.69390793158948,-4.451090483288077,,27.0,privada,activa,,,
OCUP-1406,ZAMARRILLA 33,terraza,Calle Zamarrilla,36.72109162366794,-4.432218200864415,,55.0,privada,activa,,,
OCUP-1407,MR KEBAB,terraza,Calle Zenete,36.729983437322716,-4.415226474920931,,17.0,privada,activa,,,
OCUP-1408,UNIVERSITAS CAFE,terraza,Calle Zenete,36.72982478484554,-4.416357921718321,,28.0,privada,activa,,,
OCUP-1409,MES?N ASTORGA,terraza,Calle Zu?iga,36.71422718535017,-4.437100968716215,,39.0,privada,activa,,,
OCUP-1410,LA CALLE D´ATRAS,terraza,Pasaje Santo Tomas,36.71092663074799,-4.440701561034256,,14.0,privada,activa,,,
OCUP-1411,HOLE BURGUER,terraza,Calle Senador Francisco Roman,36.71412578012587,-4.4297828486667035,,52.0,privada,activa,,,
OCUP-1412,BAR CURRILLO,terraza,Camino Carabineros,36.667221271153046,-4.475052039653296,,8.0,privada,activa,,,
OCUP-1413,"CASA LUIS,VIVI Y SARA",terraza,Camino Casabermeja,36.75468102615537,-4.424943570349643,,15.0,privada,activa,,,
OCUP-1414,HELADOS ARTESOL,terraza,Camino Colmenar,36.73353270987458,-4.415917948154551,,14.0,privada,activa,,,
OCUP-1415,RESTAURANTE CAFETERIA LOS MON,terraza,Camino Colmenar,36.733673809390424,-4.415926821021492,,8.0,privada,activa,,,
OCUP-1416,AMIGO KEBAB,terraza,Camino Colmenar,36.73360656932514,-4.415679764980531,,16.0,privada,activa,,,
OCUP-1417,LUCY TEJERINGOS,terraza,Camino Colmenar,36.73360656932514,-4.415679764980531,,3.0,privada,activa,,,
OCUP-1418,EL BUCO,terraza,Camino Colmenar,36.73384687702203,-4.4159429106692105,,15.0,privada,activa,,,
OCUP-1419,BURGUER MAFALDA,terraza,Camino Colmenar,36.733729717416985,-4.415672528127062,,10.0,privada,activa,,,
OCUP-1420,LA CAMPANA DE LOLA,terraza,Camino Colmenar,36.733854446780825,-4.4156813085264215,,13.0,privada,activa,,,
OCUP-1421,LA CABA?A,terraza,Camino Colmenar,36.734887141891114,-4.416016514736871,,7.0,privada,activa,,,
OCUP-1422,DON PAPON HOSTELERIA S.C.,terraza,Camino Colmenar,36.73485598007599,-4.415778540228292,,29.0,privada,activa,,,
OCUP-1423,THE CORNER,terraza,Camino Guindos de los,36.69325193262523,-4.449311537613139,,34.0,privada,activa,,,
OCUP-1424,EL KIOSKO DE LA LOMA,terraza,Camino Loma de San Julian,36.6674655648167,-4.475098324597956,,7.0,privada,activa,,,
OCUP-1425,DALLAS LAS PIRAMIDES,terraza,Camino Pato del,36.68866706466888,-4.4515515246758195,,17.0,privada,activa,,,
OCUP-1426,BOCATAS JUANMA,terraza,Camino Pato del,36.687810340335595,-4.45204722420506,,39.0,privada,activa,,,
OCUP-1427,LA MAREA,terraza,Camino Pato del,36.68752551265498,-4.45222704896858,,8.0,privada,activa,,,
OCUP-1428,TABERNA DE HUELVA,terraza,Camino Pato del,36.68736850309339,-4.452307133845179,,9.0,privada,activa,,,
OCUP-1429,BOC AND ROLL,terraza,Camino Pato del,36.687221742737634,-4.4523908918804,,26.0,privada,activa,,,
OCUP-1430,LA LEPERA,terraza,Camino Pato del,36.687221742737634,-4.4523908918804,,27.0,privada,activa,,,
OCUP-1431,BAR LA GUAGUA,terraza,Camino San Rafael,36.7044132595932,-4.454718242090251,,7.0,privada,activa,,,
OCUP-1432,CAFETERIA NENE,terraza,Camino San Rafael,36.7044132595932,-4.454718242090251,,25.0,privada,activa,,,
OCUP-1433,BAR RESTAURANTE ZHANG,terraza,Camino San Rafael,36.70904853445774,-4.446272064775887,,32.0,privada,activa,,,
OCUP-1434,BAR SERGIO,terraza,Camino San Rafael,36.708903317363664,-4.446471064391789,,13.0,privada,activa,,,
OCUP-1435,CAFETERIA ESPA?A,terraza,Camino Suarez,36.72686866617753,-4.435181277594255,,16.0,privada,activa,,,
OCUP-1436,BAHIA DE MALAGA,terraza,Camino Suarez,36.72716431605945,-4.436748716053065,,7.0,privada,activa,,,
OCUP-1437,BAR LOS CU?IS,terraza,Camino Suarez,36.72716939295825,-4.437582713450616,,11.0,privada,activa,,,
OCUP-1438,BAR LOS ARGENTINOS DE M?LAGA,terraza,Camino Suarez,36.728538323991124,-4.441628782108357,,9.0,privada,activa,,,
OCUP-1439,BAHIA II,terraza,Camino Suarez,36.728578688725975,-4.441728540888557,,5.0,privada,activa,,,
OCUP-1440,CAFETERIA AROPA,terraza,Camino Termica de la,36.68942930987156,-4.4478126831987685,,52.0,privada,activa,,,
OCUP-1441,BAR CAFETER?A MELINA,terraza,Camino Termica de la,36.68942930987156,-4.4478126831987685,,25.0,privada,activa,,,
OCUP-1442,RESTAURANTE CHINO ZHEN,terraza,Camino Termica de la,36.68931103945751,-4.447883633042118,,17.0,privada,activa,,,
OCUP-1443,BAR MESON EL TEJON,terraza,Camino Termica de la,36.68918616201597,-4.4479523322502486,,19.0,privada,activa,,,
OCUP-1444,N87 STREET FOOD,terraza,Camino Termica de la,36.68918616201597,-4.4479523322502486,,34.0,privada,activa,,,
OCUP-1445,REAL TURK (DONER KEBAB PIZZAS,terraza,Camino Termica de la,36.685972076738494,-4.448374985679309,,32.0,privada,activa,,,
OCUP-1446,JUANA PALOMA,terraza,Carril Capitan del,36.72518047006795,-4.461833062969641,,33.0,privada,activa,,,
OCUP-1447,EL PARCERO,terraza,Carril Capitan del,36.724835714452134,-4.461911089376721,,22.0,privada,activa,,,
OCUP-1448,DE LUQUE,terraza,Carril Chupa la,36.69449324703517,-4.4410099262886575,,33.0,privada,activa,,,
OCUP-1449,BAR ANGEL,terraza,Pasaje Archanda,36.72347283062483,-4.436031041835805,,12.0,privada,activa,,,
OCUP-1450,BAR PAPA ETO,terraza,Pasaje Archanda,36.72332393727626,-4.436907448724805,,10.0,privada,activa,,,
OCUP-1451,JOHN SCOTT'S,terraza,Pasaje Chinitas,36.72098668544251,-4.421488635101642,,5.0,privada,activa,,,
OCUP-1452,LA CANASTA,terraza,Pasaje Chinitas,36.72098668544251,-4.421488635101642,,6.0,privada,activa,,,
OCUP-1453,EL CAF? DE CHINITAS,terraza,Pasaje Chinitas,36.72090256057002,-4.421191398118572,,25.0,privada,activa,,,
OCUP-1454,EL PASAJE,terraza,Pasaje Chinitas,36.720866018483996,-4.421016854332874,,15.0,privada,activa,,,
OCUP-1455,ROMANCERO,terraza,Pasaje Chinitas,36.72101003595835,-4.421200719752751,,15.0,privada,activa,,,
OCUP-1456,SABOR SABOR,terraza,Pasaje Compositor Lehmberg Ruiz,36.71747353782739,-4.430035432738204,,20.0,privada,activa,,,
OCUP-1457,XPRESS,terraza,Pasaje Compositor Lehmberg Ruiz,36.71775581707293,-4.430525124002766,,65.0,privada,activa,,,
OCUP-1458,EL FIG?N DE JUAN,terraza,Pasaje Esperanto,36.71892582561515,-4.4342153130759145,,46.0,privada,activa,,,
OCUP-1459,PARRILLA ARGENTINA MALENA,terraza,Pasaje Esperanto,36.71892582561515,-4.4342153130759145,,28.0,privada,activa,,,
OCUP-1460,PIZZERIA NIENTE MALE,terraza,Pasaje Esperanto,36.71884909317796,-4.434382613656135,,31.0,privada,activa,,,
OCUP-1461,CAFE BAR FEDE,terraza,Pasaje Esperanto,36.71890129660822,-4.434618047845075,,14.0,privada,activa,,,
OCUP-1462,SENJIE LIN,terraza,Pasaje Gorbea,36.72305151812565,-4.438174975908307,,34.0,privada,activa,,,
OCUP-1463,AMBAR,terraza,Pasaje Marmoles,36.721260560405725,-4.431861802686365,,13.0,privada,activa,,,
OCUP-1464,COME Y CALLA,terraza,Pasaje Marmoles,36.721110487191254,-4.431938876908296,,5.0,privada,activa,,,
OCUP-1465,RECYCLOS BIKESHOP,terraza,Pasaje Marques de Villafiel,36.71932712357882,-4.424828004947485,,21.0,privada,activa,,,
OCUP-1466,EL PARAISO DE FALLA,terraza,Pasaje Noblejas,36.71366430363004,-4.427616368197453,,15.0,privada,activa,,,
OCUP-1467,VIDA MIA,terraza,Pasaje Noblejas,36.71366430363004,-4.427616368197453,,15.0,privada,activa,,,
OCUP-1468,WUJI2,terraza,Pasaje Noblejas,36.71376645065557,-4.427776526965244,,40.0,privada,activa,,,
OCUP-1469,D´VINOS Y COPAS,terraza,Pasaje Noblejas,36.71408617723404,-4.428188205193814,,46.0,privada,activa,,,
OCUP-1470,HELADERIA JIJONA,terraza,Calle Lope de Rueda,36.73913241492173,-4.481449459865465,,21.0,privada,activa,,,
OCUP-1471,LA RECOVA,terraza,Pasaje Ntra Sra de los Dolores de San Juan,36.72012665445315,-4.423621780800953,,2.0,privada,activa,,,
OCUP-1472,CASUAL-BAR ALMIJARA,terraza,Pasaje San Fernando,36.713876343086675,-4.4273980636900125,,20.0,privada,activa,,,
OCUP-1473,MAS VERMUT,terraza,Pasaje San Fernando,36.713913454512735,-4.427347687593924,,6.0,privada,activa,,,
OCUP-1474,FUSION,terraza,Pasaje San Fernando,36.714022327170255,-4.427522066991322,,22.0,privada,activa,,,
OCUP-1475,BAR JOSMAR,terraza,Pasaje Suarez de,36.72797189226137,-4.441105295181738,,12.0,privada,activa,,,
OCUP-1476,AL NORTE,terraza,Pasaje Valencia,36.714566851501594,-4.425052443209194,,10.0,privada,activa,,,
OCUP-1477,ISTURK KEBAB,terraza,Pasaje Virgen de Belen,36.693950914254025,-4.45400176058627,,25.0,privada,activa,,,
OCUP-1478,LA BODEGUITA,terraza,Plaza Aduana,36.72011711132334,-4.417643621897781,,12.0,privada,activa,,,
OCUP-1479,"ALAPARTE, FRAN RASCADO",terraza,Plaza Arriola,36.71911177444058,-4.425067759092133,,18.0,privada,activa,,,
OCUP-1480,STANDARD COFFEE CLUB,terraza,Plaza Aurora,36.7219276878842,-4.4260918623018926,,15.0,privada,activa,,,
OCUP-1481,EL A?EJO TABERNA,terraza,Plaza Bailen,36.724382149170985,-4.431811660279525,,2.0,privada,activa,,,
OCUP-1482,BAR LA RIA,terraza,Plaza Basconia,36.72324244053558,-4.437348156566304,,7.0,privada,activa,,,
OCUP-1483,BAR PACO,terraza,Plaza Blanes,36.67916184209018,-4.446803050981588,,24.0,privada,activa,,,
OCUP-1484,LA BELLA LOLA,terraza,Plaza Carbon,36.72183784438191,-4.420306642114353,,28.0,privada,activa,,,
OCUP-1485,EMILY BAR,terraza,Plaza Conde de Ferreria,36.73271350565481,-4.429197086943595,,12.0,privada,activa,,,
OCUP-1486,JOHN SCOTT´S,terraza,Plaza Constitucion,36.72118329348266,-4.4216030041692225,,64.0,privada,activa,,,
OCUP-1487,STARBUCKS,terraza,Plaza Constitucion,36.72086351912217,-4.422298479899064,,31.0,privada,activa,,,
OCUP-1488,LA CANASTA,terraza,Plaza Constitucion,36.72103321919758,-4.421621816587204,,11.0,privada,activa,,,
OCUP-1489,MC SULTAN,terraza,Plaza Cruz de Humilladero,36.71170349213639,-4.441197281224257,,23.0,privada,activa,,,
OCUP-1490,SABOR CON ENCANTO,terraza,Plaza Enrique Garcia-herrera,36.719951947522254,-4.424032174725374,,7.0,privada,activa,,,
OCUP-1491,MULITA COCINA MEXICANA,terraza,Plaza Enrique Garcia-herrera,36.71962890328937,-4.424945628868792,,9.0,privada,activa,,,
OCUP-1492,TE PIKO,terraza,Plaza Enrique Garcia-herrera,36.71981847079688,-4.424422341122743,,22.0,privada,activa,,,
OCUP-1493,TO PERITA,terraza,Plaza Enrique Garcia-herrera,36.71981847079688,-4.424422341122743,,28.0,privada,activa,,,
OCUP-1494,AROMA CAF?,terraza,Plaza Enrique Navarro,36.71609382703662,-4.428666004304664,,29.0,privada,activa,,,
OCUP-1495,RINCON DE MIGUEL,terraza,Plaza Enrique Navarro,36.716114618017656,-4.428989409437974,,33.0,privada,activa,,,
OCUP-1496,MALA LECHE 2,terraza,Plaza Felix Saenz,36.719173078273556,-4.423131508827644,,18.0,privada,activa,,,
OCUP-1497,STARBUCKS COFFEE,terraza,Plaza Felix Saenz,36.719173078273556,-4.423131508827644,,40.0,privada,activa,,,
OCUP-1498,GALLO RONCO,terraza,Plaza Flores las,36.720538319361516,-4.422163659566373,,42.0,privada,activa,,,
OCUP-1499,KRAKEN,terraza,Plaza Flores las,36.720538319361516,-4.422163659566373,,20.0,privada,activa,,,
OCUP-1500,KRAKEN,terraza,Plaza Flores las,36.72051743608888,-4.422046905493003,,22.0,privada,activa,,,
OCUP-1501,BELUGA,terraza,Plaza Flores las,36.720267699720104,-4.4220803847253425,,90.0,privada,activa,,,
OCUP-1502,EL GALLO RONCO,terraza,Plaza Flores las,36.720267699720104,-4.4220803847253425,,37.0,privada,activa,,,
OCUP-1503,TERRAZA DE LAS FLORES,terraza,Plaza Flores las,36.72004105814395,-4.422240514825952,,28.0,privada,activa,,,
OCUP-1504,O MAMMA MIA,terraza,Plaza Flores las,36.72029546380614,-4.422272770882072,,47.0,privada,activa,,,
OCUP-1505,SANTO VINO,terraza,Plaza Hospital Civil,36.727327896956766,-4.430019335943514,,28.0,privada,activa,,,
OCUP-1506,BAR O?A,terraza,Plaza Hospital Civil,36.72707841141848,-4.429934107423963,,27.0,privada,activa,,,
OCUP-1507,VINO M?O,terraza,Plaza Jeronimo Cuervo,36.72459251782504,-4.418932474532631,,70.0,privada,activa,,,
OCUP-1508,BAR SANTAELLA,terraza,Plaza Larita,36.696734447792416,-4.457148443880491,,35.0,privada,activa,,,
OCUP-1509,RESTAURANTE EL PIK?N_VER F.11,terraza,Plaza Lex Flavia Malacitana,36.72998094541001,-4.417385715910282,,30.0,privada,activa,,,
OCUP-1510,BAR MERCADO EL CARMEN,terraza,Plaza Locutor Domingo Merida,36.71379397137129,-4.429658618212565,,82.0,privada,activa,,,
OCUP-1511,PESCAITO EL CARMEN II,terraza,Plaza Locutor Domingo Merida,36.71379397137129,-4.429658618212565,,58.0,privada,activa,,,
OCUP-1512,LA CAPITANA,terraza,Plaza Luz de la,36.69635669257328,-4.45370603350157,,31.0,privada,activa,,,
OCUP-1513,BURGUER SCOOBY,terraza,Plaza Maestre Andres,36.69815604224146,-4.446908051084697,,27.0,privada,activa,,,
OCUP-1514,PIZZA PINO,terraza,Plaza Malagueta,36.71824653382612,-4.410400982096741,,28.0,privada,activa,,,
OCUP-1515,BURGUER KING,terraza,Plaza Malagueta,36.71841720804529,-4.4095009589255385,,35.0,privada,activa,,,
OCUP-1516,RESTAURANTE ANTONIO MARTIN,terraza,Plaza Malagueta,36.71806764798872,-4.409603318609859,,24.0,privada,activa,,,
OCUP-1517,GELATERIA CORMANI,terraza,Plaza Manos Unidas,36.727713459665424,-4.462744968987342,,25.0,privada,activa,,,
OCUP-1518,MCDONALD'S,terraza,Plaza Marina de la,36.71841357511578,-4.420895728609094,,72.0,privada,activa,,,
OCUP-1519,ILLARI PUERTO,terraza,Plaza Marina de la,36.71731081461232,-4.420731569367352,,24.0,privada,activa,,,
OCUP-1520,33/45,terraza,Plaza Marques del Vado del Maestre,36.7223745303377,-4.420976207861811,,40.0,privada,activa,,,
OCUP-1521,PEPA Y PEPE III,terraza,Plaza Marques del Vado del Maestre,36.722291885977825,-4.420731746062432,,5.0,privada,activa,,,
OCUP-1522,33/45,terraza,Plaza Marques del Vado del Maestre,36.72224448321797,-4.420955169299363,,24.0,privada,activa,,,
OCUP-1523,DULCE DREAMS,terraza,Plaza Martires,36.72233452964046,-4.4226491793604925,,14.0,privada,activa,,,
OCUP-1524,"ARTE IN FARINA, PIZZERIA",terraza,Plaza Martires,36.72250569281287,-4.422495243658493,,7.0,privada,activa,,,
OCUP-1525,CAFE BAR POMBO,terraza,Plaza Martires,36.72245166396127,-4.422398542851372,,28.0,privada,activa,,,
OCUP-1526,CORTIJO DE PEPE,terraza,Plaza Merced,36.72294350063178,-4.417866567312654,,22.0,privada,activa,,,
OCUP-1527,BUGA RAMEN,terraza,Plaza Merced,36.72330278693689,-4.418197411346303,,5.0,privada,activa,,,
OCUP-1528,ADN,terraza,Plaza Merced,36.72344150083695,-4.418085281737972,,13.0,privada,activa,,,
OCUP-1529,SIGLO XXI,terraza,Plaza Merced,36.72351992499234,-4.417998082576231,,7.0,privada,activa,,,
OCUP-1530,M. KEBAB,terraza,Plaza Merced,36.72379079784333,-4.417751269621912,,12.0,privada,activa,,,
OCUP-1531,CALLE DE BRUSELAS,terraza,Plaza Merced,36.72391655526217,-4.417550442996941,,36.0,privada,activa,,,
OCUP-1532,ESQUINA KANAYA,terraza,Plaza Merced,36.72391655526217,-4.417550442996941,,28.0,privada,activa,,,
OCUP-1533,EL CLAN,terraza,Plaza Merced,36.723820367244976,-4.417411034009813,,35.0,privada,activa,,,
OCUP-1534,LA RAMBLA DE MERCED,terraza,Plaza Merced,36.723820367244976,-4.417411034009813,,37.0,privada,activa,,,
OCUP-1535,OCEANO,terraza,Plaza Merced,36.723728027658055,-4.417279232088181,,72.0,privada,activa,,,
OCUP-1536,LOS MARANGOS PLAZA DE LA MERCE,terraza,Plaza Merced,36.72361737654984,-4.417111396065151,,35.0,privada,activa,,,
OCUP-1537,PICASSO 1,terraza,Plaza Merced,36.723527646373945,-4.416971625264403,,36.0,privada,activa,,,
OCUP-1538,RITA S RESTO-BAR,terraza,Plaza Merced,36.723527646373945,-4.416971625264403,,35.0,privada,activa,,,
OCUP-1539,CA?ADU,terraza,Plaza Merced,36.72344432723095,-4.416844547441582,,35.0,privada,activa,,,
OCUP-1540,EL CARMEN,terraza,Plaza Merced,36.72344432723095,-4.416844547441582,,36.0,privada,activa,,,
OCUP-1541,BYOKO,terraza,Plaza Merced,36.72337552404457,-4.4167353614596525,,36.0,privada,activa,,,
OCUP-1542,PICASSO 2,terraza,Plaza Merced,36.72361737654984,-4.417111396065151,,59.0,privada,activa,,,
OCUP-1543,HELADOS LA LUNA,terraza,Plaza Misericordia,36.713473779452514,-4.428988225711774,,24.0,privada,activa,,,
OCUP-1544,LOS DELFINES,terraza,Plaza Misericordia,36.71331311302493,-4.429497452222214,,27.0,privada,activa,,,
OCUP-1545,EL RINCONCITO DE SUSAN,terraza,Plaza Monse?or Bocanegra,36.730228954662344,-4.4398717957532865,,21.0,privada,activa,,,
OCUP-1546,BURGUER PARRILLA,terraza,Plaza Monta?o,36.725611702819904,-4.420513833020222,,13.0,privada,activa,,,
OCUP-1547,CAF. HNOS FERNANDEZ MARTOS,terraza,Plaza Moreno Villa,36.70666588053812,-4.434946229084516,,14.0,privada,activa,,,
OCUP-1548,JEMINI,terraza,Plaza Moreno Villa,36.70666588053812,-4.434946229084516,,25.0,privada,activa,,,
OCUP-1549,LAS NI?AS,terraza,Plaza Moreno Villa,36.70666588053812,-4.434946229084516,,19.0,privada,activa,,,
OCUP-1550,FAMILY KEBAB PIZZERIA,terraza,Plaza Moreno Villa,36.70660608912026,-4.434857303043505,,16.0,privada,activa,,,
OCUP-1551,LA TANA DEL LUPO,terraza,Plaza Moreno Villa,36.706353602833765,-4.434540278207865,,17.0,privada,activa,,,
OCUP-1552,EL RINC?N DE LOLA,terraza,Plaza Moreno Villa,36.706249153377144,-4.434405877083646,,15.0,privada,activa,,,
OCUP-1553,LA PACA,terraza,Plaza Moreno Villa,36.706249153377144,-4.434405877083646,,19.0,privada,activa,,,
OCUP-1554,LOS NENES,terraza,Plaza Mozart,36.69394329669442,-4.450446676386038,,31.0,privada,activa,,,
OCUP-1555,NADOR,terraza,Plaza Murillo Carrera,36.7059570945485,-4.435648767841086,,11.0,privada,activa,,,
OCUP-1556,LA FONTANA,terraza,Plaza Obispo,36.71998447470708,-4.420202313559753,,59.0,privada,activa,,,
OCUP-1557,LA MALAGUE?A,terraza,Plaza Obispo,36.71998447470708,-4.420202313559753,,95.0,privada,activa,,,
OCUP-1558,L´EXPERIENCE,terraza,Plaza Obispo,36.720051885788564,-4.420463450654693,,88.0,privada,activa,,,
OCUP-1559,TATANEGRO,terraza,Plaza Obispo,36.720051885788564,-4.420463450654693,,42.0,privada,activa,,,
OCUP-1560,CAFE DE ESTRAPERLO,terraza,Plaza Poeta Alfonso Canales,36.71702799582041,-4.421068746686273,,8.0,privada,activa,,,
OCUP-1561,DO?A IN?S,terraza,Plaza Poeta Alfonso Canales,36.71707498429666,-4.420911374643213,,57.0,privada,activa,,,
OCUP-1562,BAR GABI,terraza,Plaza Reyna Manescau,36.70554161846185,-4.434841003042267,,15.0,privada,activa,,,
OCUP-1563,BAR CARLOS,terraza,Plaza Reyna Manescau,36.705362030829725,-4.434937580919836,,56.0,privada,activa,,,
OCUP-1564,BAR JUANITA,terraza,Plaza Salvador el,36.73169486177668,-4.568619031281181,,50.0,privada,activa,,,
OCUP-1565,LA TABERNADE CHURRIANA,terraza,Plaza San Antonio Abad,36.66854043066335,-4.504096230174912,,24.0,privada,activa,,,
OCUP-1566,CIAO,terraza,Plaza San Francisco,36.72392335608957,-4.422835821188152,,22.0,privada,activa,,,
OCUP-1567,LA TRANCA,terraza,Plaza San Pedro Alcantara,36.72412517378651,-4.421190220004993,,7.0,privada,activa,,,
OCUP-1568,LA QUINTONERIA,terraza,Plaza San Pedro Alcantara,36.72412517378651,-4.421190220004993,,33.0,privada,activa,,,
OCUP-1569,TABERNA ASTORIA,terraza,Plaza Siglo,36.72155412037779,-4.420236150598484,,24.0,privada,activa,,,
OCUP-1570,A LA TURCA,terraza,Plaza Solidaridad de la,36.71377520741075,-4.433491387109716,,35.0,privada,activa,,,
OCUP-1571,EL SECRETO TAPAS BAR,terraza,Plaza Solidaridad de la,36.71377520741075,-4.433491387109716,,20.0,privada,activa,,,
OCUP-1572,REY ISTAMBUL KEBAB,terraza,Plaza Solidaridad de la,36.71377520741075,-4.433491387109716,,30.0,privada,activa,,,
OCUP-1573,TACOS DE LYON,terraza,Plaza Solidaridad de la,36.71377520741075,-4.433491387109716,,30.0,privada,activa,,,
OCUP-1574,PEPA REVUELO,terraza,Plaza Solidaridad de la,36.71401563340284,-4.4334431626674355,,23.0,privada,activa,,,
OCUP-1575,RESTAURANTE ZAIQA,terraza,Plaza Solidaridad de la,36.71401563340284,-4.4334431626674355,,26.0,privada,activa,,,
OCUP-1576,DI MOCCA,terraza,Plaza Solidaridad de la,36.7142302099469,-4.433340783028613,,25.0,privada,activa,,,
OCUP-1577,DOMINO´S PIZZA,terraza,Plaza Solidaridad de la,36.7142302099469,-4.433340783028613,,27.0,privada,activa,,,
OCUP-1578,ZAIQA KEBAB,terraza,Plaza Solidaridad de la,36.7142302099469,-4.433340783028613,,24.0,privada,activa,,,
OCUP-1579,LOS ROSALES,terraza,Plaza Solidaridad de la,36.714520872292915,-4.431486417884336,,14.0,privada,activa,,,
OCUP-1580,LORENA CAF?,terraza,Plaza Solidaridad de la,36.714520872292915,-4.431486417884336,,44.0,privada,activa,,,
OCUP-1581,CANTANAPOLI,terraza,Plaza Solidaridad de la,36.714001009448324,-4.431330117299665,,22.0,privada,activa,,,
OCUP-1582,MR NOODLES,terraza,Plaza Solidaridad de la,36.714001009448324,-4.431330117299665,,41.0,privada,activa,,,
OCUP-1583,THE GREAT INDIA,terraza,Plaza Solidaridad de la,36.714001009448324,-4.431330117299665,,21.0,privada,activa,,,
OCUP-1584,WALDO´S,terraza,Plaza Teatro,36.723549297015836,-4.421122651679323,,5.0,privada,activa,,,
OCUP-1585,ANCHOITA BAR,terraza,Plaza Teatro,36.72379569178235,-4.420738551262983,,20.0,privada,activa,,,
OCUP-1586,VERMUTERIA LA CLASICA,terraza,Plaza Uncibay,36.72231275106377,-4.419946035296511,,36.0,privada,activa,,,
OCUP-1587,LOS GATOS,terraza,Plaza Uncibay,36.7223582033192,-4.420037212818232,,14.0,privada,activa,,,
OCUP-1588,A LA TURCA,terraza,Plaza Uncibay,36.722411583366856,-4.420171848163433,,16.0,privada,activa,,,
OCUP-1589,CASA LOLA,terraza,Plaza Uncibay,36.722411583366856,-4.420171848163433,,71.0,privada,activa,,,
OCUP-1590,MADEINTERRANEA,terraza,Plaza Uncibay,36.722411583366856,-4.420171848163433,,29.0,privada,activa,,,
OCUP-1591,AMARETTO,terraza,Plaza Uncibay,36.72250396192017,-4.420418000609543,,54.0,privada,activa,,,
OCUP-1592,OLD TOWN,terraza,Plaza Uncibay,36.72267763182905,-4.420561894207972,,23.0,privada,activa,,,
OCUP-1593,CASA LOLA,terraza,Plaza Uncibay,36.72265803489974,-4.4202649563133525,,12.0,privada,activa,,,
OCUP-1594,RESTAURANTE ARIGATO,terraza,Plaza Uncibay,36.72240881289995,-4.419954431899992,,3.0,privada,activa,,,
OCUP-1595,TABERNA LOS GATOS,terraza,Plaza Uncibay,36.72240881289995,-4.419954431899992,,28.0,privada,activa,,,
OCUP-1596,BAR AICHA,terraza,Plaza Verdiales,36.74094802976511,-4.4297161727336025,,30.0,privada,activa,,,
OCUP-1597,CAF? BAR JARD?N DE LOS MONOS,terraza,Plaza Victoria,36.726778620448464,-4.413734360583611,,14.0,privada,activa,,,
OCUP-1598,HAMBURGUESERIA GUSTAVO,terraza,Plaza Victoria,36.726778620448464,-4.413734360583611,,8.0,privada,activa,,,
OCUP-1599,BABILONIA,terraza,Plaza Villa de Castelldefels,36.71532090670321,-4.438464633676687,,24.0,privada,activa,,,
OCUP-1600,LOS MARFILES,terraza,Plaza Villa de Castelldefels,36.71532090670321,-4.438464633676687,,77.0,privada,activa,,,
OCUP-1601,LA BOHEME,terraza,Plaza Villa de Castelldefels,36.71498445676843,-4.438749771237655,,33.0,privada,activa,,,
OCUP-1602,LE GRAND CAFE CENTRO,terraza,Pasillo Guimbarda,36.7208913007014,-4.425756622328694,,245.0,privada,activa,,,
OCUP-1603,CAFE-BAR ORTEGA,terraza,Pasillo Santa Isabel,36.71959700667972,-4.425118540440323,,28.0,privada,activa,,,
OCUP-1604,BAR CANAIMA,terraza,Calle Simeon Gimenez Reyna,36.71917425688042,-4.439780426693126,,14.0,privada,activa,,,
OCUP-1605,HOTEL NH MALAGA,terraza,Pasillo Santo Domingo,36.71832694318637,-4.426214169500733,,65.0,privada,activa,,,
OCUP-1606,BAR EL CHISPITO,terraza,Paseo Antonio Machado,36.70162985488468,-4.434594019990225,,11.0,privada,activa,,,
OCUP-1607,LABERINTO,terraza,Paseo Antonio Machado,36.700993802390315,-4.435507718706925,,7.0,privada,activa,,,
OCUP-1608,TXIQUITA TASCA,terraza,Paseo Cerrado de Calderon,36.72561716967159,-4.381585837581236,,9.0,privada,activa,,,
OCUP-1609,ABABOR,terraza,Paseo Cerrado de Calderon,36.72618052294633,-4.381691557269586,,12.0,privada,activa,,,
OCUP-1610,ANYWAY WINE BAR,terraza,Paseo Farola,36.71732193133486,-4.4123923107147816,,27.0,privada,activa,,,
OCUP-1611,DIVINNO,terraza,Paseo Farola,36.71732193133486,-4.4123923107147816,,29.0,privada,activa,,,
OCUP-1612,AXARQUIA GONG,terraza,Paseo Farola,36.71732193133486,-4.4123923107147816,,57.0,privada,activa,,,
OCUP-1613,CHIRINGUITO ESCRIBANO,terraza,Paseo Maritimo Antonio Banderas,36.69453262850932,-4.439085570450267,,5.0,privada,activa,,,
OCUP-1614,ALMA LIMA,terraza,Paseo Maritimo Ciudad de Melilla,36.71603642670979,-4.412400707725432,,19.0,privada,activa,,,
OCUP-1615,CERVECER?A UNTERT?RKHEIM,terraza,Paseo Maritimo Ciudad de Melilla,36.71603642670979,-4.412400707725432,,30.0,privada,activa,,,
OCUP-1616,VINUMPLAY TOASTSHOP,terraza,Paseo Maritimo Ciudad de Melilla,36.7167415133494,-4.41159051079213,,18.0,privada,activa,,,
OCUP-1617,BAR VENUS,terraza,Paseo Maritimo Ciudad de Melilla,36.716964786803054,-4.411358209835382,,18.0,privada,activa,,,
OCUP-1618,EL GALLO ROJO,terraza,Paseo Maritimo Ciudad de Melilla,36.716964786803054,-4.411358209835382,,21.0,privada,activa,,,
OCUP-1619,La Galga,terraza,Paseo Maritimo Ciudad de Melilla,36.716964786803054,-4.411358209835382,,20.0,privada,activa,,,
OCUP-1620,LA RECACHITA,terraza,Paseo Maritimo Ciudad de Melilla,36.716964786803054,-4.411358209835382,,8.0,privada,activa,,,
OCUP-1621,MARISQUERIA PLAZA BEACH,terraza,Paseo Maritimo Ciudad de Melilla,36.71788291248411,-4.410319049476191,,72.0,privada,activa,,,
OCUP-1622,CAFETERIA BAR FLOR,terraza,Paseo Reding,36.72079643702983,-4.411498234517699,,51.0,privada,activa,,,
OCUP-1623,LA FONTAINE,terraza,Paseo Reding,36.721075588907645,-4.411226330091341,,3.0,privada,activa,,,
OCUP-1624,LA CAMPERIA,terraza,Paseo Sancha,36.72150269270065,-4.404297339574529,,12.0,privada,activa,,,
OCUP-1625,LA TABERNA DEL FRAILE,terraza,Paseo Sancha,36.72158070119385,-4.401905281136329,,16.0,privada,activa,,,
OCUP-1626,CAFETERIA FLORES,terraza,Paseo Tilos los,36.71318423269428,-4.436390617048575,,11.0,privada,activa,,,
OCUP-1627,LOS TILOS,terraza,Paseo Tilos los,36.71325111091135,-4.437164192893206,,25.0,privada,activa,,,
OCUP-1628,BAR TONY,terraza,Paseo Tilos los,36.713231653605746,-4.437292253496886,,24.0,privada,activa,,,
OCUP-1629,TENTACION LATINA,terraza,Paseo Tilos los,36.713231653605746,-4.437292253496886,,17.0,privada,activa,,,
OCUP-1630,TAPERIA LA PLUMA,terraza,Paseo Tilos los,36.712914911338665,-4.438256210850486,,7.0,privada,activa,,,
OCUP-1631,BAR RESTAURANTE WUJI,terraza,Paseo Tilos los,36.712739391387466,-4.438591923039467,,16.0,privada,activa,,,
OCUP-1632,EL RINCON DE GALICIA,terraza,Paseo Tilos los,36.71265783534909,-4.438752846294626,,19.0,privada,activa,,,
OCUP-1633,PERRO VIEJO,terraza,Plazuela San Juan de Dios,36.72206241464585,-4.422893840490422,,19.0,privada,activa,,,
OCUP-1634,CERVECERIA DRAGON,terraza,Pasaje Virgen de Belen,36.693950914254025,-4.45400176058627,,13.0,privada,activa,,,
OCUP-1635,SERRANITOS TEBA- LOS GUINDOS,terraza,Plaza Brigadas Internacionales de las,36.688712539712434,-4.448204186188528,,26.0,privada,activa,,,
OCUP-1636,LA PICADA,terraza,Calle Diego Vazquez Otero,36.71789304320985,-4.439247753888616,,12.0,privada,activa,,,
OCUP-1637,MALAMENTE,terraza,Plaza Moreno Villa,36.70632403513522,-4.435201796773136,,42.0,privada,activa,,,
OCUP-1638,LA CHEESEQUERIA DE TEATINOS,terraza,Calle Francisco Barbin,36.7209697283008,-4.472882324756774,,31.0,privada,activa,,,
OCUP-1639,RESTAURANTE MARTIN,terraza,Calle Mendivil,36.712774597467224,-4.4325788225596545,,42.0,privada,activa,,,
OCUP-1640,DULCERO PASTRY,terraza,Calle Jose Iturbi,36.726453193248126,-4.444147224040817,,12.0,privada,activa,,,
OCUP-1641,SAGRADO SPECIALITY COFFEE,terraza,Calle Muro de Puerta Nueva,36.72090793380004,-4.424678735800443,,3.0,privada,activa,,,
OCUP-1642,CASA MAESTRANZA,terraza,Calle Cervantes,36.719903207736905,-4.4097579316705895,,34.0,privada,activa,,,
OCUP-1643,EL UNICO,terraza,Camino San Rafael,36.70964214298811,-4.4443447711023065,,35.0,privada,activa,,,
OCUP-1644,LALOS,terraza,Calle Andromeda,36.72276981772305,-4.477161754389065,,31.0,privada,activa,,,
OCUP-1645,SERRANOS,terraza,Calle Maestro Tomas Breton,36.661665225054776,-4.502414503681864,,25.0,privada,activa,,,
OCUP-1646,LA FABRICA,terraza,Avenida Gregorio Diego,36.69062702390642,-4.45302288840131,,17.0,privada,activa,,,
